-- phpMyAdmin SQL Dump
-- version 4.0.10deb1
-- http://www.phpmyadmin.net
--
-- Host: localhost
-- Generation Time: Aug 21, 2015 at 10:26 AM
-- Server version: 5.5.44-0ubuntu0.14.04.1
-- PHP Version: 5.5.9-1ubuntu4.11

SET SQL_MODE = "NO_AUTO_VALUE_ON_ZERO";
SET time_zone = "+00:00";
SET foreign_key_checks = 0;

/*!40101 SET @OLD_CHARACTER_SET_CLIENT=@@CHARACTER_SET_CLIENT */;
/*!40101 SET @OLD_CHARACTER_SET_RESULTS=@@CHARACTER_SET_RESULTS */;
/*!40101 SET @OLD_COLLATION_CONNECTION=@@COLLATION_CONNECTION */;
/*!40101 SET NAMES utf8 */;

--
-- Database: `odj`
--

-- --------------------------------------------------------

--
-- Table structure for table `obj_resume_language`
--

CREATE TABLE IF NOT EXISTS `obj_resume_language` (
  `resume_id` int(11) NOT NULL,
  `language_id` int(11) NOT NULL,
  PRIMARY KEY (`resume_id`,`language_id`),
  KEY `IDX_BA9119E0D262AF09` (`resume_id`),
  KEY `IDX_BA9119E082F1BAF4` (`language_id`)
) ENGINE=InnoDB DEFAULT CHARSET=utf8 COLLATE=utf8_unicode_ci;

-- --------------------------------------------------------

--
-- Table structure for table `odj_branch`
--

CREATE TABLE IF NOT EXISTS `odj_branch` (
  `id` int(11) NOT NULL AUTO_INCREMENT,
  PRIMARY KEY (`id`)
) ENGINE=InnoDB  DEFAULT CHARSET=utf8 COLLATE=utf8_unicode_ci AUTO_INCREMENT=29 ;

--
-- Dumping data for table `odj_branch`
--

INSERT INTO `odj_branch` (`id`) VALUES
(1),
(2),
(3),
(4),
(5),
(6),
(7),
(8),
(9),
(10),
(11),
(12),
(13),
(14),
(15),
(16),
(17),
(18),
(19),
(20),
(21),
(22),
(23),
(24),
(25),
(26),
(27),
(28);

-- --------------------------------------------------------

--
-- Table structure for table `odj_branch_translation`
--

CREATE TABLE IF NOT EXISTS `odj_branch_translation` (
  `id` int(11) NOT NULL AUTO_INCREMENT,
  `translatable_id` int(11) DEFAULT NULL,
  `title` varchar(120) COLLATE utf8_unicode_ci NOT NULL,
  `locale` varchar(255) COLLATE utf8_unicode_ci NOT NULL,
  PRIMARY KEY (`id`),
  UNIQUE KEY `odj_branch_translation_unique_translation` (`translatable_id`,`locale`),
  KEY `IDX_7DC84B212C2AC5D3` (`translatable_id`)
) ENGINE=InnoDB  DEFAULT CHARSET=utf8 COLLATE=utf8_unicode_ci AUTO_INCREMENT=29 ;

--
-- Dumping data for table `odj_branch_translation`
--

INSERT INTO `odj_branch_translation` (`id`, `translatable_id`, `title`, `locale`) VALUES
(1, 1, 'Информационные технологии, интернет, телеком', 'ru'),
(2, 2, 'Бухгалтерия, управленческий учет, финансы предприятия', 'ru'),
(3, 3, 'Маркетинг, реклама, PR', 'ru'),
(4, 4, 'Административный персонал', 'ru'),
(5, 5, 'Банки, инвестиции, лизинг', 'ru'),
(6, 6, 'Управление персоналом, тренинги', 'ru'),
(7, 7, 'Автомобильный бизнес', 'ru'),
(8, 8, 'Безопасность', 'ru'),
(9, 9, 'Высший менеджмент', 'ru'),
(10, 10, 'Добыча сырья', 'ru'),
(11, 11, 'Искусство, развлечения, масс-медиа', 'ru'),
(12, 12, 'Консультирование', 'ru'),
(13, 13, 'Медицина, фармацевтика', 'ru'),
(14, 14, 'Наука, образование', 'ru'),
(15, 15, 'Государственная служба, некоммерческие организации', 'ru'),
(16, 16, 'Продажи', 'ru'),
(17, 17, 'Производство', 'ru'),
(18, 18, 'Страхование', 'ru'),
(19, 19, 'Строительство, недвижимость', 'ru'),
(20, 20, 'Транспорт, логистика', 'ru'),
(21, 21, 'Туризм, гостиницы, рестораны', 'ru'),
(22, 22, 'Юристы', 'ru'),
(23, 23, 'Спортивные клубы, фитнес, салоны красоты', 'ru'),
(24, 24, 'Инсталляция и сервис', 'ru'),
(25, 25, 'Закупки', 'ru'),
(26, 26, 'Начало карьеры, студенты', 'ru'),
(27, 27, 'Домашний персонал', 'ru'),
(28, 28, 'Рабочий персонал', 'ru');

-- --------------------------------------------------------

--
-- Table structure for table `odj_city`
--

CREATE TABLE IF NOT EXISTS `odj_city` (
  `id` int(11) NOT NULL AUTO_INCREMENT,
  `country_id` int(11) DEFAULT NULL,
  PRIMARY KEY (`id`),
  KEY `IDX_C23AC86F92F3E70` (`country_id`)
) ENGINE=InnoDB  DEFAULT CHARSET=utf8 COLLATE=utf8_unicode_ci AUTO_INCREMENT=2973 ;

--
-- Dumping data for table `odj_city`
--

INSERT INTO `odj_city` (`id`, `country_id`) VALUES
(1, 1),
(2, 1),
(3, 1),
(4, 1),
(5, 1),
(6, 1),
(7, 1),
(8, 1),
(9, 2),
(10, 2),
(11, 2),
(12, 2),
(13, 2),
(14, 2),
(15, 2),
(16, 2),
(17, 2),
(18, 2),
(31, 4),
(32, 4),
(33, 4),
(34, 4),
(35, 4),
(36, 4),
(37, 5),
(38, 5),
(39, 5),
(40, 5),
(41, 5),
(42, 6),
(43, 6),
(44, 7),
(45, 8),
(46, 8),
(47, 8),
(48, 8),
(49, 8),
(50, 8),
(51, 8),
(52, 8),
(53, 8),
(54, 8),
(55, 9),
(56, 10),
(57, 10),
(58, 10),
(59, 11),
(60, 11),
(61, 11),
(62, 11),
(63, 11),
(64, 11),
(65, 11),
(66, 11),
(67, 12),
(68, 12),
(69, 12),
(70, 12),
(71, 12),
(72, 12),
(73, 12),
(74, 12),
(75, 12),
(76, 12),
(77, 12),
(78, 13),
(79, 14),
(80, 14),
(81, 14),
(82, 14),
(83, 14),
(84, 14),
(85, 14),
(86, 14),
(87, 14),
(88, 14),
(89, 15),
(90, 15),
(91, 16),
(92, 16),
(93, 16),
(94, 16),
(95, 16),
(96, 16),
(97, 16),
(98, 17),
(99, 17),
(100, 18),
(101, 18),
(102, 18),
(115, 20),
(116, 20),
(117, 21),
(118, 21),
(119, 21),
(120, 21),
(121, 21),
(122, 21),
(123, 21),
(124, 21),
(125, 21),
(126, 21),
(127, 22),
(128, 22),
(129, 22),
(130, 22),
(131, 23),
(132, 24),
(133, 24),
(134, 24),
(135, 24),
(136, 24),
(137, 24),
(138, 24),
(139, 24),
(140, 24),
(141, 25),
(142, 25),
(143, 25),
(144, 25),
(145, 25),
(146, 25),
(147, 25),
(148, 25),
(149, 25),
(150, 25),
(151, 26),
(152, 26),
(153, 26),
(154, 26),
(155, 26),
(156, 26),
(157, 26),
(158, 26),
(159, 26),
(160, 26),
(161, 27),
(162, 27),
(163, 27),
(164, 27),
(165, 28),
(166, 28),
(167, 28),
(168, 28),
(169, 28),
(170, 28),
(171, 28),
(172, 28),
(173, 28),
(174, 28),
(175, 28),
(176, 28),
(177, 28),
(178, 28),
(179, 29),
(180, 29),
(181, 29),
(182, 29),
(183, 30),
(184, 30),
(185, 30),
(186, 30),
(187, 30),
(188, 30),
(189, 30),
(190, 30),
(191, 30),
(192, 30),
(193, 31),
(194, 31),
(195, 31),
(196, 31),
(197, 32),
(198, 32),
(199, 32),
(200, 33),
(201, 33),
(202, 34),
(203, 34),
(204, 34),
(205, 34),
(206, 34),
(207, 34),
(208, 34),
(209, 34),
(210, 34),
(211, 34),
(212, 34),
(213, 34),
(214, 35),
(215, 35),
(216, 35),
(217, 35),
(218, 35),
(219, 35),
(220, 35),
(221, 35),
(222, 35),
(223, 35),
(224, 35),
(225, 36),
(226, 36),
(227, 36),
(228, 36),
(229, 36),
(230, 36),
(231, 36),
(232, 36),
(233, 36),
(234, 36),
(235, 37),
(236, 38),
(237, 39),
(238, 39),
(239, 39),
(240, 40),
(241, 40),
(242, 40),
(243, 40),
(244, 40),
(245, 40),
(246, 41),
(247, 41),
(248, 41),
(249, 42),
(250, 42),
(251, 42),
(252, 42),
(253, 42),
(254, 42),
(255, 42),
(256, 42),
(257, 43),
(258, 43),
(259, 43),
(260, 44),
(261, 44),
(262, 44),
(263, 45),
(264, 45),
(265, 45),
(266, 45),
(267, 45),
(268, 45),
(269, 45),
(270, 45),
(271, 45),
(272, 46),
(273, 46),
(274, 47),
(275, 47),
(276, 47),
(277, 48),
(278, 48),
(279, 48),
(280, 48),
(281, 48),
(282, 49),
(283, 49),
(284, 49),
(285, 50),
(286, 50),
(287, 50),
(288, 50),
(289, 50),
(290, 50),
(291, 50),
(292, 50),
(293, 50),
(294, 50),
(295, 50),
(296, 50),
(297, 50),
(298, 51),
(299, 52),
(300, 52),
(301, 52),
(302, 52),
(303, 52),
(304, 52),
(305, 53),
(306, 54),
(307, 54),
(308, 54),
(309, 55),
(310, 56),
(311, 56),
(312, 56),
(313, 56),
(314, 56),
(315, 56),
(316, 56),
(332, 58),
(333, 58),
(334, 59),
(335, 59),
(336, 59),
(337, 59),
(338, 59),
(339, 59),
(340, 59),
(341, 59),
(342, 59),
(343, 60),
(344, 60),
(345, 60),
(346, 61),
(347, 62),
(348, 62),
(349, 63),
(350, 63),
(351, 63),
(352, 63),
(353, 63),
(354, 63),
(355, 63),
(356, 63),
(357, 63),
(358, 63),
(359, 64),
(360, 64),
(361, 64),
(362, 64),
(363, 64),
(364, 64),
(365, 64),
(366, 64),
(367, 64),
(368, 64),
(369, 65),
(370, 65),
(371, 65),
(372, 66),
(373, 66),
(374, 66),
(375, 67),
(376, 67),
(377, 67),
(378, 67),
(379, 67),
(380, 67),
(381, 67),
(382, 67),
(383, 67),
(384, 67),
(385, 68),
(386, 68),
(387, 68),
(388, 68),
(389, 68),
(390, 68),
(391, 68),
(392, 68),
(393, 68),
(394, 68),
(395, 68),
(396, 69),
(397, 69),
(398, 69),
(399, 69),
(400, 69),
(401, 69),
(402, 69),
(403, 69),
(404, 69),
(405, 70),
(406, 70),
(407, 70),
(408, 70),
(409, 70),
(410, 71),
(411, 71),
(412, 71),
(413, 71),
(414, 71),
(415, 71),
(416, 71),
(417, 71),
(418, 71),
(419, 71),
(420, 72),
(421, 72),
(422, 72),
(423, 72),
(424, 72),
(425, 72),
(426, 72),
(427, 72),
(428, 72),
(429, 72),
(430, 72),
(431, 72),
(432, 72),
(433, 72),
(434, 72),
(435, 72),
(436, 72),
(437, 72),
(438, 72),
(439, 72),
(440, 72),
(441, 72),
(442, 72),
(443, 72),
(444, 72),
(445, 73),
(446, 73),
(447, 73),
(448, 73),
(449, 74),
(450, 74),
(451, 74),
(452, 75),
(453, 75),
(454, 75),
(455, 75),
(456, 75),
(457, 75),
(458, 75),
(459, 75),
(460, 75),
(461, 75),
(462, 75),
(463, 75),
(464, 76),
(465, 76),
(466, 76),
(467, 76),
(468, 76),
(469, 76),
(470, 76),
(471, 76),
(472, 76),
(473, 76),
(474, 76),
(475, 77),
(476, 77),
(477, 77),
(478, 77),
(479, 77),
(480, 77),
(481, 77),
(482, 78),
(483, 78),
(484, 78),
(500, 80),
(501, 80),
(502, 80),
(503, 80),
(504, 81),
(505, 81),
(506, 81),
(507, 81),
(508, 81),
(509, 81),
(510, 81),
(511, 81),
(512, 81),
(513, 82),
(514, 82),
(515, 82),
(516, 82),
(517, 82),
(518, 82),
(519, 82),
(520, 82),
(521, 82),
(522, 83),
(523, 83),
(524, 83),
(525, 83),
(526, 84),
(527, 84),
(528, 84),
(529, 84),
(530, 84),
(531, 85),
(532, 85),
(533, 85),
(534, 85),
(535, 85),
(536, 85),
(537, 86),
(538, 87),
(539, 87),
(540, 87),
(541, 87),
(542, 87),
(543, 87),
(544, 87),
(545, 87),
(546, 87),
(547, 87),
(548, 87),
(549, 88),
(550, 88),
(551, 88),
(552, 88),
(553, 88),
(554, 88),
(555, 88),
(556, 88),
(557, 89),
(558, 89),
(559, 90),
(560, 90),
(561, 90),
(562, 91),
(563, 91),
(564, 91),
(565, 91),
(566, 91),
(567, 91),
(568, 91),
(569, 91),
(570, 91),
(571, 91),
(572, 92),
(573, 92),
(574, 92),
(575, 92),
(576, 93),
(577, 93),
(578, 93),
(579, 93),
(580, 93),
(581, 93),
(582, 93),
(583, 94),
(584, 94),
(585, 94),
(586, 94),
(587, 94),
(588, 94),
(589, 94),
(590, 94),
(591, 94),
(592, 94),
(593, 94),
(594, 94),
(595, 95),
(596, 95),
(607, 97),
(608, 98),
(609, 98),
(610, 98),
(611, 98),
(612, 98),
(613, 98),
(614, 99),
(615, 99),
(616, 99),
(617, 99),
(618, 99),
(619, 99),
(620, 99),
(621, 99),
(622, 99),
(623, 99),
(624, 100),
(625, 100),
(626, 100),
(627, 101),
(628, 101),
(629, 101),
(630, 102),
(631, 102),
(632, 102),
(633, 103),
(634, 103),
(635, 103),
(636, 103),
(637, 104),
(638, 104),
(639, 104),
(640, 104),
(641, 104),
(642, 104),
(643, 104),
(644, 104),
(645, 104),
(646, 104),
(647, 105),
(648, 106),
(649, 106),
(650, 106),
(651, 107),
(652, 107),
(653, 107),
(654, 108),
(655, 108),
(656, 108),
(657, 108),
(658, 109),
(659, 109),
(660, 109),
(661, 109),
(662, 109),
(663, 109),
(664, 110),
(665, 111),
(666, 111),
(667, 111),
(668, 111),
(669, 111),
(670, 111),
(671, 111),
(672, 111),
(673, 112),
(674, 112),
(675, 112),
(676, 113),
(677, 113),
(678, 113),
(679, 113),
(680, 113),
(681, 113),
(682, 113),
(683, 113),
(684, 113),
(685, 113),
(686, 114),
(687, 114),
(688, 114),
(689, 114),
(690, 114),
(691, 114),
(692, 114),
(693, 114),
(694, 115),
(695, 116),
(696, 117),
(697, 117),
(698, 117),
(699, 117),
(700, 117),
(701, 117),
(702, 117),
(703, 117),
(704, 117),
(705, 117),
(706, 118),
(707, 119),
(708, 120),
(709, 120),
(710, 120),
(711, 120),
(712, 120),
(713, 120),
(714, 120),
(715, 120),
(716, 120),
(717, 120),
(718, 121),
(719, 121),
(720, 121),
(721, 121),
(722, 122),
(723, 122),
(724, 122),
(725, 122),
(726, 122),
(727, 122),
(728, 122),
(729, 122),
(730, 122),
(731, 122),
(732, 123),
(733, 123),
(734, 123),
(735, 123),
(736, 123),
(737, 123),
(738, 123),
(739, 123),
(740, 123),
(741, 124),
(742, 125),
(743, 125),
(744, 125),
(745, 125),
(746, 126),
(747, 127),
(748, 127),
(749, 127),
(750, 127),
(751, 127),
(752, 127),
(753, 127),
(754, 127),
(755, 127),
(756, 127),
(757, 127),
(758, 128),
(759, 128),
(760, 129),
(761, 130),
(762, 130),
(763, 130),
(764, 130),
(765, 131),
(766, 131),
(767, 131),
(768, 132),
(769, 132),
(770, 132),
(771, 132),
(772, 132),
(773, 132),
(774, 132),
(775, 132),
(776, 132),
(777, 132),
(778, 132),
(779, 132),
(780, 133),
(781, 133),
(782, 133),
(783, 133),
(784, 133),
(785, 133),
(786, 133),
(787, 133),
(788, 133),
(789, 134),
(790, 134),
(791, 134),
(792, 135),
(793, 136),
(794, 136),
(795, 136),
(796, 136),
(797, 136),
(798, 136),
(799, 137),
(800, 138),
(801, 138),
(802, 138),
(803, 138),
(804, 138),
(805, 138),
(806, 138),
(807, 138),
(808, 139),
(809, 139),
(810, 139),
(811, 139),
(812, 139),
(813, 139),
(814, 139),
(815, 139),
(816, 140),
(817, 140),
(818, 140),
(819, 141),
(820, 142),
(821, 143),
(822, 144),
(823, 145),
(824, 146),
(825, 146),
(826, 146),
(827, 146),
(828, 146),
(829, 146),
(830, 146),
(831, 146),
(832, 146),
(833, 147),
(834, 148),
(835, 148),
(836, 148),
(837, 149),
(838, 149),
(839, 149),
(840, 150),
(841, 150),
(842, 150),
(843, 150),
(844, 150),
(845, 150),
(846, 150),
(847, 150),
(848, 151),
(849, 151),
(850, 151),
(851, 152),
(852, 152),
(853, 152),
(854, 152),
(855, 152),
(856, 152),
(857, 152),
(858, 152),
(859, 153),
(860, 154),
(861, 154),
(862, 154),
(863, 154),
(864, 154),
(865, 154),
(866, 154),
(867, 154),
(868, 154),
(869, 154),
(870, 154),
(871, 154),
(872, 155),
(873, 155),
(874, 155),
(875, 155),
(876, 155),
(877, 155),
(878, 156),
(879, 156),
(880, 157),
(899, 159),
(900, 159),
(901, 159),
(902, 160),
(903, 160),
(904, 160),
(905, 160),
(906, 160),
(907, 160),
(908, 160),
(909, 160),
(910, 160),
(911, 160),
(912, 160),
(913, 161),
(914, 161),
(915, 161),
(916, 161),
(917, 161),
(918, 161),
(919, 161),
(920, 161),
(921, 162),
(922, 162),
(923, 163),
(924, 164),
(925, 165),
(926, 165),
(927, 165),
(928, 166),
(929, 166),
(930, 166),
(931, 166),
(932, 166),
(933, 166),
(934, 166),
(935, 167),
(936, 168),
(937, 168),
(938, 168),
(939, 168),
(940, 168),
(941, 168),
(942, 168),
(943, 168),
(944, 168),
(945, 168),
(946, 169),
(947, 170),
(948, 171),
(949, 171),
(950, 171),
(951, 171),
(952, 171),
(953, 171),
(954, 171),
(955, 171),
(956, 171),
(957, 171),
(958, 172),
(959, 173),
(960, 174),
(961, 174),
(962, 175),
(963, 176),
(964, 176),
(965, 176),
(966, 176),
(967, 176),
(968, 176),
(969, 176),
(970, 176),
(971, 176),
(972, 176),
(973, 177),
(974, 178),
(975, 178),
(976, 178),
(977, 178),
(978, 178),
(979, 178),
(980, 179),
(981, 179),
(982, 179),
(983, 179),
(984, 179),
(985, 179),
(986, 179),
(987, 179),
(988, 179),
(989, 180),
(990, 180),
(991, 180),
(992, 180),
(993, 180),
(994, 180),
(995, 180),
(996, 180),
(997, 180),
(998, 180),
(999, 181),
(1000, 181),
(1001, 181),
(1002, 182),
(1003, 183),
(1004, 183),
(1005, 183),
(1006, 183),
(1007, 184),
(1008, 184),
(1009, 184),
(1010, 185),
(1011, 185),
(1012, 185),
(1013, 185),
(1014, 185),
(1015, 186),
(1016, 186),
(1017, 186),
(1018, 186),
(1019, 186),
(1020, 186),
(1021, 186),
(1022, 186),
(1023, 186),
(1024, 186),
(1025, 186),
(1026, 187),
(1027, 187),
(1028, 187),
(1029, 187),
(1030, 187),
(1031, 187),
(1032, 187),
(1033, 187),
(1034, 187),
(1035, 187),
(1036, 187),
(1037, 188),
(1038, 188),
(1039, 188),
(1040, 188),
(1041, 188),
(1042, 188),
(1043, 189),
(1044, 189),
(1045, 189),
(1046, 189),
(1047, 189),
(1048, 190),
(1049, 190),
(1050, 190),
(1051, 191),
(1052, 192),
(1053, 193),
(1054, 193),
(1055, 193),
(1056, 193),
(1057, 194),
(1058, 195),
(1059, 195),
(1060, 195),
(1061, 195),
(1062, 195),
(1063, 195),
(1064, 195),
(1065, 196),
(1066, 196),
(1067, 196),
(1068, 196),
(1069, 196),
(1070, 196),
(1071, 196),
(1072, 196),
(1073, 196),
(1074, 196),
(1075, 197),
(1076, 197),
(1077, 197),
(1078, 197),
(1079, 197),
(1080, 197),
(1081, 197),
(1082, 197),
(1083, 197),
(1084, 198),
(1085, 198),
(1086, 198),
(1108, 201),
(1109, 202),
(1110, 202),
(1111, 202),
(1112, 203),
(1113, 204),
(1114, 204),
(1115, 205),
(1116, 205),
(1117, 205),
(1118, 205),
(1119, 205),
(1120, 205),
(1121, 205),
(1122, 205),
(1123, 205),
(1124, 205),
(1125, 205),
(1126, 206),
(1127, 206),
(1128, 206),
(1129, 206),
(1130, 206),
(1131, 206),
(1132, 206),
(1133, 206),
(1134, 206),
(1135, 206),
(1136, 206),
(1137, 206),
(1138, 206),
(1139, 206),
(1140, 206),
(1141, 207),
(1142, 208),
(1143, 208),
(1144, 208),
(1145, 208),
(1146, 208),
(1147, 208),
(1148, 208),
(1149, 208),
(1150, 208),
(1151, 208),
(1152, 209),
(1153, 209),
(1154, 209),
(1155, 210),
(1156, 211),
(1157, 211),
(1158, 211),
(1159, 211),
(1160, 211),
(1161, 211),
(1162, 211),
(1163, 211),
(1164, 211),
(1165, 211),
(1166, 211),
(1167, 211),
(1168, 212),
(1169, 212),
(1170, 212),
(1171, 213),
(1172, 213),
(1173, 213),
(1174, 213),
(1175, 213),
(1176, 213),
(1177, 213),
(1178, 213),
(1179, 213),
(1180, 213),
(1181, 214),
(1182, 214),
(1183, 214),
(1184, 214),
(1185, 214),
(1186, 214),
(1187, 215),
(1188, 215),
(1189, 215),
(1190, 215),
(1191, 215),
(1192, 215),
(1193, 215),
(1194, 215),
(1195, 215),
(1196, 215),
(1197, 215),
(1198, 215),
(1199, 215),
(1200, 216),
(1201, 216),
(1202, 216),
(1203, 216),
(1204, 216),
(1205, 217),
(1206, 217),
(1207, 217),
(1208, 217),
(1209, 217),
(1210, 217),
(1211, 217),
(1212, 217),
(1213, 217),
(1214, 217),
(1215, 217),
(1216, 218),
(1217, 218),
(1218, 218),
(1219, 218),
(1220, 218),
(1221, 218),
(1222, 218),
(1223, 218),
(1224, 218),
(1225, 218),
(1226, 219),
(1227, 219),
(1228, 220),
(1229, 220),
(1230, 220),
(1231, 220),
(1232, 220),
(1233, 220),
(1234, 220),
(1235, 220),
(1236, 220),
(1237, 221),
(1238, 221),
(1239, 221),
(1240, 221),
(1241, 221),
(1242, 221),
(1243, 222),
(1244, 222),
(1245, 223),
(1246, 223),
(1247, 223),
(1248, 224),
(1249, 224),
(1250, 224),
(1251, 224),
(1252, 224),
(1253, 224),
(1254, 224),
(1255, 224),
(1256, 224),
(1257, 225),
(1258, 225),
(1259, 225),
(1260, 225),
(1261, 225),
(1262, 225),
(1263, 225),
(1264, 225),
(1265, 225),
(1266, 225),
(1267, 226),
(1268, 226),
(1269, 226),
(1270, 226),
(1271, 226),
(1272, 226),
(1273, 226),
(1274, 226),
(1275, 227),
(1276, 227),
(1277, 227),
(1278, 227),
(1279, 227),
(1280, 227),
(1281, 227),
(1282, 227),
(1283, 228),
(1284, 228),
(1285, 228),
(1286, 228),
(1287, 229),
(1288, 229),
(1289, 229),
(1290, 229),
(1291, 229),
(1292, 229),
(1293, 229),
(1294, 229),
(1295, 229),
(1296, 229),
(1297, 229),
(1298, 230),
(1299, 230),
(1300, 230),
(1301, 230),
(1302, 230),
(1303, 230),
(1304, 230),
(1305, 230),
(1306, 230),
(1307, 230),
(1308, 230),
(1309, 230),
(1310, 230),
(1311, 230),
(1312, 230),
(1313, 230),
(1314, 230),
(1315, 230),
(1316, 230),
(1317, 230),
(1318, 230),
(1319, 230),
(1320, 230),
(1321, 230),
(1322, 230),
(1323, 230),
(1324, 230),
(1325, 230),
(1326, 230),
(1327, 230),
(1328, 230),
(1329, 230),
(1330, 230),
(1331, 230),
(1332, 230),
(1333, 230),
(1334, 230),
(1335, 230),
(1336, 230),
(1337, 230),
(1338, 230),
(1339, 230),
(1340, 230),
(1341, 230),
(1342, 230),
(1343, 230),
(1344, 230),
(1345, 230),
(1346, 230),
(1347, 230),
(1348, 230),
(1349, 230),
(1350, 230),
(1351, 230),
(1352, 230),
(1353, 230),
(1354, 230),
(1355, 230),
(1356, 230),
(1357, 230),
(1358, 230),
(1359, 230),
(1360, 230),
(1361, 230),
(1362, 230),
(1363, 230),
(1364, 230),
(1365, 230),
(1366, 230),
(1367, 230),
(1368, 230),
(1369, 230),
(1370, 230),
(1371, 230),
(1372, 230),
(1373, 230),
(1374, 230),
(1375, 230),
(1376, 230),
(1377, 230),
(1378, 230),
(1379, 230),
(1380, 230),
(1381, 230),
(1382, 230),
(1383, 230),
(1384, 230),
(1385, 230),
(1386, 230),
(1387, 230),
(1388, 230),
(1389, 230),
(1390, 230),
(1391, 230),
(1392, 230),
(1393, 230),
(1394, 230),
(1395, 230),
(1396, 230),
(1397, 230),
(1398, 230),
(1399, 230),
(1400, 230),
(1401, 230),
(1402, 230),
(1403, 230),
(1404, 230),
(1405, 230),
(1406, 230),
(1407, 230),
(1408, 230),
(1409, 230),
(1410, 230),
(1411, 230),
(1412, 230),
(1413, 230),
(1414, 230),
(1415, 230),
(1416, 230),
(1417, 230),
(1418, 230),
(1419, 230),
(1420, 230),
(1421, 230),
(1422, 230),
(1423, 230),
(1424, 230),
(1425, 230),
(1426, 230),
(1427, 230),
(1428, 230),
(1429, 230),
(1430, 230),
(1431, 230),
(1432, 230),
(1433, 230),
(1434, 230),
(1435, 230),
(1436, 230),
(1437, 230),
(1438, 230),
(1439, 230),
(1440, 230),
(1441, 230),
(1442, 230),
(1443, 230),
(1444, 230),
(1445, 230),
(1446, 230),
(1447, 230),
(1448, 230),
(1449, 230),
(1450, 230),
(1451, 230),
(1452, 230),
(1453, 230),
(1454, 230),
(1455, 230),
(1456, 230),
(1457, 230),
(1458, 230),
(1459, 230),
(1460, 230),
(1461, 230),
(1462, 230),
(1463, 230),
(1464, 230),
(1465, 230),
(1466, 230),
(1467, 230),
(1468, 230),
(1469, 230),
(1470, 230),
(1471, 230),
(1472, 230),
(1473, 230),
(1474, 230),
(1475, 230),
(1476, 230),
(1477, 230),
(1478, 230),
(1479, 230),
(1480, 230),
(1481, 230),
(1482, 230),
(1483, 230),
(1484, 230),
(1485, 230),
(1486, 230),
(1487, 230),
(1488, 230),
(1489, 230),
(1490, 230),
(1491, 230),
(1492, 230),
(1493, 230),
(1494, 230),
(1495, 230),
(1496, 230),
(1497, 230),
(1498, 230),
(1499, 230),
(1500, 230),
(1501, 230),
(1502, 230),
(1503, 230),
(1504, 230),
(1505, 230),
(1506, 230),
(1507, 230),
(1508, 230),
(1509, 230),
(1510, 230),
(1511, 230),
(1512, 230),
(1513, 230),
(1514, 230),
(1515, 230),
(1516, 230),
(1517, 230),
(1518, 230),
(1519, 230),
(1520, 230),
(1521, 230),
(1522, 230),
(1523, 230),
(1524, 230),
(1525, 230),
(1526, 230),
(1527, 230),
(1528, 230),
(1529, 230),
(1530, 230),
(1531, 230),
(1532, 230),
(1533, 230),
(1534, 230),
(1535, 230),
(1536, 230),
(1537, 230),
(1538, 230),
(1539, 230),
(1540, 230),
(1541, 230),
(1542, 230),
(1543, 230),
(1544, 230),
(1545, 230),
(1546, 230),
(1547, 230),
(1548, 230),
(1549, 230),
(1550, 230),
(1551, 230),
(1552, 230),
(1553, 230),
(1554, 230),
(1555, 230),
(1556, 230),
(1557, 230),
(1558, 230),
(1559, 230),
(1560, 230),
(1561, 230),
(1562, 230),
(1563, 230),
(1564, 230),
(1565, 230),
(1566, 230),
(1567, 230),
(1568, 230),
(1569, 230),
(1570, 230),
(1571, 230),
(1572, 230),
(1573, 230),
(1574, 230),
(1575, 230),
(1576, 230),
(1577, 230),
(1578, 230),
(1579, 230),
(1580, 230),
(1581, 230),
(1582, 230),
(1583, 230),
(1584, 230),
(1585, 230),
(1586, 230),
(1587, 230),
(1588, 230),
(1589, 230),
(1590, 230),
(1591, 230),
(1592, 230),
(1593, 230),
(1594, 230),
(1595, 230),
(1596, 230),
(1597, 230),
(1598, 230),
(1599, 230),
(1600, 230),
(1601, 230),
(1602, 230),
(1603, 230),
(1604, 230),
(1605, 230),
(1606, 230),
(1607, 230),
(1608, 230),
(1609, 230),
(1610, 230),
(1611, 230),
(1612, 230),
(1613, 230),
(1614, 230),
(1615, 230),
(1616, 230),
(1617, 230),
(1618, 230),
(1619, 230),
(1620, 230),
(1621, 230),
(1622, 230),
(1623, 230),
(1624, 230),
(1625, 230),
(1626, 230),
(1627, 230),
(1628, 230),
(1629, 230),
(1630, 230),
(1631, 230),
(1632, 230),
(1633, 230),
(1634, 230),
(1635, 230),
(1636, 230),
(1637, 230),
(1638, 230),
(1639, 230),
(1640, 230),
(1641, 230),
(1642, 230),
(1643, 230),
(1644, 230),
(1645, 230),
(1646, 230),
(1647, 230),
(1648, 230),
(1649, 230),
(1650, 230),
(1651, 230),
(1652, 230),
(1653, 230),
(1654, 230),
(1655, 230),
(1656, 230),
(1657, 230),
(1658, 230),
(1659, 230),
(1660, 230),
(1661, 230),
(1662, 230),
(1663, 230),
(1664, 230),
(1665, 230),
(1666, 230),
(1667, 230),
(1668, 230),
(1669, 230),
(1670, 230),
(1671, 230),
(1672, 230),
(1673, 230),
(1674, 230),
(1675, 230),
(1676, 230),
(1677, 230),
(1678, 230),
(1679, 230),
(1680, 230),
(1681, 230),
(1682, 230),
(1683, 230),
(1684, 230),
(1685, 230),
(1686, 230),
(1687, 230),
(1688, 230),
(1689, 230),
(1690, 230),
(1691, 230),
(1692, 230),
(1693, 230),
(1694, 230),
(1695, 230),
(1696, 230),
(1697, 230),
(1698, 230),
(1699, 230),
(1700, 230),
(1701, 230),
(1702, 230),
(1703, 230),
(1704, 230),
(1705, 230),
(1706, 230),
(1707, 230),
(1708, 230),
(1709, 230),
(1710, 230),
(1711, 230),
(1712, 230),
(1713, 230),
(1714, 230),
(1715, 230),
(1716, 230),
(1717, 230),
(1718, 230),
(1719, 230),
(1720, 230),
(1721, 230),
(1722, 230),
(1723, 230),
(1724, 230),
(1725, 230),
(1726, 230),
(1727, 230),
(1728, 230),
(1729, 230),
(1730, 230),
(1731, 230),
(1732, 230),
(1733, 230),
(1734, 230),
(1735, 230),
(1736, 230),
(1737, 230),
(1738, 230),
(1739, 230),
(1740, 230),
(1741, 230),
(1742, 230),
(1743, 230),
(1744, 230),
(1745, 230),
(1746, 230),
(1747, 230),
(1748, 230),
(1749, 230),
(1750, 230),
(1751, 230),
(1752, 230),
(1753, 230),
(1754, 230),
(1755, 230),
(1756, 230),
(1757, 230),
(1758, 230),
(1759, 230),
(1760, 230),
(1761, 230),
(1762, 230),
(1763, 230),
(1764, 230),
(1765, 230),
(1766, 230),
(1767, 230),
(1768, 230),
(1769, 230),
(1770, 230),
(1771, 230),
(1772, 230),
(1773, 230),
(1774, 230),
(1775, 230),
(1776, 230),
(1777, 230),
(1778, 230),
(1779, 230),
(1780, 230),
(1781, 230),
(1782, 230),
(1783, 230),
(1784, 230),
(1785, 230),
(1786, 230),
(1787, 230),
(1788, 230),
(1789, 230),
(1790, 230),
(1791, 230),
(1792, 230),
(1793, 230),
(1794, 230),
(1795, 230),
(1796, 230),
(1797, 230),
(1798, 230),
(1799, 230),
(1800, 230),
(1801, 230),
(1802, 230),
(1803, 230),
(1804, 230),
(1805, 230),
(1806, 230),
(1807, 230),
(1808, 230),
(1809, 230),
(1810, 230),
(1811, 230),
(1812, 230),
(1813, 230),
(1814, 230),
(1815, 230),
(1816, 230),
(1817, 230),
(1818, 230),
(1819, 230),
(1820, 230),
(1821, 230),
(1822, 230),
(1823, 230),
(1824, 230),
(1825, 230),
(1826, 230),
(1827, 230),
(1828, 230),
(1829, 230),
(1830, 230),
(1831, 230),
(1832, 230),
(1833, 230),
(1834, 230),
(1835, 230),
(1836, 230),
(1837, 230),
(1838, 230),
(1839, 230),
(1840, 230),
(1841, 230),
(1842, 230),
(1843, 230),
(1844, 230),
(1845, 230),
(1846, 230),
(1847, 230),
(1848, 230),
(1849, 230),
(1850, 230),
(1851, 230),
(1852, 230),
(1853, 230),
(1854, 230),
(1855, 230),
(1856, 230),
(1857, 230),
(1858, 230),
(1859, 230),
(1860, 230),
(1861, 230),
(1862, 230),
(1863, 230),
(1864, 230),
(1865, 230),
(1866, 230),
(1867, 230),
(1868, 230),
(1869, 230),
(1870, 230),
(1871, 230),
(1872, 230),
(1873, 230),
(1874, 230),
(1875, 230),
(1876, 230),
(1877, 230),
(1878, 230),
(1879, 230),
(1880, 230),
(1881, 230),
(1882, 230),
(1883, 230),
(1884, 230),
(1885, 230),
(1886, 230),
(1887, 230),
(1888, 230),
(1889, 230),
(1890, 230),
(1891, 230),
(1892, 230),
(1893, 230),
(1894, 230),
(1895, 230),
(1896, 230),
(1897, 230),
(1898, 230),
(1899, 230),
(1900, 230),
(1901, 230),
(1902, 230),
(1903, 230),
(1904, 230),
(1905, 230),
(1906, 230),
(1907, 230),
(1908, 230),
(1909, 230),
(1910, 230),
(1911, 230),
(1912, 230),
(1913, 230),
(1914, 230),
(1915, 230),
(1916, 230),
(1917, 230),
(1918, 230),
(1919, 230),
(1920, 230),
(1921, 230),
(1922, 230),
(1923, 230),
(1924, 230),
(1925, 230),
(1926, 230),
(1927, 230),
(1928, 230),
(1929, 230),
(1930, 230),
(1931, 230),
(1932, 230),
(1933, 230),
(1934, 230),
(1935, 230),
(1936, 230),
(1937, 230),
(1938, 230),
(1939, 230),
(1940, 230),
(1941, 230),
(1942, 230),
(1943, 230),
(1944, 230),
(1945, 230),
(1946, 230),
(1947, 230),
(1948, 230),
(1949, 230),
(1950, 230),
(1951, 230),
(1952, 230),
(1953, 230),
(1954, 230),
(1955, 230),
(1956, 230),
(1957, 230),
(1958, 230),
(1959, 230),
(1960, 230),
(1961, 230),
(1962, 230),
(1963, 230),
(1964, 230),
(1965, 230),
(1966, 230),
(1967, 230),
(1968, 230),
(1969, 230),
(1970, 230),
(1971, 230),
(1972, 230),
(1973, 230),
(1974, 230),
(1975, 230),
(1976, 230),
(1977, 230),
(1978, 230),
(1979, 230),
(1980, 230),
(1981, 230),
(1982, 230),
(1983, 230),
(1984, 230),
(1985, 230),
(1986, 230),
(1987, 230),
(1988, 230),
(1989, 230),
(1990, 230),
(1991, 230),
(1992, 230),
(1993, 230),
(1994, 230),
(1995, 230),
(1996, 230),
(1997, 230),
(1998, 230),
(1999, 230),
(2000, 230),
(2001, 230),
(2002, 230),
(2003, 230),
(2004, 230),
(2005, 230),
(2006, 230),
(2007, 230),
(2008, 230),
(2009, 230),
(2010, 230),
(2011, 230),
(2012, 230),
(2013, 230),
(2014, 230),
(2015, 230),
(2016, 230),
(2017, 230),
(2018, 230),
(2019, 230),
(2020, 230),
(2021, 230),
(2022, 230),
(2023, 230),
(2024, 230),
(2025, 230),
(2026, 230),
(2027, 230),
(2028, 230),
(2029, 230),
(2030, 230),
(2031, 230),
(2032, 230),
(2033, 230),
(2034, 230),
(2035, 230),
(2036, 230),
(2037, 230),
(2038, 230),
(2039, 230),
(2040, 230),
(2041, 230),
(2042, 230),
(2043, 230),
(2044, 230),
(2045, 230),
(2046, 230),
(2047, 230),
(2048, 230),
(2049, 230),
(2050, 230),
(2051, 230),
(2052, 230),
(2053, 230),
(2054, 230),
(2055, 230),
(2056, 230),
(2057, 230),
(2058, 230),
(2059, 230),
(2060, 230),
(2061, 230),
(2062, 230),
(2063, 230),
(2064, 230),
(2065, 230),
(2066, 230),
(2067, 230),
(2068, 230),
(2069, 230),
(2070, 230),
(2071, 230),
(2072, 230),
(2073, 230),
(2074, 230),
(2075, 230),
(2076, 230),
(2077, 230),
(2078, 230),
(2079, 230),
(2080, 230),
(2081, 230),
(2082, 230),
(2083, 230),
(2084, 230),
(2085, 230),
(2086, 230),
(2087, 230),
(2088, 230),
(2089, 230),
(2090, 230),
(2091, 230),
(2092, 230),
(2093, 230),
(2094, 230),
(2095, 230),
(2096, 230),
(2097, 230),
(2098, 230),
(2099, 230),
(2100, 230),
(2101, 230),
(2102, 230),
(2103, 230),
(2104, 230),
(2105, 230),
(2106, 230),
(2107, 230),
(2108, 230),
(2109, 230),
(2110, 230),
(2111, 230),
(2112, 230),
(2113, 230),
(2114, 230),
(2115, 230),
(2116, 230),
(2117, 230),
(2118, 230),
(2119, 230),
(2120, 230),
(2121, 230),
(2122, 230),
(2123, 230),
(2124, 230),
(2125, 230),
(2126, 230),
(2127, 230),
(2128, 230),
(2129, 230),
(2130, 230),
(2131, 230),
(2132, 230),
(2133, 230),
(2134, 230),
(2135, 230),
(2136, 230),
(2137, 230),
(2138, 230),
(2139, 230),
(2140, 230),
(2141, 230),
(2142, 230),
(2143, 230),
(2144, 230),
(2145, 230),
(2146, 230),
(2147, 230),
(2148, 230),
(2149, 230),
(2150, 230),
(2151, 230),
(2152, 230),
(2153, 230),
(2154, 230),
(2155, 230),
(2156, 230),
(2157, 230),
(2158, 230),
(2159, 230),
(2160, 230),
(2161, 230),
(2162, 230),
(2163, 230),
(2164, 230),
(2165, 230),
(2166, 230),
(2167, 230),
(2168, 230),
(2169, 230),
(2170, 230),
(2171, 230),
(2172, 230),
(2173, 230),
(2174, 230),
(2175, 230),
(2176, 230),
(2177, 230),
(2178, 230),
(2179, 230),
(2180, 230),
(2181, 230),
(2182, 230),
(2183, 230),
(2184, 230),
(2185, 230),
(2186, 230),
(2187, 230),
(2188, 230),
(2189, 230),
(2190, 230),
(2191, 230),
(2192, 230),
(2193, 230),
(2194, 230),
(2195, 230),
(2196, 230),
(2197, 230),
(2198, 230),
(2199, 230),
(2200, 230),
(2201, 230),
(2202, 230),
(2203, 230),
(2204, 230),
(2205, 230),
(2206, 230),
(2207, 230),
(2208, 230),
(2209, 230),
(2210, 230),
(2211, 230),
(2212, 230),
(2213, 230),
(2214, 230),
(2215, 230),
(2216, 230),
(2217, 230),
(2218, 230),
(2219, 230),
(2220, 230),
(2221, 230),
(2222, 230),
(2223, 230),
(2224, 230),
(2225, 230),
(2226, 230),
(2227, 230),
(2228, 230),
(2229, 230),
(2230, 230),
(2231, 230),
(2232, 230),
(2233, 230),
(2234, 230),
(2235, 230),
(2236, 230),
(2237, 230),
(2238, 230),
(2239, 230),
(2240, 230),
(2241, 230),
(2242, 230),
(2243, 230),
(2244, 230),
(2245, 230),
(2246, 230),
(2247, 230),
(2248, 230),
(2249, 230),
(2250, 230),
(2251, 230),
(2252, 230),
(2253, 230),
(2254, 230),
(2255, 230),
(2256, 230),
(2257, 230),
(2258, 230),
(2259, 230),
(2260, 230),
(2261, 230),
(2262, 230),
(2263, 230),
(2264, 230),
(2265, 230),
(2266, 230),
(2267, 230),
(2268, 230),
(2269, 230),
(2270, 230),
(2271, 230),
(2272, 230),
(2273, 230),
(2274, 230),
(2275, 230),
(2276, 230),
(2277, 230),
(2278, 230),
(2279, 230),
(2280, 230),
(2281, 230),
(2282, 230),
(2283, 230),
(2284, 230),
(2285, 230),
(2286, 230),
(2287, 230),
(2288, 230),
(2289, 230),
(2290, 230),
(2291, 230),
(2292, 230),
(2293, 230),
(2294, 230),
(2295, 230),
(2296, 230),
(2297, 230),
(2298, 230),
(2299, 230),
(2300, 230),
(2301, 230),
(2302, 230),
(2303, 230),
(2304, 230),
(2305, 230),
(2306, 230),
(2307, 230),
(2308, 230),
(2309, 230),
(2310, 230),
(2311, 230),
(2312, 230),
(2313, 230),
(2314, 230),
(2315, 230),
(2316, 230),
(2317, 230),
(2318, 230),
(2319, 230),
(2320, 230),
(2321, 230),
(2322, 230),
(2323, 230),
(2324, 230),
(2325, 230),
(2326, 230),
(2327, 230),
(2328, 230),
(2329, 230),
(2330, 230),
(2331, 230),
(2332, 230),
(2333, 230),
(2334, 230),
(2335, 230),
(2336, 230),
(2337, 230),
(2338, 230),
(2339, 230),
(2340, 230),
(2341, 230),
(2342, 230),
(2343, 230),
(2344, 230),
(2345, 230),
(2346, 230),
(2347, 230),
(2348, 230),
(2349, 230),
(2350, 230),
(2351, 230),
(2352, 230),
(2353, 230),
(2354, 230),
(2355, 230),
(2356, 230),
(2357, 230),
(2358, 230),
(2359, 230),
(2360, 230),
(2361, 230),
(2362, 230),
(2363, 230),
(2364, 230),
(2365, 230),
(2366, 230),
(2367, 230),
(2368, 230),
(2369, 230),
(2370, 230),
(2371, 230),
(2372, 230),
(2373, 230),
(2374, 230),
(2375, 230),
(2376, 230),
(2377, 230),
(2378, 230),
(2379, 230),
(2380, 230),
(2381, 230),
(2382, 230),
(2383, 230),
(2384, 230),
(2385, 230),
(2386, 230),
(2387, 230),
(2388, 230),
(2389, 230),
(2390, 230),
(2391, 230),
(2392, 230),
(2393, 230),
(2394, 230),
(2395, 230),
(2396, 230),
(2397, 230),
(2398, 230),
(2399, 230),
(2400, 230),
(2401, 230),
(2402, 230),
(2403, 230),
(2404, 230),
(2405, 230),
(2406, 230),
(2407, 230),
(2408, 230),
(2409, 230),
(2410, 230),
(2411, 230),
(2412, 230),
(2413, 230),
(2414, 230),
(2415, 230),
(2416, 230),
(2417, 230),
(2418, 230),
(2419, 230),
(2420, 230),
(2421, 230),
(2422, 230),
(2423, 230),
(2424, 230),
(2425, 230),
(2426, 230),
(2427, 230),
(2428, 230),
(2429, 230),
(2430, 230),
(2431, 230),
(2432, 230),
(2433, 230),
(2434, 230),
(2435, 230),
(2436, 230),
(2437, 230),
(2438, 230),
(2439, 230),
(2440, 230),
(2441, 230),
(2442, 230),
(2443, 230),
(2444, 230),
(2445, 230),
(2446, 230),
(2447, 230),
(2448, 230),
(2449, 230),
(2450, 230),
(2451, 230),
(2452, 230),
(2453, 230),
(2454, 230),
(2455, 230),
(2456, 230),
(2457, 230),
(2458, 230),
(2459, 230),
(2460, 230),
(2461, 230),
(2462, 230),
(2463, 230),
(2464, 230),
(2465, 230),
(2466, 230),
(2467, 230),
(2468, 230),
(2469, 230),
(2470, 230),
(2471, 230),
(2472, 230),
(2473, 230),
(2474, 230),
(2475, 230),
(2476, 230),
(2477, 230),
(2478, 230),
(2479, 230),
(2480, 230),
(2481, 230),
(2482, 230),
(2483, 230),
(2484, 230),
(2485, 230),
(2486, 230),
(2487, 230),
(2488, 230),
(2489, 230),
(2490, 230),
(2491, 230),
(2492, 230),
(2493, 230),
(2494, 230),
(2495, 230),
(2496, 230),
(2497, 230),
(2498, 230),
(2499, 230),
(2500, 230),
(2501, 230),
(2502, 230),
(2503, 230),
(2504, 230),
(2505, 230),
(2506, 230),
(2507, 230),
(2508, 230),
(2509, 230),
(2510, 230),
(2511, 230),
(2512, 230),
(2513, 230),
(2514, 230),
(2515, 230),
(2516, 230),
(2517, 230),
(2518, 230),
(2519, 230),
(2520, 230),
(2521, 230),
(2522, 230),
(2523, 230),
(2524, 230),
(2525, 230),
(2526, 230),
(2527, 230),
(2528, 230),
(2529, 230),
(2530, 230),
(2531, 230),
(2532, 230),
(2533, 230),
(2534, 230),
(2535, 230),
(2536, 230),
(2537, 230),
(2538, 230),
(2539, 230),
(2540, 230),
(2541, 230),
(2542, 230),
(2543, 230),
(2544, 230),
(2545, 230),
(2546, 230),
(2547, 230),
(2548, 230),
(2549, 230),
(2550, 230),
(2551, 230),
(2552, 230),
(2553, 230),
(2554, 230),
(2555, 230),
(2556, 230),
(2557, 230),
(2558, 230),
(2559, 230),
(2560, 230),
(2561, 230),
(2562, 230),
(2964, 230),
(2965, 230),
(2563, 231),
(2564, 231),
(2565, 231),
(2566, 231),
(2567, 231),
(2568, 231),
(2569, 231),
(2570, 231),
(2571, 231),
(2572, 231),
(2573, 231),
(2574, 231),
(2575, 231),
(2576, 231),
(2577, 231),
(2578, 231),
(2579, 231),
(2580, 231),
(2581, 231),
(2582, 231),
(2583, 231),
(2584, 231),
(2585, 231),
(2586, 231),
(2587, 231),
(2588, 231),
(2589, 231),
(2590, 231),
(2591, 231),
(2592, 231),
(2593, 231),
(2594, 231),
(2595, 231),
(2596, 231),
(2597, 231),
(2598, 231),
(2599, 231),
(2600, 231),
(2601, 231),
(2602, 231),
(2603, 231),
(2604, 231),
(2605, 231),
(2606, 231),
(2607, 231),
(2608, 231),
(2609, 231),
(2610, 231),
(2611, 231),
(2612, 231),
(2613, 231),
(2614, 231),
(2615, 231),
(2616, 231),
(2617, 231),
(2618, 231),
(2619, 231),
(2620, 231),
(2621, 231),
(2622, 231),
(2623, 231),
(2624, 231),
(2625, 231),
(2626, 231),
(2627, 231),
(2628, 231),
(2629, 231),
(2630, 231),
(2631, 231),
(2632, 231),
(2633, 231),
(2634, 231),
(2635, 231),
(2636, 231),
(2637, 231),
(2638, 231),
(2639, 231),
(2640, 231),
(2641, 231),
(2642, 231),
(2643, 231),
(2644, 231),
(2645, 231),
(2646, 231),
(2647, 231),
(2648, 231),
(2649, 231),
(2650, 231),
(2651, 231),
(2652, 231),
(2653, 231),
(2654, 231),
(2655, 231),
(2656, 231),
(2657, 231),
(2658, 231),
(2659, 231),
(2660, 231),
(2661, 231),
(2662, 231),
(2663, 231),
(2664, 231),
(2665, 231),
(2666, 231),
(2667, 231),
(2668, 231),
(2669, 231),
(2670, 231),
(2671, 231),
(2672, 231),
(2673, 231),
(2966, 231),
(2674, 232),
(2675, 232),
(2676, 232),
(2677, 232),
(2678, 232),
(2679, 232),
(2680, 232),
(2681, 232),
(2682, 232),
(2683, 232),
(2684, 232),
(2685, 232),
(2686, 232),
(2687, 232),
(2688, 232),
(2689, 232),
(2690, 232),
(2691, 232),
(2692, 232),
(2693, 232),
(2694, 232),
(2695, 232),
(2696, 232),
(2697, 232),
(2698, 232),
(2699, 232),
(2700, 232),
(2701, 232),
(2702, 232),
(2703, 232),
(2704, 232),
(2705, 232),
(2706, 232),
(2707, 232),
(2708, 232),
(2709, 232),
(2710, 232),
(2711, 232),
(2712, 232),
(2713, 232),
(2714, 232),
(2715, 232),
(2716, 232),
(2717, 232),
(2718, 232),
(2719, 232),
(2720, 232),
(2721, 232),
(2722, 232),
(2723, 232),
(2724, 232),
(2725, 232),
(2726, 232),
(2727, 232),
(2728, 232),
(2729, 232),
(2730, 232),
(2731, 232),
(2732, 232),
(2733, 232),
(2734, 233),
(2735, 233),
(2736, 233),
(2737, 233),
(2738, 233),
(2739, 233),
(2740, 233),
(2741, 233),
(2742, 233),
(2743, 233),
(2744, 233),
(2745, 233),
(2746, 233),
(2747, 233),
(2748, 233),
(2749, 233),
(2750, 233),
(2751, 233),
(2752, 233),
(2753, 233),
(2754, 233),
(2755, 233),
(2756, 233),
(2757, 233),
(2758, 233),
(2759, 233),
(2760, 233),
(2761, 233),
(2762, 233),
(2763, 233),
(2764, 233),
(2765, 233),
(2766, 233),
(2767, 233),
(2768, 233),
(2769, 233),
(2770, 233),
(2771, 233),
(2772, 233),
(2773, 233),
(2774, 233),
(2775, 233),
(2776, 233),
(2777, 233),
(2778, 233),
(2779, 233),
(2780, 233),
(2781, 233),
(2782, 233),
(2783, 233),
(2784, 233),
(2785, 233),
(2786, 233),
(2787, 234),
(2788, 234),
(2789, 234),
(2790, 234),
(2791, 234),
(2792, 234),
(2793, 234),
(2794, 234),
(2795, 234),
(2796, 234),
(2797, 234),
(2798, 234),
(2967, 234),
(2968, 234),
(2969, 234),
(2970, 234),
(2971, 234),
(2972, 234),
(2799, 235),
(2800, 235),
(2801, 235),
(2802, 235),
(2803, 235),
(2804, 235),
(2805, 235),
(2806, 235),
(2807, 235),
(2808, 235),
(2809, 235),
(2810, 235),
(2811, 235),
(2812, 235),
(2813, 235),
(2814, 235),
(2815, 235),
(2816, 235),
(2817, 235),
(2818, 235),
(2819, 235),
(2820, 235),
(2821, 235),
(2822, 235),
(2823, 235),
(2824, 235),
(2825, 236),
(2826, 236),
(2827, 236),
(2828, 236),
(2829, 236),
(2830, 236),
(2831, 236),
(2832, 236),
(2833, 236),
(2834, 236),
(2835, 236),
(2836, 236),
(2837, 236),
(2838, 236),
(2839, 236),
(2840, 236),
(2841, 236),
(2842, 236),
(2843, 236),
(2844, 236),
(2845, 236),
(2846, 236),
(2847, 236),
(2848, 236),
(2849, 237),
(2850, 237),
(2851, 237),
(2852, 237),
(2853, 237),
(2854, 237),
(2855, 237),
(2856, 237),
(2857, 237),
(2858, 237),
(2859, 237),
(2860, 237),
(2861, 237),
(2862, 237),
(2863, 237),
(2864, 237),
(2865, 237),
(2866, 237),
(2867, 237),
(2868, 237),
(2869, 237),
(2870, 237),
(2871, 237),
(2872, 237),
(2873, 237),
(2874, 237),
(2875, 237),
(2876, 237),
(2877, 237),
(2878, 237),
(2879, 237),
(2880, 237),
(2881, 237),
(2882, 237),
(2883, 237),
(2884, 237),
(2885, 237),
(2886, 237),
(2887, 237),
(2888, 237),
(2889, 237),
(2890, 237),
(2891, 237),
(2892, 237),
(2893, 237),
(2894, 237),
(2895, 237),
(2896, 237),
(2897, 237),
(2898, 237),
(2899, 237),
(2900, 237),
(2901, 237),
(2902, 237),
(2903, 237),
(2904, 237),
(2905, 237),
(2906, 237),
(2907, 237),
(2908, 237),
(2909, 237),
(2910, 237),
(2911, 237),
(2912, 237),
(2913, 237),
(2914, 237),
(2915, 237),
(2916, 237),
(2917, 237),
(2918, 237),
(2919, 237),
(2920, 237),
(2921, 237),
(2922, 237),
(2923, 237),
(2924, 237),
(2925, 237),
(2926, 237),
(2927, 237),
(2928, 237),
(2929, 237),
(2930, 237),
(2931, 237),
(2932, 237),
(2933, 237),
(2934, 237),
(2935, 237),
(2936, 237),
(2937, 237),
(2938, 237),
(2939, 237),
(2940, 237),
(2941, 237),
(2942, 237),
(2943, 237),
(2944, 237),
(2945, 237),
(2946, 237),
(2947, 237),
(2948, 237),
(2949, 237),
(2950, 237),
(2951, 237),
(2952, 237),
(2953, 237),
(2954, 237),
(2955, 237),
(2956, 237),
(2957, 237),
(2958, 237),
(2959, 237),
(2960, 237),
(2961, 237),
(2962, 237),
(2963, 237);

-- --------------------------------------------------------

--
-- Table structure for table `odj_city_translation`
--

CREATE TABLE IF NOT EXISTS `odj_city_translation` (
  `id` int(11) NOT NULL AUTO_INCREMENT,
  `translatable_id` int(11) DEFAULT NULL,
  `title` varchar(120) COLLATE utf8_unicode_ci NOT NULL,
  `locale` varchar(255) COLLATE utf8_unicode_ci NOT NULL,
  PRIMARY KEY (`id`),
  UNIQUE KEY `odj_city_translation_unique_translation` (`translatable_id`,`locale`),
  KEY `IDX_DC175ED92C2AC5D3` (`translatable_id`)
) ENGINE=InnoDB  DEFAULT CHARSET=utf8 COLLATE=utf8_unicode_ci AUTO_INCREMENT=8917 ;

--
-- Dumping data for table `odj_city_translation`
--

INSERT INTO `odj_city_translation` (`id`, `translatable_id`, `title`, `locale`) VALUES
(1, 1, 'Adelaide', 'ru'),
(2, 1, 'Adelaide', 'en'),
(3, 1, 'Adelaide', 'de'),
(4, 2, 'Brisbane', 'ru'),
(5, 2, 'Brisbane', 'en'),
(6, 2, 'Brisbane', 'de'),
(7, 3, 'Canberra', 'ru'),
(8, 3, 'Canberra', 'en'),
(9, 3, 'Canberra', 'de'),
(10, 4, 'Darwin', 'ru'),
(11, 4, 'Darwin', 'en'),
(12, 4, 'Darwin', 'de'),
(13, 5, 'Hobart', 'ru'),
(14, 5, 'Hobart', 'en'),
(15, 5, 'Hobart', 'de'),
(16, 6, 'Melbourne', 'ru'),
(17, 6, 'Melbourne', 'en'),
(18, 6, 'Melbourne', 'de'),
(19, 7, 'Perth', 'ru'),
(20, 7, 'Perth', 'en'),
(21, 7, 'Perth', 'de'),
(22, 8, 'Sydney', 'ru'),
(23, 8, 'Sydney', 'en'),
(24, 8, 'Sydney', 'de'),
(25, 9, 'Eisenstadt', 'ru'),
(26, 9, 'Eisenstadt', 'en'),
(27, 9, 'Eisenstadt', 'de'),
(28, 10, 'Graz', 'ru'),
(29, 10, 'Graz', 'en'),
(30, 10, 'Graz', 'de'),
(31, 11, 'Innsbruck', 'ru'),
(32, 11, 'Innsbruck', 'en'),
(33, 11, 'Innsbruck', 'de'),
(34, 12, 'Klagenfurt', 'ru'),
(35, 12, 'Klagenfurt', 'en'),
(36, 12, 'Klagenfurt', 'de'),
(37, 13, 'Linz', 'ru'),
(38, 13, 'Linz', 'en'),
(39, 13, 'Linz', 'de'),
(40, 14, 'Salzburg', 'ru'),
(41, 14, 'Salzburg', 'en'),
(42, 14, 'Salzburg', 'de'),
(43, 15, 'Sankt Pölten', 'ru'),
(44, 15, 'Sankt Pölten', 'en'),
(45, 15, 'Sankt Pölten', 'de'),
(46, 16, 'Villach', 'ru'),
(47, 16, 'Villach', 'en'),
(48, 16, 'Villach', 'de'),
(49, 17, 'Wels', 'ru'),
(50, 17, 'Wels', 'en'),
(51, 17, 'Wels', 'de'),
(52, 18, 'Wien', 'ru'),
(53, 18, 'Wien', 'en'),
(54, 18, 'Wien', 'de'),
(91, 31, 'Durrës', 'ru'),
(92, 31, 'Durrës', 'en'),
(93, 31, 'Durrës', 'de'),
(94, 32, 'Elbasan', 'ru'),
(95, 32, 'Elbasan', 'en'),
(96, 32, 'Elbasan', 'de'),
(97, 33, 'Fier', 'ru'),
(98, 33, 'Fier', 'en'),
(99, 33, 'Fier', 'de'),
(100, 34, 'Shkodër', 'ru'),
(101, 34, 'Shkodër', 'en'),
(102, 34, 'Shkodër', 'de'),
(103, 35, 'Tirana', 'ru'),
(104, 35, 'Tirana', 'en'),
(105, 35, 'Tirana', 'de'),
(106, 36, 'Vlorë', 'ru'),
(107, 36, 'Vlorë', 'en'),
(108, 36, 'Vlorë', 'de'),
(109, 37, 'Alger', 'ru'),
(110, 37, 'Alger', 'en'),
(111, 37, 'Alger', 'de'),
(112, 38, 'Annaba', 'ru'),
(113, 38, 'Annaba', 'en'),
(114, 38, 'Annaba', 'de'),
(115, 39, 'Batna', 'ru'),
(116, 39, 'Batna', 'en'),
(117, 39, 'Batna', 'de'),
(118, 40, 'Constantine', 'ru'),
(119, 40, 'Constantine', 'en'),
(120, 40, 'Constantine', 'de'),
(121, 41, 'Oran', 'ru'),
(122, 41, 'Oran', 'en'),
(123, 41, 'Oran', 'de'),
(124, 42, 'Fagatogo', 'ru'),
(125, 42, 'Fagatogo', 'en'),
(126, 42, 'Fagatogo', 'de'),
(127, 43, 'Pago Pago', 'ru'),
(128, 43, 'Pago Pago', 'en'),
(129, 43, 'Pago Pago', 'de'),
(130, 44, 'The Valley', 'ru'),
(131, 44, 'The Valley', 'en'),
(132, 44, 'The Valley', 'de'),
(133, 45, 'Benguela', 'ru'),
(134, 45, 'Benguela', 'en'),
(135, 45, 'Benguela', 'de'),
(136, 46, 'Huambo', 'ru'),
(137, 46, 'Huambo', 'en'),
(138, 46, 'Huambo', 'de'),
(139, 47, 'Kuito', 'ru'),
(140, 47, 'Kuito', 'en'),
(141, 47, 'Kuito', 'de'),
(142, 48, 'Lobito', 'ru'),
(143, 48, 'Lobito', 'en'),
(144, 48, 'Lobito', 'de'),
(145, 49, 'Luanda', 'ru'),
(146, 49, 'Luanda', 'en'),
(147, 49, 'Luanda', 'de'),
(148, 50, 'Lubango', 'ru'),
(149, 50, 'Lubango', 'en'),
(150, 50, 'Lubango', 'de'),
(151, 51, 'M''banza Congo', 'ru'),
(152, 51, 'M''banza Congo', 'en'),
(153, 51, 'M''banza Congo', 'de'),
(154, 52, 'Malanje', 'ru'),
(155, 52, 'Malanje', 'en'),
(156, 52, 'Malanje', 'de'),
(157, 53, 'Namibe', 'ru'),
(158, 53, 'Namibe', 'en'),
(159, 53, 'Namibe', 'de'),
(160, 54, 'Uíge', 'ru'),
(161, 54, 'Uíge', 'en'),
(162, 54, 'Uíge', 'de'),
(163, 55, 'Andorra la Vella', 'ru'),
(164, 55, 'Andorra la Vella', 'en'),
(165, 55, 'Andorra la Vella', 'de'),
(166, 56, 'All Saints', 'ru'),
(167, 56, 'All Saints', 'en'),
(168, 56, 'All Saints', 'de'),
(169, 57, 'Liberta', 'ru'),
(170, 57, 'Liberta', 'en'),
(171, 57, 'Liberta', 'de'),
(172, 58, 'Saint John''s', 'ru'),
(173, 58, 'Saint John''s', 'en'),
(174, 58, 'Saint John''s', 'de'),
(175, 59, 'Buenos Aires', 'ru'),
(176, 59, 'Buenos Aires', 'en'),
(177, 59, 'Buenos Aires', 'de'),
(178, 60, 'Córdoba', 'ru'),
(179, 60, 'Córdoba', 'en'),
(180, 60, 'Córdoba', 'de'),
(181, 61, 'La Plata', 'ru'),
(182, 61, 'La Plata', 'en'),
(183, 61, 'La Plata', 'de'),
(184, 62, 'Mar del Plata', 'ru'),
(185, 62, 'Mar del Plata', 'en'),
(186, 62, 'Mar del Plata', 'de'),
(187, 63, 'Mendoza', 'ru'),
(188, 63, 'Mendoza', 'en'),
(189, 63, 'Mendoza', 'de'),
(190, 64, 'Rosario', 'ru'),
(191, 64, 'Rosario', 'en'),
(192, 64, 'Rosario', 'de'),
(193, 65, 'Salta', 'ru'),
(194, 65, 'Salta', 'en'),
(195, 65, 'Salta', 'de'),
(196, 66, 'Santa Fe', 'ru'),
(197, 66, 'Santa Fe', 'en'),
(198, 66, 'Santa Fe', 'de'),
(199, 67, 'Ереван', 'ru'),
(200, 67, 'Yerevan', 'en'),
(201, 67, 'Eriwan', 'de'),
(202, 68, 'Армавир', 'ru'),
(203, 68, 'Armavir', 'en'),
(204, 68, 'Armavir', 'de'),
(205, 69, 'Арташат', 'ru'),
(206, 69, 'Artashat', 'en'),
(207, 69, 'Artashat', 'de'),
(208, 70, 'Аштарак', 'ru'),
(209, 70, 'Ashtarak', 'en'),
(210, 70, 'Ashtarak', 'de'),
(211, 71, 'Ванадзор', 'ru'),
(212, 71, 'Vanadzor', 'en'),
(213, 71, 'Vanadzor', 'de'),
(214, 72, 'Гавар', 'ru'),
(215, 72, 'Gavar', 'en'),
(216, 72, 'Gawar', 'de'),
(217, 73, 'Гюмри', 'ru'),
(218, 73, 'Gyumri', 'en'),
(219, 73, 'Gyumri', 'de'),
(220, 74, 'Ехегнадзор', 'ru'),
(221, 74, 'Yeghegnadzor', 'en'),
(222, 74, 'Yeghegnadzor', 'de'),
(223, 75, 'Иджеван', 'ru'),
(224, 75, 'Ijevan', 'en'),
(225, 75, 'Ijevan', 'de'),
(226, 76, 'Капан', 'ru'),
(227, 76, 'Kapan', 'en'),
(228, 76, 'Kapan', 'de'),
(229, 77, 'Раздан', 'ru'),
(230, 77, 'Hrazdan', 'en'),
(231, 77, 'Hrazdan', 'de'),
(232, 78, 'Oranjestad', 'ru'),
(233, 78, 'Oranjestad', 'en'),
(234, 78, 'Oranjestad', 'de'),
(235, 79, 'Charikar', 'ru'),
(236, 79, 'Charikar', 'en'),
(237, 79, 'Charikar', 'de'),
(238, 80, 'Herat', 'ru'),
(239, 80, 'Herat', 'en'),
(240, 80, 'Herat', 'de'),
(241, 81, 'Jalalabad', 'ru'),
(242, 81, 'Jalalabad', 'en'),
(243, 81, 'Jalalabad', 'de'),
(244, 82, 'Kabul', 'ru'),
(245, 82, 'Kabul', 'en'),
(246, 82, 'Kabul', 'de'),
(247, 83, 'Kandahar', 'ru'),
(248, 83, 'Kandahar', 'en'),
(249, 83, 'Kandahar', 'de'),
(250, 84, 'Kondūz', 'ru'),
(251, 84, 'Kondūz', 'en'),
(252, 84, 'Kondūz', 'de'),
(253, 85, 'Mazār-e Sharīf', 'ru'),
(254, 85, 'Mazār-e Sharīf', 'en'),
(255, 85, 'Mazār-e Sharīf', 'de'),
(256, 86, 'Pol-e Khomrī', 'ru'),
(257, 86, 'Pol-e Khomrī', 'en'),
(258, 86, 'Pol-e Khomrī', 'de'),
(259, 87, 'Sheberghān', 'ru'),
(260, 87, 'Sheberghān', 'en'),
(261, 87, 'Sheberghān', 'de'),
(262, 88, 'Talūkān', 'ru'),
(263, 88, 'Talūkān', 'en'),
(264, 88, 'Talūkān', 'de'),
(265, 89, 'Freeport', 'ru'),
(266, 89, 'Freeport', 'en'),
(267, 89, 'Freeport', 'de'),
(268, 90, 'Nassau', 'ru'),
(269, 90, 'Nassau', 'en'),
(270, 90, 'Nassau', 'de'),
(271, 91, 'Chittagong', 'ru'),
(272, 91, 'Chittagong', 'en'),
(273, 91, 'Chittagong', 'de'),
(274, 92, 'Comilla', 'ru'),
(275, 92, 'Comilla', 'en'),
(276, 92, 'Comilla', 'de'),
(277, 93, 'Dhaka', 'ru'),
(278, 93, 'Dhaka', 'en'),
(279, 93, 'Dhaka', 'de'),
(280, 94, 'Khulna', 'ru'),
(281, 94, 'Khulna', 'en'),
(282, 94, 'Khulna', 'de'),
(283, 95, 'Mymensingh', 'ru'),
(284, 95, 'Mymensingh', 'en'),
(285, 95, 'Mymensingh', 'de'),
(286, 96, 'Rājshāhi', 'ru'),
(287, 96, 'Rājshāhi', 'en'),
(288, 96, 'Rājshāhi', 'de'),
(289, 97, 'Tungi', 'ru'),
(290, 97, 'Tungi', 'en'),
(291, 97, 'Tungi', 'de'),
(292, 98, 'Bridgetown', 'ru'),
(293, 98, 'Bridgetown', 'en'),
(294, 98, 'Bridgetown', 'de'),
(295, 99, 'Speightstown', 'ru'),
(296, 99, 'Speightstown', 'en'),
(297, 99, 'Speightstown', 'de'),
(298, 100, 'Al Muḩarraq', 'ru'),
(299, 100, 'Al Muḩarraq', 'en'),
(300, 100, 'Al Muḩarraq', 'de'),
(301, 101, 'Ar Rifā`', 'ru'),
(302, 101, 'Ar Rifā`', 'en'),
(303, 101, 'Ar Rifā`', 'de'),
(304, 102, 'Manama', 'ru'),
(305, 102, 'Manama', 'en'),
(306, 102, 'Manama', 'de'),
(343, 115, 'Belize City', 'ru'),
(344, 115, 'Belize City', 'en'),
(345, 115, 'Belize City', 'de'),
(346, 116, 'Belmopan', 'ru'),
(347, 116, 'Belmopan', 'en'),
(348, 116, 'Belmopan', 'de'),
(349, 117, 'Antwerpen', 'ru'),
(350, 117, 'Antwerpen', 'en'),
(351, 117, 'Antwerpen', 'de'),
(352, 118, 'Brugge', 'ru'),
(353, 118, 'Brugge', 'en'),
(354, 118, 'Brugge', 'de'),
(355, 119, 'Bruxelles', 'ru'),
(356, 119, 'Bruxelles', 'en'),
(357, 119, 'Bruxelles', 'de'),
(358, 120, 'Charleroi', 'ru'),
(359, 120, 'Charleroi', 'en'),
(360, 120, 'Charleroi', 'de'),
(361, 121, 'Gent', 'ru'),
(362, 121, 'Gent', 'en'),
(363, 121, 'Gent', 'de'),
(364, 122, 'Hasselt', 'ru'),
(365, 122, 'Hasselt', 'en'),
(366, 122, 'Hasselt', 'de'),
(367, 123, 'Leuven', 'ru'),
(368, 123, 'Leuven', 'en'),
(369, 123, 'Leuven', 'de'),
(370, 124, 'Liège', 'ru'),
(371, 124, 'Liège', 'en'),
(372, 124, 'Liège', 'de'),
(373, 125, 'Mons', 'ru'),
(374, 125, 'Mons', 'en'),
(375, 125, 'Mons', 'de'),
(376, 126, 'Namur', 'ru'),
(377, 126, 'Namur', 'en'),
(378, 126, 'Namur', 'de'),
(379, 127, 'Cotonou', 'ru'),
(380, 127, 'Cotonou', 'en'),
(381, 127, 'Cotonou', 'de'),
(382, 128, 'Djougou', 'ru'),
(383, 128, 'Djougou', 'en'),
(384, 128, 'Djougou', 'de'),
(385, 129, 'Parakou', 'ru'),
(386, 129, 'Parakou', 'en'),
(387, 129, 'Parakou', 'de'),
(388, 130, 'Porto-Novo', 'ru'),
(389, 130, 'Porto-Novo', 'en'),
(390, 130, 'Porto-Novo', 'de'),
(391, 131, 'Hamilton', 'ru'),
(392, 131, 'Hamilton', 'en'),
(393, 131, 'Hamilton', 'de'),
(394, 132, 'Burgas', 'ru'),
(395, 132, 'Burgas', 'en'),
(396, 132, 'Burgas', 'de'),
(397, 133, 'Dobrich', 'ru'),
(398, 133, 'Dobrich', 'en'),
(399, 133, 'Dobrich', 'de'),
(400, 134, 'Pleven', 'ru'),
(401, 134, 'Pleven', 'en'),
(402, 134, 'Pleven', 'de'),
(403, 135, 'Plovdiv', 'ru'),
(404, 135, 'Plovdiv', 'en'),
(405, 135, 'Plovdiv', 'de'),
(406, 136, 'Ruse', 'ru'),
(407, 136, 'Ruse', 'en'),
(408, 136, 'Ruse', 'de'),
(409, 137, 'Sliven', 'ru'),
(410, 137, 'Sliven', 'en'),
(411, 137, 'Sliven', 'de'),
(412, 138, 'Sofia', 'ru'),
(413, 138, 'Sofia', 'en'),
(414, 138, 'Sofia', 'de'),
(415, 139, 'Stara Zagora', 'ru'),
(416, 139, 'Stara Zagora', 'en'),
(417, 139, 'Stara Zagora', 'de'),
(418, 140, 'Varna', 'ru'),
(419, 140, 'Varna', 'en'),
(420, 140, 'Varna', 'de'),
(421, 141, 'Cochabamba', 'ru'),
(422, 141, 'Cochabamba', 'en'),
(423, 141, 'Cochabamba', 'de'),
(424, 142, 'El Alto', 'ru'),
(425, 142, 'El Alto', 'en'),
(426, 142, 'El Alto', 'de'),
(427, 143, 'La Paz', 'ru'),
(428, 143, 'La Paz', 'en'),
(429, 143, 'La Paz', 'de'),
(430, 144, 'Montero', 'ru'),
(431, 144, 'Montero', 'en'),
(432, 144, 'Montero', 'de'),
(433, 145, 'Oruro', 'ru'),
(434, 145, 'Oruro', 'en'),
(435, 145, 'Oruro', 'de'),
(436, 146, 'Potosí', 'ru'),
(437, 146, 'Potosí', 'en'),
(438, 146, 'Potosí', 'de'),
(439, 147, 'Santa Cruz de la Sierra', 'ru'),
(440, 147, 'Santa Cruz de la Sierra', 'en'),
(441, 147, 'Santa Cruz de la Sierra', 'de'),
(442, 148, 'Sucre', 'ru'),
(443, 148, 'Sucre', 'en'),
(444, 148, 'Sucre', 'de'),
(445, 149, 'Tarija', 'ru'),
(446, 149, 'Tarija', 'en'),
(447, 149, 'Tarija', 'de'),
(448, 150, 'Trinidad', 'ru'),
(449, 150, 'Trinidad', 'en'),
(450, 150, 'Trinidad', 'de'),
(451, 151, 'Banja Luka', 'ru'),
(452, 151, 'Banja Luka', 'en'),
(453, 151, 'Banja Luka', 'de'),
(454, 152, 'Bihać', 'ru'),
(455, 152, 'Bihać', 'en'),
(456, 152, 'Bihać', 'de'),
(457, 153, 'Bijeljina', 'ru'),
(458, 153, 'Bijeljina', 'en'),
(459, 153, 'Bijeljina', 'de'),
(460, 154, 'Brčko', 'ru'),
(461, 154, 'Brčko', 'en'),
(462, 154, 'Brčko', 'de'),
(463, 155, 'Doboj', 'ru'),
(464, 155, 'Doboj', 'en'),
(465, 155, 'Doboj', 'de'),
(466, 156, 'Mostar', 'ru'),
(467, 156, 'Mostar', 'en'),
(468, 156, 'Mostar', 'de'),
(469, 157, 'Prijedor', 'ru'),
(470, 157, 'Prijedor', 'en'),
(471, 157, 'Prijedor', 'de'),
(472, 158, 'Sarajevo', 'ru'),
(473, 158, 'Sarajevo', 'en'),
(474, 158, 'Sarajevo', 'de'),
(475, 159, 'Tuzla', 'ru'),
(476, 159, 'Tuzla', 'en'),
(477, 159, 'Tuzla', 'de'),
(478, 160, 'Zenica', 'ru'),
(479, 160, 'Zenica', 'en'),
(480, 160, 'Zenica', 'de'),
(481, 161, 'Francistown', 'ru'),
(482, 161, 'Francistown', 'en'),
(483, 161, 'Francistown', 'de'),
(484, 162, 'Gaborone', 'ru'),
(485, 162, 'Gaborone', 'en'),
(486, 162, 'Gaborone', 'de'),
(487, 163, 'Molepolole', 'ru'),
(488, 163, 'Molepolole', 'en'),
(489, 163, 'Molepolole', 'de'),
(490, 164, 'Selebi-Phikwe', 'ru'),
(491, 164, 'Selebi-Phikwe', 'en'),
(492, 164, 'Selebi-Phikwe', 'de'),
(493, 165, 'Belém', 'ru'),
(494, 165, 'Belém', 'en'),
(495, 165, 'Belém', 'de'),
(496, 166, 'Belo Horizonte', 'ru'),
(497, 166, 'Belo Horizonte', 'en'),
(498, 166, 'Belo Horizonte', 'de'),
(499, 167, 'Brasília', 'ru'),
(500, 167, 'Brasília', 'en'),
(501, 167, 'Brasília', 'de'),
(502, 168, 'Campinas', 'ru'),
(503, 168, 'Campinas', 'en'),
(504, 168, 'Campinas', 'de'),
(505, 169, 'Curitiba', 'ru'),
(506, 169, 'Curitiba', 'en'),
(507, 169, 'Curitiba', 'de'),
(508, 170, 'Fortaleza', 'ru'),
(509, 170, 'Fortaleza', 'en'),
(510, 170, 'Fortaleza', 'de'),
(511, 171, 'Goiânia', 'ru'),
(512, 171, 'Goiânia', 'en'),
(513, 171, 'Goiânia', 'de'),
(514, 172, 'Guarulhos', 'ru'),
(515, 172, 'Guarulhos', 'en'),
(516, 172, 'Guarulhos', 'de'),
(517, 173, 'Manaus', 'ru'),
(518, 173, 'Manaus', 'en'),
(519, 173, 'Manaus', 'de'),
(520, 174, 'Porto Alegre', 'ru'),
(521, 174, 'Porto Alegre', 'en'),
(522, 174, 'Porto Alegre', 'de'),
(523, 175, 'Recife', 'ru'),
(524, 175, 'Recife', 'en'),
(525, 175, 'Recife', 'de'),
(526, 176, 'Rio de Janeiro', 'ru'),
(527, 176, 'Rio de Janeiro', 'en'),
(528, 176, 'Rio de Janeiro', 'de'),
(529, 177, 'Salvador', 'ru'),
(530, 177, 'Salvador', 'en'),
(531, 177, 'Salvador', 'de'),
(532, 178, 'São Paulo', 'ru'),
(533, 178, 'São Paulo', 'en'),
(534, 178, 'São Paulo', 'de'),
(535, 179, 'Bandar Seri Begawan', 'ru'),
(536, 179, 'Bandar Seri Begawan', 'en'),
(537, 179, 'Bandar Seri Begawan', 'de'),
(538, 180, 'Bangar', 'ru'),
(539, 180, 'Bangar', 'en'),
(540, 180, 'Bangar', 'de'),
(541, 181, 'Kuala Belait', 'ru'),
(542, 181, 'Kuala Belait', 'en'),
(543, 181, 'Kuala Belait', 'de'),
(544, 182, 'Tutong', 'ru'),
(545, 182, 'Tutong', 'en'),
(546, 182, 'Tutong', 'de'),
(547, 183, 'Banfora', 'ru'),
(548, 183, 'Banfora', 'en'),
(549, 183, 'Banfora', 'de'),
(550, 184, 'Bobo Dioulasso', 'ru'),
(551, 184, 'Bobo Dioulasso', 'en'),
(552, 184, 'Bobo Dioulasso', 'de'),
(553, 185, 'Dédougou', 'ru'),
(554, 185, 'Dédougou', 'en'),
(555, 185, 'Dédougou', 'de'),
(556, 186, 'Fada N''Gourma', 'ru'),
(557, 186, 'Fada N''Gourma', 'en'),
(558, 186, 'Fada N''Gourma', 'de'),
(559, 187, 'Houndé', 'ru'),
(560, 187, 'Houndé', 'en'),
(561, 187, 'Houndé', 'de'),
(562, 188, 'Kaya', 'ru'),
(563, 188, 'Kaya', 'en'),
(564, 188, 'Kaya', 'de'),
(565, 189, 'Koudougou', 'ru'),
(566, 189, 'Koudougou', 'en'),
(567, 189, 'Koudougou', 'de'),
(568, 190, 'Ouagadougou', 'ru'),
(569, 190, 'Ouagadougou', 'en'),
(570, 190, 'Ouagadougou', 'de'),
(571, 191, 'Ouahigouya', 'ru'),
(572, 191, 'Ouahigouya', 'en'),
(573, 191, 'Ouahigouya', 'de'),
(574, 192, 'Tenkodogo', 'ru'),
(575, 192, 'Tenkodogo', 'en'),
(576, 192, 'Tenkodogo', 'de'),
(577, 193, 'Bujumbura', 'ru'),
(578, 193, 'Bujumbura', 'en'),
(579, 193, 'Bujumbura', 'de'),
(580, 194, 'Gitega', 'ru'),
(581, 194, 'Gitega', 'en'),
(582, 194, 'Gitega', 'de'),
(583, 195, 'Muyinga', 'ru'),
(584, 195, 'Muyinga', 'en'),
(585, 195, 'Muyinga', 'de'),
(586, 196, 'Ngozi', 'ru'),
(587, 196, 'Ngozi', 'en'),
(588, 196, 'Ngozi', 'de'),
(589, 197, 'Phuntsholing', 'ru'),
(590, 197, 'Phuntsholing', 'en'),
(591, 197, 'Phuntsholing', 'de'),
(592, 198, 'Punākha', 'ru'),
(593, 198, 'Punākha', 'en'),
(594, 198, 'Punākha', 'de'),
(595, 199, 'Thimphu', 'ru'),
(596, 199, 'Thimphu', 'en'),
(597, 199, 'Thimphu', 'de'),
(598, 200, 'Luganville', 'ru'),
(599, 200, 'Luganville', 'en'),
(600, 200, 'Luganville', 'de'),
(601, 201, 'Port-Vila', 'ru'),
(602, 201, 'Port-Vila', 'en'),
(603, 201, 'Port-Vila', 'de'),
(604, 202, 'Belfast', 'ru'),
(605, 202, 'Belfast', 'en'),
(606, 202, 'Belfast', 'de'),
(607, 203, 'Birmingham', 'ru'),
(608, 203, 'Birmingham', 'en'),
(609, 203, 'Birmingham', 'de'),
(610, 204, 'Bristol', 'ru'),
(611, 204, 'Bristol', 'en'),
(612, 204, 'Bristol', 'de'),
(613, 205, 'Cardiff', 'ru'),
(614, 205, 'Cardiff', 'en'),
(615, 205, 'Cardiff', 'de'),
(616, 206, 'Edinburgh', 'ru'),
(617, 206, 'Edinburgh', 'en'),
(618, 206, 'Edinburgh', 'de'),
(619, 207, 'Glasgow', 'ru'),
(620, 207, 'Glasgow', 'en'),
(621, 207, 'Glasgow', 'de'),
(622, 208, 'Leeds', 'ru'),
(623, 208, 'Leeds', 'en'),
(624, 208, 'Leeds', 'de'),
(625, 209, 'Liverpool', 'ru'),
(626, 209, 'Liverpool', 'en'),
(627, 209, 'Liverpool', 'de'),
(628, 210, 'London', 'ru'),
(629, 210, 'London', 'en'),
(630, 210, 'London', 'de'),
(631, 211, 'Manchester', 'ru'),
(632, 211, 'Manchester', 'en'),
(633, 211, 'Manchester', 'de'),
(634, 212, 'Newcastle upon Tyne', 'ru'),
(635, 212, 'Newcastle upon Tyne', 'en'),
(636, 212, 'Newcastle upon Tyne', 'de'),
(637, 213, 'Sheffield', 'ru'),
(638, 213, 'Sheffield', 'en'),
(639, 213, 'Sheffield', 'de'),
(640, 214, 'Budapest', 'ru'),
(641, 214, 'Budapest', 'en'),
(642, 214, 'Budapest', 'de'),
(643, 215, 'Debrecen', 'ru'),
(644, 215, 'Debrecen', 'en'),
(645, 215, 'Debrecen', 'de'),
(646, 216, 'Győr', 'ru'),
(647, 216, 'Győr', 'en'),
(648, 216, 'Győr', 'de'),
(649, 217, 'Kecskemét', 'ru'),
(650, 217, 'Kecskemét', 'en'),
(651, 217, 'Kecskemét', 'de'),
(652, 218, 'Miskolc', 'ru'),
(653, 218, 'Miskolc', 'en'),
(654, 218, 'Miskolc', 'de'),
(655, 219, 'Nyíregyháza', 'ru'),
(656, 219, 'Nyíregyháza', 'en'),
(657, 219, 'Nyíregyháza', 'de'),
(658, 220, 'Pécs', 'ru'),
(659, 220, 'Pécs', 'en'),
(660, 220, 'Pécs', 'de'),
(661, 221, 'Szeged', 'ru'),
(662, 221, 'Szeged', 'en'),
(663, 221, 'Szeged', 'de'),
(664, 222, 'Székesfehérvár', 'ru'),
(665, 222, 'Székesfehérvár', 'en'),
(666, 222, 'Székesfehérvár', 'de'),
(667, 223, 'Szolnok', 'ru'),
(668, 223, 'Szolnok', 'en'),
(669, 223, 'Szolnok', 'de'),
(670, 224, 'Szombathely', 'ru'),
(671, 224, 'Szombathely', 'en'),
(672, 224, 'Szombathely', 'de'),
(673, 225, 'Barcelona', 'ru'),
(674, 225, 'Barcelona', 'en'),
(675, 225, 'Barcelona', 'de'),
(676, 226, 'Barquisimeto', 'ru'),
(677, 226, 'Barquisimeto', 'en'),
(678, 226, 'Barquisimeto', 'de'),
(679, 227, 'Caracas', 'ru'),
(680, 227, 'Caracas', 'en'),
(681, 227, 'Caracas', 'de'),
(682, 228, 'Ciudad Bolívar', 'ru'),
(683, 228, 'Ciudad Bolívar', 'en'),
(684, 228, 'Ciudad Bolívar', 'de'),
(685, 229, 'Ciudad Guayana', 'ru'),
(686, 229, 'Ciudad Guayana', 'en'),
(687, 229, 'Ciudad Guayana', 'de'),
(688, 230, 'Maracaibo', 'ru'),
(689, 230, 'Maracaibo', 'en'),
(690, 230, 'Maracaibo', 'de'),
(691, 231, 'Maracay', 'ru'),
(692, 231, 'Maracay', 'en'),
(693, 231, 'Maracay', 'de'),
(694, 232, 'Maturín', 'ru'),
(695, 232, 'Maturín', 'en'),
(696, 232, 'Maturín', 'de'),
(697, 233, 'Turmero', 'ru'),
(698, 233, 'Turmero', 'en'),
(699, 233, 'Turmero', 'de'),
(700, 234, 'Valencia', 'ru'),
(701, 234, 'Valencia', 'en'),
(702, 234, 'Valencia', 'de'),
(703, 235, 'Road Town', 'ru'),
(704, 235, 'Road Town', 'en'),
(705, 235, 'Road Town', 'de'),
(706, 236, 'Charlotte Amalie', 'ru'),
(707, 236, 'Charlotte Amalie', 'en'),
(708, 236, 'Charlotte Amalie', 'de'),
(709, 237, 'Baucau', 'ru'),
(710, 237, 'Baucau', 'en'),
(711, 237, 'Baucau', 'de'),
(712, 238, 'Dili', 'ru'),
(713, 238, 'Dili', 'en'),
(714, 238, 'Dili', 'de'),
(715, 239, 'Lospalos', 'ru'),
(716, 239, 'Lospalos', 'en'),
(717, 239, 'Lospalos', 'de'),
(718, 240, 'Cần Thơ', 'ru'),
(719, 240, 'Cần Thơ', 'en'),
(720, 240, 'Cần Thơ', 'de'),
(721, 241, 'Da Nang', 'ru'),
(722, 241, 'Da Nang', 'en'),
(723, 241, 'Da Nang', 'de'),
(724, 242, 'Hà Tĩnh', 'ru'),
(725, 242, 'Hà Tĩnh', 'en'),
(726, 242, 'Hà Tĩnh', 'de'),
(727, 243, 'Haiphong', 'ru'),
(728, 243, 'Haiphong', 'en'),
(729, 243, 'Haiphong', 'de'),
(730, 244, 'Hanoi', 'ru'),
(731, 244, 'Hanoi', 'en'),
(732, 244, 'Hanoi', 'de'),
(733, 245, 'Ho Chi Minh City', 'ru'),
(734, 245, 'Ho Chi Minh City', 'en'),
(735, 245, 'Ho Chi Minh City', 'de'),
(736, 246, 'Franceville', 'ru'),
(737, 246, 'Franceville', 'en'),
(738, 246, 'Franceville', 'de'),
(739, 247, 'Libreville', 'ru'),
(740, 247, 'Libreville', 'en'),
(741, 247, 'Libreville', 'de'),
(742, 248, 'Port-Gentil', 'ru'),
(743, 248, 'Port-Gentil', 'en'),
(744, 248, 'Port-Gentil', 'de'),
(745, 249, 'Cap-Haïtien', 'ru'),
(746, 249, 'Cap-Haïtien', 'en'),
(747, 249, 'Cap-Haïtien', 'de'),
(748, 250, 'Carrefour', 'ru'),
(749, 250, 'Carrefour', 'en'),
(750, 250, 'Carrefour', 'de'),
(751, 251, 'Delmas', 'ru'),
(752, 251, 'Delmas', 'en'),
(753, 251, 'Delmas', 'de'),
(754, 252, 'Gonaïves', 'ru'),
(755, 252, 'Gonaïves', 'en'),
(756, 252, 'Gonaïves', 'de'),
(757, 253, 'Les Cayes', 'ru'),
(758, 253, 'Les Cayes', 'en'),
(759, 253, 'Les Cayes', 'de'),
(760, 254, 'Pétionville', 'ru'),
(761, 254, 'Pétionville', 'en'),
(762, 254, 'Pétionville', 'de'),
(763, 255, 'Port-au-Prince', 'ru'),
(764, 255, 'Port-au-Prince', 'en'),
(765, 255, 'Port-au-Prince', 'de'),
(766, 256, 'Saint-Marc', 'ru'),
(767, 256, 'Saint-Marc', 'en'),
(768, 256, 'Saint-Marc', 'de'),
(769, 257, 'Georgetown', 'ru'),
(770, 257, 'Georgetown', 'en'),
(771, 257, 'Georgetown', 'de'),
(772, 258, 'Linden', 'ru'),
(773, 258, 'Linden', 'en'),
(774, 258, 'Linden', 'de'),
(775, 259, 'New Amsterdam', 'ru'),
(776, 259, 'New Amsterdam', 'en'),
(777, 259, 'New Amsterdam', 'de'),
(778, 260, 'Bakau', 'ru'),
(779, 260, 'Bakau', 'en'),
(780, 260, 'Bakau', 'de'),
(781, 261, 'Banjul', 'ru'),
(782, 261, 'Banjul', 'en'),
(783, 261, 'Banjul', 'de'),
(784, 262, 'Serekunda', 'ru'),
(785, 262, 'Serekunda', 'en'),
(786, 262, 'Serekunda', 'de'),
(787, 263, 'Accra', 'ru'),
(788, 263, 'Accra', 'en'),
(789, 263, 'Accra', 'de'),
(790, 264, 'Ashaiman', 'ru'),
(791, 264, 'Ashaiman', 'en'),
(792, 264, 'Ashaiman', 'de'),
(793, 265, 'Cape Coast', 'ru'),
(794, 265, 'Cape Coast', 'en'),
(795, 265, 'Cape Coast', 'de'),
(796, 266, 'Kumasi', 'ru'),
(797, 266, 'Kumasi', 'en'),
(798, 266, 'Kumasi', 'de'),
(799, 267, 'Obuasi', 'ru'),
(800, 267, 'Obuasi', 'en'),
(801, 267, 'Obuasi', 'de'),
(802, 268, 'Sekondi', 'ru'),
(803, 268, 'Sekondi', 'en'),
(804, 268, 'Sekondi', 'de'),
(805, 269, 'Tamale', 'ru'),
(806, 269, 'Tamale', 'en'),
(807, 269, 'Tamale', 'de'),
(808, 270, 'Tema', 'ru'),
(809, 270, 'Tema', 'en'),
(810, 270, 'Tema', 'de'),
(811, 271, 'Teshi', 'ru'),
(812, 271, 'Teshi', 'en'),
(813, 271, 'Teshi', 'de'),
(814, 272, 'Basse-Terre', 'ru'),
(815, 272, 'Basse-Terre', 'en'),
(816, 272, 'Basse-Terre', 'de'),
(817, 273, 'Pointe-à-Pitre', 'ru'),
(818, 273, 'Pointe-à-Pitre', 'en'),
(819, 273, 'Pointe-à-Pitre', 'de'),
(820, 274, 'Escuintla', 'ru'),
(821, 274, 'Escuintla', 'en'),
(822, 274, 'Escuintla', 'de'),
(823, 275, 'Guatemala City', 'ru'),
(824, 275, 'Guatemala City', 'en'),
(825, 275, 'Guatemala City', 'de'),
(826, 276, 'Quetzaltenango', 'ru'),
(827, 276, 'Quetzaltenango', 'en'),
(828, 276, 'Quetzaltenango', 'de'),
(829, 277, 'Boké', 'ru'),
(830, 277, 'Boké', 'en'),
(831, 277, 'Boké', 'de'),
(832, 278, 'Conakry', 'ru'),
(833, 278, 'Conakry', 'en'),
(834, 278, 'Conakry', 'de'),
(835, 279, 'Kankan', 'ru'),
(836, 279, 'Kankan', 'en'),
(837, 279, 'Kankan', 'de'),
(838, 280, 'Kindia', 'ru'),
(839, 280, 'Kindia', 'en'),
(840, 280, 'Kindia', 'de'),
(841, 281, 'Nzérékoré', 'ru'),
(842, 281, 'Nzérékoré', 'en'),
(843, 281, 'Nzérékoré', 'de'),
(844, 282, 'Bafatá', 'ru'),
(845, 282, 'Bafatá', 'en'),
(846, 282, 'Bafatá', 'de'),
(847, 283, 'Bissau', 'ru'),
(848, 283, 'Bissau', 'en'),
(849, 283, 'Bissau', 'de'),
(850, 284, 'Gabú', 'ru'),
(851, 284, 'Gabú', 'en'),
(852, 284, 'Gabú', 'de'),
(853, 285, 'Berlin', 'ru'),
(854, 285, 'Berlin', 'en'),
(855, 285, 'Berlin', 'de'),
(856, 286, 'Bonn', 'ru'),
(857, 286, 'Bonn', 'en'),
(858, 286, 'Bonn', 'de'),
(859, 287, 'Bremen', 'ru'),
(860, 287, 'Bremen', 'en'),
(861, 287, 'Bremen', 'de'),
(862, 288, 'Dortmund', 'ru'),
(863, 288, 'Dortmund', 'en'),
(864, 288, 'Dortmund', 'de'),
(865, 289, 'Düsseldorf', 'ru'),
(866, 289, 'Düsseldorf', 'en'),
(867, 289, 'Düsseldorf', 'de'),
(868, 290, 'Essen', 'ru'),
(869, 290, 'Essen', 'en'),
(870, 290, 'Essen', 'de'),
(871, 291, 'Frankfurt am Main', 'ru'),
(872, 291, 'Frankfurt am Main', 'en'),
(873, 291, 'Frankfurt am Main', 'de'),
(874, 292, 'Hamburg', 'ru'),
(875, 292, 'Hamburg', 'en'),
(876, 292, 'Hamburg', 'de'),
(877, 293, 'Hannover', 'ru'),
(878, 293, 'Hannover', 'en'),
(879, 293, 'Hannover', 'de'),
(880, 294, 'Köln', 'ru'),
(881, 294, 'Köln', 'en'),
(882, 294, 'Köln', 'de'),
(883, 295, 'Leipzig', 'ru'),
(884, 295, 'Leipzig', 'en'),
(885, 295, 'Leipzig', 'de'),
(886, 296, 'München', 'ru'),
(887, 296, 'München', 'en'),
(888, 296, 'München', 'de'),
(889, 297, 'Stuttgart', 'ru'),
(890, 297, 'Stuttgart', 'en'),
(891, 297, 'Stuttgart', 'de'),
(892, 298, 'Gibraltar', 'ru'),
(893, 298, 'Gibraltar', 'en'),
(894, 298, 'Gibraltar', 'de'),
(895, 299, 'Choluteca', 'ru'),
(896, 299, 'Choluteca', 'en'),
(897, 299, 'Choluteca', 'de'),
(898, 300, 'La Ceiba', 'ru'),
(899, 300, 'La Ceiba', 'en'),
(900, 300, 'La Ceiba', 'de'),
(901, 301, 'Puerto Cortés', 'ru'),
(902, 301, 'Puerto Cortés', 'en'),
(903, 301, 'Puerto Cortés', 'de'),
(904, 302, 'San Pedro Sula', 'ru'),
(905, 302, 'San Pedro Sula', 'en'),
(906, 302, 'San Pedro Sula', 'de'),
(907, 303, 'Tegucigalpa', 'ru'),
(908, 303, 'Tegucigalpa', 'en'),
(909, 303, 'Tegucigalpa', 'de'),
(910, 304, 'Tela', 'ru'),
(911, 304, 'Tela', 'en'),
(912, 304, 'Tela', 'de'),
(913, 305, 'Hong Kong', 'ru'),
(914, 305, 'Hong Kong', 'en'),
(915, 305, 'Hong Kong', 'de'),
(916, 306, 'Gouyave', 'ru'),
(917, 306, 'Gouyave', 'en'),
(918, 306, 'Gouyave', 'de'),
(919, 307, 'Grenville', 'ru'),
(920, 307, 'Grenville', 'en'),
(921, 307, 'Grenville', 'de'),
(922, 308, 'Saint George''s', 'ru'),
(923, 308, 'Saint George''s', 'en'),
(924, 308, 'Saint George''s', 'de'),
(925, 309, 'Nuuk', 'ru'),
(926, 309, 'Nuuk', 'en'),
(927, 309, 'Nuuk', 'de'),
(928, 310, 'Athens', 'ru'),
(929, 310, 'Athens', 'en'),
(930, 310, 'Athens', 'de'),
(931, 311, 'Heraklion', 'ru'),
(932, 311, 'Heraklion', 'en'),
(933, 311, 'Heraklion', 'de'),
(934, 312, 'Kallithea', 'ru'),
(935, 312, 'Kallithea', 'en'),
(936, 312, 'Kallithea', 'de'),
(937, 313, 'Larissa', 'ru'),
(938, 313, 'Larissa', 'en'),
(939, 313, 'Larissa', 'de'),
(940, 314, 'Patras', 'ru'),
(941, 314, 'Patras', 'en'),
(942, 314, 'Patras', 'de'),
(943, 315, 'Piraeus', 'ru'),
(944, 315, 'Piraeus', 'en'),
(945, 315, 'Piraeus', 'de'),
(946, 316, 'Thessaloniki', 'ru'),
(947, 316, 'Thessaloniki', 'en'),
(948, 316, 'Thessaloniki', 'de'),
(994, 332, 'Dededo', 'ru'),
(995, 332, 'Dededo', 'en'),
(996, 332, 'Dededo', 'de'),
(997, 333, 'Hagåtña', 'ru'),
(998, 333, 'Hagåtña', 'en'),
(999, 333, 'Hagåtña', 'de'),
(1000, 334, 'Ålborg', 'ru'),
(1001, 334, 'Ålborg', 'en'),
(1002, 334, 'Ålborg', 'de'),
(1003, 335, 'Århus', 'ru'),
(1004, 335, 'Århus', 'en'),
(1005, 335, 'Århus', 'de'),
(1006, 336, 'Esbjerg', 'ru'),
(1007, 336, 'Esbjerg', 'en'),
(1008, 336, 'Esbjerg', 'de'),
(1009, 337, 'Horsens', 'ru'),
(1010, 337, 'Horsens', 'en'),
(1011, 337, 'Horsens', 'de'),
(1012, 338, 'Kolding', 'ru'),
(1013, 338, 'Kolding', 'en'),
(1014, 338, 'Kolding', 'de'),
(1015, 339, 'København', 'ru'),
(1016, 339, 'København', 'en'),
(1017, 339, 'København', 'de'),
(1018, 340, 'Odense', 'ru'),
(1019, 340, 'Odense', 'en'),
(1020, 340, 'Odense', 'de'),
(1021, 341, 'Randers', 'ru'),
(1022, 341, 'Randers', 'en'),
(1023, 341, 'Randers', 'de'),
(1024, 342, 'Vejle', 'ru'),
(1025, 342, 'Vejle', 'en'),
(1026, 342, 'Vejle', 'de'),
(1027, 343, 'Djibouti', 'ru'),
(1028, 343, 'Djibouti', 'en'),
(1029, 343, 'Djibouti', 'de'),
(1030, 344, 'Tadjoura', 'ru'),
(1031, 344, 'Tadjoura', 'en'),
(1032, 344, 'Tadjoura', 'de'),
(1033, 345, '`Ali Sabieh', 'ru'),
(1034, 345, '`Ali Sabieh', 'en'),
(1035, 345, '`Ali Sabieh', 'de'),
(1036, 346, 'Roseau', 'ru'),
(1037, 346, 'Roseau', 'en'),
(1038, 346, 'Roseau', 'de'),
(1039, 347, 'Santiago de los Caballeros', 'ru'),
(1040, 347, 'Santiago de los Caballeros', 'en'),
(1041, 347, 'Santiago de los Caballeros', 'de'),
(1042, 348, 'Santo Domingo', 'ru'),
(1043, 348, 'Santo Domingo', 'en'),
(1044, 348, 'Santo Domingo', 'de'),
(1045, 349, 'Alexandria', 'ru'),
(1046, 349, 'Alexandria', 'en'),
(1047, 349, 'Alexandria', 'de'),
(1048, 350, 'Cairo', 'ru'),
(1049, 350, 'Cairo', 'en'),
(1050, 350, 'Cairo', 'de'),
(1051, 351, 'El-Mahalla El-Kubra', 'ru'),
(1052, 351, 'El-Mahalla El-Kubra', 'en'),
(1053, 351, 'El-Mahalla El-Kubra', 'de'),
(1054, 352, 'Giza', 'ru'),
(1055, 352, 'Giza', 'en'),
(1056, 352, 'Giza', 'de'),
(1057, 353, 'Hurghada', 'ru'),
(1058, 353, 'Hurghada', 'en'),
(1059, 353, 'Hurghada', 'de'),
(1060, 354, 'Luxor', 'ru'),
(1061, 354, 'Luxor', 'en'),
(1062, 354, 'Luxor', 'de'),
(1063, 355, 'Port Said', 'ru'),
(1064, 355, 'Port Said', 'en'),
(1065, 355, 'Port Said', 'de'),
(1066, 356, 'Sharm el-Sheikh', 'ru'),
(1067, 356, 'Sharm el-Sheikh', 'en'),
(1068, 356, 'Sharm el-Sheikh', 'de'),
(1069, 357, 'Shubra El-Kheima', 'ru'),
(1070, 357, 'Shubra El-Kheima', 'en'),
(1071, 357, 'Shubra El-Kheima', 'de'),
(1072, 358, 'Suez', 'ru'),
(1073, 358, 'Suez', 'en'),
(1074, 358, 'Suez', 'de'),
(1075, 359, 'Chingola', 'ru'),
(1076, 359, 'Chingola', 'en'),
(1077, 359, 'Chingola', 'de'),
(1078, 360, 'Chipata', 'ru'),
(1079, 360, 'Chipata', 'en'),
(1080, 360, 'Chipata', 'de'),
(1081, 361, 'Kabwe', 'ru'),
(1082, 361, 'Kabwe', 'en'),
(1083, 361, 'Kabwe', 'de'),
(1084, 362, 'Kasama', 'ru'),
(1085, 362, 'Kasama', 'en'),
(1086, 362, 'Kasama', 'de'),
(1087, 363, 'Kitwe', 'ru'),
(1088, 363, 'Kitwe', 'en'),
(1089, 363, 'Kitwe', 'de'),
(1090, 364, 'Livingstone', 'ru'),
(1091, 364, 'Livingstone', 'en'),
(1092, 364, 'Livingstone', 'de'),
(1093, 365, 'Luanshya', 'ru'),
(1094, 365, 'Luanshya', 'en'),
(1095, 365, 'Luanshya', 'de'),
(1096, 366, 'Lusaka', 'ru'),
(1097, 366, 'Lusaka', 'en'),
(1098, 366, 'Lusaka', 'de'),
(1099, 367, 'Mufulira', 'ru'),
(1100, 367, 'Mufulira', 'en'),
(1101, 367, 'Mufulira', 'de'),
(1102, 368, 'Ndola', 'ru'),
(1103, 368, 'Ndola', 'en'),
(1104, 368, 'Ndola', 'de'),
(1105, 369, 'Ad-Dakhla', 'ru'),
(1106, 369, 'Ad-Dakhla', 'en'),
(1107, 369, 'Ad-Dakhla', 'de'),
(1108, 370, 'El Aaiún', 'ru'),
(1109, 370, 'El Aaiún', 'en'),
(1110, 370, 'El Aaiún', 'de'),
(1111, 371, 'Smara', 'ru'),
(1112, 371, 'Smara', 'en'),
(1113, 371, 'Smara', 'de'),
(1114, 372, 'Bulawayo', 'ru'),
(1115, 372, 'Bulawayo', 'en'),
(1116, 372, 'Bulawayo', 'de'),
(1117, 373, 'Chitungwiza', 'ru'),
(1118, 373, 'Chitungwiza', 'en'),
(1119, 373, 'Chitungwiza', 'de'),
(1120, 374, 'Harare', 'ru'),
(1121, 374, 'Harare', 'en'),
(1122, 374, 'Harare', 'de'),
(1123, 375, 'Иерусалим', 'ru'),
(1124, 375, 'Jerusalem', 'en'),
(1125, 375, 'Jerusalem', 'de'),
(1126, 376, 'Ашдод', 'ru'),
(1127, 376, 'Ashdod', 'en'),
(1128, 376, 'Ashdod', 'de'),
(1129, 377, 'Ашкелон', 'ru'),
(1130, 377, 'Ashkelon', 'en'),
(1131, 377, 'Ashkelon', 'de'),
(1132, 378, 'Беэр Шева', 'ru'),
(1133, 378, 'Beersheba', 'en'),
(1134, 378, 'Beersheba', 'de'),
(1135, 379, 'Нетания', 'ru'),
(1136, 379, 'Netanya', 'en'),
(1137, 379, 'Netanya', 'de'),
(1138, 380, 'Петах Тиква', 'ru'),
(1139, 380, 'Petah Tikva', 'en'),
(1140, 380, 'Petah Tikva', 'de'),
(1141, 381, 'Реховот', 'ru'),
(1142, 381, 'Rehovot', 'en'),
(1143, 381, 'Rehovot', 'de'),
(1144, 382, 'Ришон ЛеЦион', 'ru'),
(1145, 382, 'Rishon LeZion', 'en'),
(1146, 382, 'Rishon LeZion', 'de'),
(1147, 383, 'Тель-Авив', 'ru'),
(1148, 383, 'Tel Aviv', 'en'),
(1149, 383, 'Tel Aviv', 'de'),
(1150, 384, 'Хайфа', 'ru'),
(1151, 384, 'Haifa', 'en'),
(1152, 384, 'Haifa', 'de'),
(1153, 385, 'Ahmedabad', 'ru'),
(1154, 385, 'Ahmedabad', 'en'),
(1155, 385, 'Ahmedabad', 'de'),
(1156, 386, 'Bangalore', 'ru'),
(1157, 386, 'Bangalore', 'en'),
(1158, 386, 'Bangalore', 'de'),
(1159, 387, 'Chennai', 'ru'),
(1160, 387, 'Chennai', 'en'),
(1161, 387, 'Chennai', 'de'),
(1162, 388, 'Delhi', 'ru'),
(1163, 388, 'Delhi', 'en'),
(1164, 388, 'Delhi', 'de'),
(1165, 389, 'Hyderābād', 'ru'),
(1166, 389, 'Hyderābād', 'en'),
(1167, 389, 'Hyderābād', 'de'),
(1168, 390, 'Kānpur', 'ru'),
(1169, 390, 'Kānpur', 'en'),
(1170, 390, 'Kānpur', 'de'),
(1171, 391, 'Kolkata', 'ru'),
(1172, 391, 'Kolkata', 'en'),
(1173, 391, 'Kolkata', 'de'),
(1174, 392, 'Lucknow', 'ru'),
(1175, 392, 'Lucknow', 'en'),
(1176, 392, 'Lucknow', 'de'),
(1177, 393, 'Mumbai', 'ru'),
(1178, 393, 'Mumbai', 'en'),
(1179, 393, 'Mumbai', 'de'),
(1180, 394, 'New Delhi', 'ru'),
(1181, 394, 'New Delhi', 'en'),
(1182, 394, 'New Delhi', 'de'),
(1183, 395, 'Pune', 'ru'),
(1184, 395, 'Pune', 'en'),
(1185, 395, 'Pune', 'de'),
(1186, 396, 'Bandar Lampung', 'ru'),
(1187, 396, 'Bandar Lampung', 'en'),
(1188, 396, 'Bandar Lampung', 'de'),
(1189, 397, 'Bandung', 'ru'),
(1190, 397, 'Bandung', 'en'),
(1191, 397, 'Bandung', 'de'),
(1192, 398, 'Jakarta', 'ru'),
(1193, 398, 'Jakarta', 'en'),
(1194, 398, 'Jakarta', 'de'),
(1195, 399, 'Makassar', 'ru'),
(1196, 399, 'Makassar', 'en'),
(1197, 399, 'Makassar', 'de'),
(1198, 400, 'Medan', 'ru'),
(1199, 400, 'Medan', 'en'),
(1200, 400, 'Medan', 'de'),
(1201, 401, 'Palembang', 'ru'),
(1202, 401, 'Palembang', 'en'),
(1203, 401, 'Palembang', 'de'),
(1204, 402, 'Semarang', 'ru'),
(1205, 402, 'Semarang', 'en'),
(1206, 402, 'Semarang', 'de'),
(1207, 403, 'Surabaya', 'ru'),
(1208, 403, 'Surabaya', 'en'),
(1209, 403, 'Surabaya', 'de'),
(1210, 404, 'Yogyakarta', 'ru'),
(1211, 404, 'Yogyakarta', 'en'),
(1212, 404, 'Yogyakarta', 'de'),
(1213, 405, 'Amman', 'ru'),
(1214, 405, 'Amman', 'en'),
(1215, 405, 'Amman', 'de'),
(1216, 406, 'Aqabah', 'ru'),
(1217, 406, 'Aqabah', 'en'),
(1218, 406, 'Aqabah', 'de'),
(1219, 407, 'Irbid', 'ru'),
(1220, 407, 'Irbid', 'en'),
(1221, 407, 'Irbid', 'de'),
(1222, 408, 'Madaba', 'ru'),
(1223, 408, 'Madaba', 'en'),
(1224, 408, 'Madaba', 'de'),
(1225, 409, 'Zarqa', 'ru'),
(1226, 409, 'Zarqa', 'en'),
(1227, 409, 'Zarqa', 'de'),
(1228, 410, 'Baghdad', 'ru'),
(1229, 410, 'Baghdad', 'en'),
(1230, 410, 'Baghdad', 'de'),
(1231, 411, 'Basra', 'ru'),
(1232, 411, 'Basra', 'en'),
(1233, 411, 'Basra', 'de'),
(1234, 412, 'Boneh-ye Karbalā’ī Ḩājj', 'ru'),
(1235, 412, 'Boneh-ye Karbalā’ī Ḩājj', 'en'),
(1236, 412, 'Boneh-ye Karbalā’ī Ḩājj', 'de'),
(1237, 413, 'Erbil', 'ru'),
(1238, 413, 'Erbil', 'en'),
(1239, 413, 'Erbil', 'de'),
(1240, 414, 'Fallujah', 'ru'),
(1241, 414, 'Fallujah', 'en'),
(1242, 414, 'Fallujah', 'de'),
(1243, 415, 'Kirkuk', 'ru'),
(1244, 415, 'Kirkuk', 'en'),
(1245, 415, 'Kirkuk', 'de'),
(1246, 416, 'Mosul', 'ru'),
(1247, 416, 'Mosul', 'en'),
(1248, 416, 'Mosul', 'de'),
(1249, 417, 'Najaf', 'ru'),
(1250, 417, 'Najaf', 'en'),
(1251, 417, 'Najaf', 'de'),
(1252, 418, 'Ramadi', 'ru'),
(1253, 418, 'Ramadi', 'en'),
(1254, 418, 'Ramadi', 'de'),
(1255, 419, 'Sulaymaniyah', 'ru'),
(1256, 419, 'Sulaymaniyah', 'en'),
(1257, 419, 'Sulaymaniyah', 'de'),
(1258, 420, 'Ahvāz', 'ru'),
(1259, 420, 'Ahvāz', 'en'),
(1260, 420, 'Ahvāz', 'de'),
(1261, 421, 'Arāk', 'ru'),
(1262, 421, 'Arāk', 'en'),
(1263, 421, 'Arāk', 'de'),
(1264, 422, 'Ardabīl', 'ru'),
(1265, 422, 'Ardabīl', 'en'),
(1266, 422, 'Ardabīl', 'de'),
(1267, 423, 'Bandar ‘Abbās', 'ru'),
(1268, 423, 'Bandar ‘Abbās', 'en'),
(1269, 423, 'Bandar ‘Abbās', 'de'),
(1270, 424, 'Būshehr', 'ru'),
(1271, 424, 'Būshehr', 'en'),
(1272, 424, 'Būshehr', 'de'),
(1273, 425, 'Eşfahān', 'ru'),
(1274, 425, 'Eşfahān', 'en'),
(1275, 425, 'Eşfahān', 'de'),
(1276, 426, 'Gorgān', 'ru'),
(1277, 426, 'Gorgān', 'en'),
(1278, 426, 'Gorgān', 'de'),
(1279, 427, 'Hamadān', 'ru'),
(1280, 427, 'Hamadān', 'en'),
(1281, 427, 'Hamadān', 'de'),
(1282, 428, 'Karaj', 'ru'),
(1283, 428, 'Karaj', 'en'),
(1284, 428, 'Karaj', 'de'),
(1285, 429, 'Kermān', 'ru'),
(1286, 429, 'Kermān', 'en'),
(1287, 429, 'Kermān', 'de'),
(1288, 430, 'Kermānshāh', 'ru'),
(1289, 430, 'Kermānshāh', 'en'),
(1290, 430, 'Kermānshāh', 'de'),
(1291, 431, 'Kīsh', 'ru'),
(1292, 431, 'Kīsh', 'en'),
(1293, 431, 'Kīsh', 'de'),
(1294, 432, 'Mashhad', 'ru'),
(1295, 432, 'Mashhad', 'en'),
(1296, 432, 'Mashhad', 'de'),
(1297, 433, 'Qazvīn', 'ru'),
(1298, 433, 'Qazvīn', 'en'),
(1299, 433, 'Qazvīn', 'de'),
(1300, 434, 'Qom', 'ru'),
(1301, 434, 'Qom', 'en'),
(1302, 434, 'Qom', 'de'),
(1303, 435, 'Rasht', 'ru'),
(1304, 435, 'Rasht', 'en'),
(1305, 435, 'Rasht', 'de'),
(1306, 436, 'Sanandaj', 'ru'),
(1307, 436, 'Sanandaj', 'en'),
(1308, 436, 'Sanandaj', 'de'),
(1309, 437, 'Sarī', 'ru'),
(1310, 437, 'Sarī', 'en'),
(1311, 437, 'Sarī', 'de'),
(1312, 438, 'Shīrāz', 'ru'),
(1313, 438, 'Shīrāz', 'en'),
(1314, 438, 'Shīrāz', 'de'),
(1315, 439, 'Tabrīz', 'ru'),
(1316, 439, 'Tabrīz', 'en'),
(1317, 439, 'Tabrīz', 'de'),
(1318, 440, 'Tehran', 'ru'),
(1319, 440, 'Tehran', 'en'),
(1320, 440, 'Tehran', 'de'),
(1321, 441, 'Urmia', 'ru'),
(1322, 441, 'Urmia', 'en'),
(1323, 441, 'Urmia', 'de'),
(1324, 442, 'Yazd', 'ru'),
(1325, 442, 'Yazd', 'en'),
(1326, 442, 'Yazd', 'de'),
(1327, 443, 'Zāhedān', 'ru'),
(1328, 443, 'Zāhedān', 'en'),
(1329, 443, 'Zāhedān', 'de'),
(1330, 444, 'Zanjān', 'ru'),
(1331, 444, 'Zanjān', 'en'),
(1332, 444, 'Zanjān', 'de'),
(1333, 445, 'Cork', 'ru'),
(1334, 445, 'Cork', 'en'),
(1335, 445, 'Cork', 'de'),
(1336, 446, 'Dublin', 'ru'),
(1337, 446, 'Dublin', 'en'),
(1338, 446, 'Dublin', 'de'),
(1339, 447, 'Galway', 'ru'),
(1340, 447, 'Galway', 'en'),
(1341, 447, 'Galway', 'de'),
(1342, 448, 'Limerick', 'ru'),
(1343, 448, 'Limerick', 'en'),
(1344, 448, 'Limerick', 'de'),
(1345, 449, 'Hafnarfjörður', 'ru'),
(1346, 449, 'Hafnarfjörður', 'en'),
(1347, 449, 'Hafnarfjörður', 'de'),
(1348, 450, 'Kópavogur', 'ru'),
(1349, 450, 'Kópavogur', 'en'),
(1350, 450, 'Kópavogur', 'de'),
(1351, 451, 'Reykjavík', 'ru'),
(1352, 451, 'Reykjavík', 'en'),
(1353, 451, 'Reykjavík', 'de'),
(1354, 452, 'Barcelona', 'ru'),
(1355, 452, 'Barcelona', 'en'),
(1356, 452, 'Barcelona', 'de'),
(1357, 453, 'Bilbao', 'ru'),
(1358, 453, 'Bilbao', 'en'),
(1359, 453, 'Bilbao', 'de'),
(1360, 454, 'Granada', 'ru'),
(1361, 454, 'Granada', 'en'),
(1362, 454, 'Granada', 'de'),
(1363, 455, 'Las Palmas de Gran Canaria', 'ru'),
(1364, 455, 'Las Palmas de Gran Canaria', 'en'),
(1365, 455, 'Las Palmas de Gran Canaria', 'de'),
(1366, 456, 'Madrid', 'ru'),
(1367, 456, 'Madrid', 'en'),
(1368, 456, 'Madrid', 'de'),
(1369, 457, 'Málaga', 'ru'),
(1370, 457, 'Málaga', 'en'),
(1371, 457, 'Málaga', 'de'),
(1372, 458, 'Murcia', 'ru'),
(1373, 458, 'Murcia', 'en'),
(1374, 458, 'Murcia', 'de'),
(1375, 459, 'Palma', 'ru'),
(1376, 459, 'Palma', 'en'),
(1377, 459, 'Palma', 'de'),
(1378, 460, 'Santa Cruz de Tenerife', 'ru'),
(1379, 460, 'Santa Cruz de Tenerife', 'en'),
(1380, 460, 'Santa Cruz de Tenerife', 'de'),
(1381, 461, 'Sevilla', 'ru'),
(1382, 461, 'Sevilla', 'en'),
(1383, 461, 'Sevilla', 'de'),
(1384, 462, 'Valencia', 'ru'),
(1385, 462, 'Valencia', 'en'),
(1386, 462, 'Valencia', 'de'),
(1387, 463, 'Zaragoza', 'ru'),
(1388, 463, 'Zaragoza', 'en'),
(1389, 463, 'Zaragoza', 'de'),
(1390, 464, 'Bari', 'ru'),
(1391, 464, 'Bari', 'en'),
(1392, 464, 'Bari', 'de'),
(1393, 465, 'Bologna', 'ru'),
(1394, 465, 'Bologna', 'en'),
(1395, 465, 'Bologna', 'de'),
(1396, 466, 'Firenze', 'ru'),
(1397, 466, 'Firenze', 'en'),
(1398, 466, 'Firenze', 'de'),
(1399, 467, 'Genova', 'ru'),
(1400, 467, 'Genova', 'en'),
(1401, 467, 'Genova', 'de'),
(1402, 468, 'Milano', 'ru'),
(1403, 468, 'Milano', 'en'),
(1404, 468, 'Milano', 'de'),
(1405, 469, 'Napoli', 'ru'),
(1406, 469, 'Napoli', 'en'),
(1407, 469, 'Napoli', 'de'),
(1408, 470, 'Palermo', 'ru'),
(1409, 470, 'Palermo', 'en'),
(1410, 470, 'Palermo', 'de'),
(1411, 471, 'Roma', 'ru'),
(1412, 471, 'Roma', 'en'),
(1413, 471, 'Roma', 'de'),
(1414, 472, 'Torino', 'ru'),
(1415, 472, 'Torino', 'en'),
(1416, 472, 'Torino', 'de'),
(1417, 473, 'Venezia', 'ru'),
(1418, 473, 'Venezia', 'en'),
(1419, 473, 'Venezia', 'de'),
(1420, 474, 'Verona', 'ru'),
(1421, 474, 'Verona', 'en'),
(1422, 474, 'Verona', 'de'),
(1423, 475, 'Aden', 'ru'),
(1424, 475, 'Aden', 'en'),
(1425, 475, 'Aden', 'de'),
(1426, 476, 'Al Ḩudaydah', 'ru'),
(1427, 476, 'Al Ḩudaydah', 'en'),
(1428, 476, 'Al Ḩudaydah', 'de'),
(1429, 477, 'Al Mukallā', 'ru'),
(1430, 477, 'Al Mukallā', 'en'),
(1431, 477, 'Al Mukallā', 'de'),
(1432, 478, 'Dhamār', 'ru'),
(1433, 478, 'Dhamār', 'en'),
(1434, 478, 'Dhamār', 'de'),
(1435, 479, 'Ibb', 'ru'),
(1436, 479, 'Ibb', 'en'),
(1437, 479, 'Ibb', 'de'),
(1438, 480, 'Sanaa', 'ru'),
(1439, 480, 'Sanaa', 'en'),
(1440, 480, 'Sanaa', 'de'),
(1441, 481, 'Taizz', 'ru'),
(1442, 481, 'Taizz', 'en'),
(1443, 481, 'Taizz', 'de'),
(1444, 482, 'Mindelo', 'ru'),
(1445, 482, 'Mindelo', 'en'),
(1446, 482, 'Mindelo', 'de'),
(1447, 483, 'Praia', 'ru'),
(1448, 483, 'Praia', 'en'),
(1449, 483, 'Praia', 'de'),
(1450, 484, 'Santa Maria', 'ru'),
(1451, 484, 'Santa Maria', 'en'),
(1452, 484, 'Santa Maria', 'de'),
(1498, 500, 'Bătdâmbâng', 'ru'),
(1499, 500, 'Bătdâmbâng', 'en'),
(1500, 500, 'Bătdâmbâng', 'de'),
(1501, 501, 'Phnom Penh', 'ru'),
(1502, 501, 'Phnom Penh', 'en'),
(1503, 501, 'Phnom Penh', 'de'),
(1504, 502, 'Siĕmréab', 'ru'),
(1505, 502, 'Siĕmréab', 'en'),
(1506, 502, 'Siĕmréab', 'de'),
(1507, 503, 'Sihanoukville', 'ru'),
(1508, 503, 'Sihanoukville', 'en'),
(1509, 503, 'Sihanoukville', 'de'),
(1510, 504, 'Bafoussam', 'ru'),
(1511, 504, 'Bafoussam', 'en'),
(1512, 504, 'Bafoussam', 'de'),
(1513, 505, 'Bamenda', 'ru'),
(1514, 505, 'Bamenda', 'en'),
(1515, 505, 'Bamenda', 'de'),
(1516, 506, 'Bertoua', 'ru'),
(1517, 506, 'Bertoua', 'en'),
(1518, 506, 'Bertoua', 'de'),
(1519, 507, 'Douala', 'ru'),
(1520, 507, 'Douala', 'en'),
(1521, 507, 'Douala', 'de'),
(1522, 508, 'Garoua', 'ru'),
(1523, 508, 'Garoua', 'en'),
(1524, 508, 'Garoua', 'de'),
(1525, 509, 'Maroua', 'ru'),
(1526, 509, 'Maroua', 'en'),
(1527, 509, 'Maroua', 'de'),
(1528, 510, 'Ngaoundéré', 'ru'),
(1529, 510, 'Ngaoundéré', 'en'),
(1530, 510, 'Ngaoundéré', 'de'),
(1531, 511, 'Nkongsamba', 'ru'),
(1532, 511, 'Nkongsamba', 'en'),
(1533, 511, 'Nkongsamba', 'de'),
(1534, 512, 'Yaoundé', 'ru'),
(1535, 512, 'Yaoundé', 'en'),
(1536, 512, 'Yaoundé', 'de'),
(1537, 513, 'Calgary', 'ru'),
(1538, 513, 'Calgary', 'en'),
(1539, 513, 'Calgary', 'de'),
(1540, 514, 'Edmonton', 'ru'),
(1541, 514, 'Edmonton', 'en'),
(1542, 514, 'Edmonton', 'de'),
(1543, 515, 'Halifax', 'ru'),
(1544, 515, 'Halifax', 'en'),
(1545, 515, 'Halifax', 'de'),
(1546, 516, 'Montréal', 'ru'),
(1547, 516, 'Montréal', 'en'),
(1548, 516, 'Montréal', 'de'),
(1549, 517, 'Ottawa', 'ru'),
(1550, 517, 'Ottawa', 'en'),
(1551, 517, 'Ottawa', 'de'),
(1552, 518, 'Québec', 'ru'),
(1553, 518, 'Québec', 'en'),
(1554, 518, 'Québec', 'de'),
(1555, 519, 'Toronto', 'ru'),
(1556, 519, 'Toronto', 'en'),
(1557, 519, 'Toronto', 'de'),
(1558, 520, 'Vancouver', 'ru'),
(1559, 520, 'Vancouver', 'en'),
(1560, 520, 'Vancouver', 'de'),
(1561, 521, 'Winnipeg', 'ru'),
(1562, 521, 'Winnipeg', 'en'),
(1563, 521, 'Winnipeg', 'de'),
(1564, 522, 'Al Khawr', 'ru'),
(1565, 522, 'Al Khawr', 'en'),
(1566, 522, 'Al Khawr', 'de'),
(1567, 523, 'Al Wakrah', 'ru'),
(1568, 523, 'Al Wakrah', 'en'),
(1569, 523, 'Al Wakrah', 'de'),
(1570, 524, 'Doha', 'ru'),
(1571, 524, 'Doha', 'en'),
(1572, 524, 'Doha', 'de'),
(1573, 525, 'Umm Sa`īd', 'ru'),
(1574, 525, 'Umm Sa`īd', 'en'),
(1575, 525, 'Umm Sa`īd', 'de'),
(1576, 526, 'Eldoret', 'ru'),
(1577, 526, 'Eldoret', 'en'),
(1578, 526, 'Eldoret', 'de'),
(1579, 527, 'Kisumu', 'ru'),
(1580, 527, 'Kisumu', 'en'),
(1581, 527, 'Kisumu', 'de'),
(1582, 528, 'Mombasa', 'ru'),
(1583, 528, 'Mombasa', 'en'),
(1584, 528, 'Mombasa', 'de'),
(1585, 529, 'Nairobi', 'ru'),
(1586, 529, 'Nairobi', 'en'),
(1587, 529, 'Nairobi', 'de'),
(1588, 530, 'Nakuru', 'ru'),
(1589, 530, 'Nakuru', 'en'),
(1590, 530, 'Nakuru', 'de'),
(1591, 531, 'Famagusta', 'ru'),
(1592, 531, 'Famagusta', 'en'),
(1593, 531, 'Famagusta', 'de'),
(1594, 532, 'Kyrenia', 'ru'),
(1595, 532, 'Kyrenia', 'en'),
(1596, 532, 'Kyrenia', 'de'),
(1597, 533, 'Larnaca', 'ru'),
(1598, 533, 'Larnaca', 'en'),
(1599, 533, 'Larnaca', 'de'),
(1600, 534, 'Limassol', 'ru'),
(1601, 534, 'Limassol', 'en'),
(1602, 534, 'Limassol', 'de'),
(1603, 535, 'Nicosia', 'ru'),
(1604, 535, 'Nicosia', 'en'),
(1605, 535, 'Nicosia', 'de'),
(1606, 536, 'Paphos', 'ru'),
(1607, 536, 'Paphos', 'en'),
(1608, 536, 'Paphos', 'de'),
(1609, 537, 'Tarawa', 'ru'),
(1610, 537, 'Tarawa', 'en'),
(1611, 537, 'Tarawa', 'de'),
(1612, 538, 'Beijing', 'ru'),
(1613, 538, 'Beijing', 'en'),
(1614, 538, 'Beijing', 'de'),
(1615, 539, 'Changchun', 'ru'),
(1616, 539, 'Changchun', 'en'),
(1617, 539, 'Changchun', 'de'),
(1618, 540, 'Chengdu', 'ru'),
(1619, 540, 'Chengdu', 'en'),
(1620, 540, 'Chengdu', 'de'),
(1621, 541, 'Chongqing', 'ru'),
(1622, 541, 'Chongqing', 'en'),
(1623, 541, 'Chongqing', 'de'),
(1624, 542, 'Guangzhou', 'ru'),
(1625, 542, 'Guangzhou', 'en'),
(1626, 542, 'Guangzhou', 'de'),
(1627, 543, 'Harbin', 'ru'),
(1628, 543, 'Harbin', 'en'),
(1629, 543, 'Harbin', 'de'),
(1630, 544, 'Shanghai', 'ru'),
(1631, 544, 'Shanghai', 'en'),
(1632, 544, 'Shanghai', 'de'),
(1633, 545, 'Shenyang', 'ru'),
(1634, 545, 'Shenyang', 'en'),
(1635, 545, 'Shenyang', 'de'),
(1636, 546, 'Tianjin', 'ru'),
(1637, 546, 'Tianjin', 'en'),
(1638, 546, 'Tianjin', 'de'),
(1639, 547, 'Wuhan', 'ru'),
(1640, 547, 'Wuhan', 'en'),
(1641, 547, 'Wuhan', 'de'),
(1642, 548, 'Xi''an', 'ru'),
(1643, 548, 'Xi''an', 'en'),
(1644, 548, 'Xi''an', 'de'),
(1645, 549, 'Barranquilla', 'ru'),
(1646, 549, 'Barranquilla', 'en'),
(1647, 549, 'Barranquilla', 'de'),
(1648, 550, 'Bogotá', 'ru'),
(1649, 550, 'Bogotá', 'en'),
(1650, 550, 'Bogotá', 'de'),
(1651, 551, 'Bucaramanga', 'ru'),
(1652, 551, 'Bucaramanga', 'en'),
(1653, 551, 'Bucaramanga', 'de'),
(1654, 552, 'Cali', 'ru'),
(1655, 552, 'Cali', 'en'),
(1656, 552, 'Cali', 'de'),
(1657, 553, 'Cartagena de Indias', 'ru'),
(1658, 553, 'Cartagena de Indias', 'en'),
(1659, 553, 'Cartagena de Indias', 'de'),
(1660, 554, 'Cúcuta', 'ru'),
(1661, 554, 'Cúcuta', 'en'),
(1662, 554, 'Cúcuta', 'de'),
(1663, 555, 'Medellín', 'ru'),
(1664, 555, 'Medellín', 'en'),
(1665, 555, 'Medellín', 'de'),
(1666, 556, 'Pereira', 'ru'),
(1667, 556, 'Pereira', 'en'),
(1668, 556, 'Pereira', 'de'),
(1669, 557, 'Fomboni', 'ru'),
(1670, 557, 'Fomboni', 'en'),
(1671, 557, 'Fomboni', 'de'),
(1672, 558, 'Moroni', 'ru'),
(1673, 558, 'Moroni', 'en'),
(1674, 558, 'Moroni', 'de'),
(1675, 559, 'Brazzaville', 'ru'),
(1676, 559, 'Brazzaville', 'en'),
(1677, 559, 'Brazzaville', 'de'),
(1678, 560, 'Dolisie', 'ru'),
(1679, 560, 'Dolisie', 'en'),
(1680, 560, 'Dolisie', 'de'),
(1681, 561, 'Pointe-Noire', 'ru'),
(1682, 561, 'Pointe-Noire', 'en'),
(1683, 561, 'Pointe-Noire', 'de'),
(1684, 562, 'Boma', 'ru'),
(1685, 562, 'Boma', 'en'),
(1686, 562, 'Boma', 'de'),
(1687, 563, 'Bukavu', 'ru'),
(1688, 563, 'Bukavu', 'en'),
(1689, 563, 'Bukavu', 'de'),
(1690, 564, 'Kananga', 'ru'),
(1691, 564, 'Kananga', 'en'),
(1692, 564, 'Kananga', 'de'),
(1693, 565, 'Kinshasa', 'ru'),
(1694, 565, 'Kinshasa', 'en'),
(1695, 565, 'Kinshasa', 'de'),
(1696, 566, 'Kisangani', 'ru'),
(1697, 566, 'Kisangani', 'en'),
(1698, 566, 'Kisangani', 'de'),
(1699, 567, 'Kolwezi', 'ru'),
(1700, 567, 'Kolwezi', 'en'),
(1701, 567, 'Kolwezi', 'de'),
(1702, 568, 'Likasi', 'ru'),
(1703, 568, 'Likasi', 'en'),
(1704, 568, 'Likasi', 'de'),
(1705, 569, 'Lubumbashi', 'ru'),
(1706, 569, 'Lubumbashi', 'en'),
(1707, 569, 'Lubumbashi', 'de'),
(1708, 570, 'Mbuji-Mayi', 'ru'),
(1709, 570, 'Mbuji-Mayi', 'en'),
(1710, 570, 'Mbuji-Mayi', 'de'),
(1711, 571, 'Tshikapa', 'ru'),
(1712, 571, 'Tshikapa', 'en'),
(1713, 571, 'Tshikapa', 'de'),
(1714, 572, 'Cartago', 'ru'),
(1715, 572, 'Cartago', 'en'),
(1716, 572, 'Cartago', 'de'),
(1717, 573, 'Limón', 'ru'),
(1718, 573, 'Limón', 'en'),
(1719, 573, 'Limón', 'de'),
(1720, 574, 'Puntarenas', 'ru'),
(1721, 574, 'Puntarenas', 'en'),
(1722, 574, 'Puntarenas', 'de'),
(1723, 575, 'San José', 'ru'),
(1724, 575, 'San José', 'en'),
(1725, 575, 'San José', 'de'),
(1726, 576, 'Abidjan', 'ru'),
(1727, 576, 'Abidjan', 'en'),
(1728, 576, 'Abidjan', 'de'),
(1729, 577, 'Bouaké', 'ru'),
(1730, 577, 'Bouaké', 'en'),
(1731, 577, 'Bouaké', 'de'),
(1732, 578, 'Daloa', 'ru'),
(1733, 578, 'Daloa', 'en'),
(1734, 578, 'Daloa', 'de'),
(1735, 579, 'Divo', 'ru'),
(1736, 579, 'Divo', 'en'),
(1737, 579, 'Divo', 'de'),
(1738, 580, 'Korhogo', 'ru'),
(1739, 580, 'Korhogo', 'en'),
(1740, 580, 'Korhogo', 'de'),
(1741, 581, 'San Pedro', 'ru'),
(1742, 581, 'San Pedro', 'en'),
(1743, 581, 'San Pedro', 'de'),
(1744, 582, 'Yamoussoukro', 'ru'),
(1745, 582, 'Yamoussoukro', 'en'),
(1746, 582, 'Yamoussoukro', 'de'),
(1747, 583, 'Bayamo', 'ru'),
(1748, 583, 'Bayamo', 'en'),
(1749, 583, 'Bayamo', 'de'),
(1750, 584, 'Camagüey', 'ru'),
(1751, 584, 'Camagüey', 'en'),
(1752, 584, 'Camagüey', 'de'),
(1753, 585, 'Ciego de Ávila', 'ru'),
(1754, 585, 'Ciego de Ávila', 'en'),
(1755, 585, 'Ciego de Ávila', 'de'),
(1756, 586, 'Cienfuegos', 'ru'),
(1757, 586, 'Cienfuegos', 'en'),
(1758, 586, 'Cienfuegos', 'de'),
(1759, 587, 'Guantánamo', 'ru'),
(1760, 587, 'Guantánamo', 'en'),
(1761, 587, 'Guantánamo', 'de'),
(1762, 588, 'Holguín', 'ru'),
(1763, 588, 'Holguín', 'en'),
(1764, 588, 'Holguín', 'de'),
(1765, 589, 'La Habana', 'ru'),
(1766, 589, 'La Habana', 'en'),
(1767, 589, 'La Habana', 'de'),
(1768, 590, 'Las Tunas', 'ru'),
(1769, 590, 'Las Tunas', 'en'),
(1770, 590, 'Las Tunas', 'de'),
(1771, 591, 'Matanzas', 'ru'),
(1772, 591, 'Matanzas', 'en'),
(1773, 591, 'Matanzas', 'de'),
(1774, 592, 'Pinar del Río', 'ru'),
(1775, 592, 'Pinar del Río', 'en'),
(1776, 592, 'Pinar del Río', 'de'),
(1777, 593, 'Santa Clara', 'ru'),
(1778, 593, 'Santa Clara', 'en'),
(1779, 593, 'Santa Clara', 'de'),
(1780, 594, 'Santiago de Cuba', 'ru'),
(1781, 594, 'Santiago de Cuba', 'en'),
(1782, 594, 'Santiago de Cuba', 'de'),
(1783, 595, 'Al Jahra', 'ru'),
(1784, 595, 'Al Jahra', 'en'),
(1785, 595, 'Al Jahra', 'de'),
(1786, 596, 'Kuwait', 'ru'),
(1787, 596, 'Kuwait', 'en'),
(1788, 596, 'Kuwait', 'de'),
(1819, 607, 'Willemstad', 'ru'),
(1820, 607, 'Willemstad', 'en'),
(1821, 607, 'Willemstad', 'de'),
(1822, 608, 'Ban Phônsavan', 'ru'),
(1823, 608, 'Ban Phônsavan', 'en'),
(1824, 608, 'Ban Phônsavan', 'de'),
(1825, 609, 'Louangphrabang', 'ru'),
(1826, 609, 'Louangphrabang', 'en'),
(1827, 609, 'Louangphrabang', 'de'),
(1828, 610, 'Pakxé', 'ru'),
(1829, 610, 'Pakxé', 'en'),
(1830, 610, 'Pakxé', 'de'),
(1831, 611, 'San Nua', 'ru'),
(1832, 611, 'San Nua', 'en'),
(1833, 611, 'San Nua', 'de'),
(1834, 612, 'Savannakhét', 'ru'),
(1835, 612, 'Savannakhét', 'en'),
(1836, 612, 'Savannakhét', 'de'),
(1837, 613, 'Vientiane', 'ru'),
(1838, 613, 'Vientiane', 'en'),
(1839, 613, 'Vientiane', 'de'),
(1840, 614, 'Rīga', 'ru'),
(1841, 614, 'Rīga', 'en'),
(1842, 614, 'Rīga', 'de'),
(1843, 615, 'Daugavpils', 'ru'),
(1844, 615, 'Daugavpils', 'en'),
(1845, 615, 'Daugavpils', 'de'),
(1846, 616, 'Liepāja', 'ru'),
(1847, 616, 'Liepāja', 'en'),
(1848, 616, 'Liepāja', 'de'),
(1849, 617, 'Jelgava', 'ru'),
(1850, 617, 'Jelgava', 'en'),
(1851, 617, 'Jelgava', 'de'),
(1852, 618, 'Jūrmala', 'ru'),
(1853, 618, 'Jūrmala', 'en'),
(1854, 618, 'Jūrmala', 'de'),
(1855, 619, 'Ventspils', 'ru'),
(1856, 619, 'Ventspils', 'en'),
(1857, 619, 'Ventspils', 'de'),
(1858, 620, 'Rēzekne', 'ru'),
(1859, 620, 'Rēzekne', 'en'),
(1860, 620, 'Rēzekne', 'de'),
(1861, 621, 'Valmiera', 'ru'),
(1862, 621, 'Valmiera', 'en'),
(1863, 621, 'Valmiera', 'de'),
(1864, 622, 'Ogre', 'ru'),
(1865, 622, 'Ogre', 'en'),
(1866, 622, 'Ogre', 'de'),
(1867, 623, 'Cēsis', 'ru'),
(1868, 623, 'Cēsis', 'en'),
(1869, 623, 'Cēsis', 'de'),
(1870, 624, 'Mafeteng', 'ru'),
(1871, 624, 'Mafeteng', 'en'),
(1872, 624, 'Mafeteng', 'de'),
(1873, 625, 'Maseru', 'ru'),
(1874, 625, 'Maseru', 'en'),
(1875, 625, 'Maseru', 'de'),
(1876, 626, 'Teyateyaneng', 'ru'),
(1877, 626, 'Teyateyaneng', 'en'),
(1878, 626, 'Teyateyaneng', 'de'),
(1879, 627, 'Buchanan', 'ru'),
(1880, 627, 'Buchanan', 'en'),
(1881, 627, 'Buchanan', 'de'),
(1882, 628, 'Harper', 'ru'),
(1883, 628, 'Harper', 'en'),
(1884, 628, 'Harper', 'de'),
(1885, 629, 'Monrovia', 'ru'),
(1886, 629, 'Monrovia', 'en'),
(1887, 629, 'Monrovia', 'de'),
(1888, 630, 'Beirut', 'ru'),
(1889, 630, 'Beirut', 'en'),
(1890, 630, 'Beirut', 'de'),
(1891, 631, 'Sidon', 'ru'),
(1892, 631, 'Sidon', 'en'),
(1893, 631, 'Sidon', 'de'),
(1894, 632, 'Tripoli', 'ru'),
(1895, 632, 'Tripoli', 'en'),
(1896, 632, 'Tripoli', 'de'),
(1897, 633, 'Benghazi', 'ru'),
(1898, 633, 'Benghazi', 'en'),
(1899, 633, 'Benghazi', 'de'),
(1900, 634, 'Misrata', 'ru'),
(1901, 634, 'Misrata', 'en'),
(1902, 634, 'Misrata', 'de'),
(1903, 635, 'Sabha', 'ru'),
(1904, 635, 'Sabha', 'en'),
(1905, 635, 'Sabha', 'de'),
(1906, 636, 'Tripoli', 'ru'),
(1907, 636, 'Tripoli', 'en'),
(1908, 636, 'Tripoli', 'de'),
(1909, 637, 'Vilnius', 'ru'),
(1910, 637, 'Vilnius ', 'en'),
(1911, 637, 'Vilnius', 'de'),
(1912, 638, '﻿Alytus', 'ru'),
(1913, 638, '﻿Alytus', 'en'),
(1914, 638, '﻿Alytus', 'de'),
(1915, 639, 'Kaunas', 'ru'),
(1916, 639, 'Kaunas', 'en'),
(1917, 639, 'Kaunas', 'de'),
(1918, 640, 'Klaipėda', 'ru'),
(1919, 640, 'Klaipėda', 'en'),
(1920, 640, 'Klaipėda', 'de'),
(1921, 641, 'Marijampolė', 'ru'),
(1922, 641, 'Marijampolė', 'en'),
(1923, 641, 'Marijampolė', 'de'),
(1924, 642, 'Panevėžys', 'ru'),
(1925, 642, 'Panevėžys', 'en'),
(1926, 642, 'Panevėžys', 'de'),
(1927, 643, 'Šiauliai', 'ru'),
(1928, 643, 'Šiauliai', 'en'),
(1929, 643, 'Šiauliai', 'de'),
(1930, 644, 'Tauragė', 'ru'),
(1931, 644, 'Tauragė', 'en'),
(1932, 644, 'Tauragė', 'de'),
(1933, 645, 'Telšiai', 'ru'),
(1934, 645, 'Telšiai', 'en'),
(1935, 645, 'Telšiai', 'de'),
(1936, 646, 'Utena', 'ru'),
(1937, 646, 'Utena', 'en'),
(1938, 646, 'Utena', 'de'),
(1939, 647, 'Vaduz', 'ru'),
(1940, 647, 'Vaduz', 'en'),
(1941, 647, 'Vaduz', 'de');
INSERT INTO `odj_city_translation` (`id`, `translatable_id`, `title`, `locale`) VALUES
(1942, 648, 'Differdange', 'ru'),
(1943, 648, 'Differdange', 'en'),
(1944, 648, 'Differdange', 'de'),
(1945, 649, 'Dudelange', 'ru'),
(1946, 649, 'Dudelange', 'en'),
(1947, 649, 'Dudelange', 'de'),
(1948, 650, 'Luxembourg', 'ru'),
(1949, 650, 'Luxembourg', 'en'),
(1950, 650, 'Luxembourg', 'de'),
(1951, 651, 'Beau Bassin', 'ru'),
(1952, 651, 'Beau Bassin', 'en'),
(1953, 651, 'Beau Bassin', 'de'),
(1954, 652, 'Curepipe', 'ru'),
(1955, 652, 'Curepipe', 'en'),
(1956, 652, 'Curepipe', 'de'),
(1957, 653, 'Port Louis', 'ru'),
(1958, 653, 'Port Louis', 'en'),
(1959, 653, 'Port Louis', 'de'),
(1960, 654, 'Adel Bagrou', 'ru'),
(1961, 654, 'Adel Bagrou', 'en'),
(1962, 654, 'Adel Bagrou', 'de'),
(1963, 655, 'Nouâdhibou', 'ru'),
(1964, 655, 'Nouâdhibou', 'en'),
(1965, 655, 'Nouâdhibou', 'de'),
(1966, 656, 'Nouakchott', 'ru'),
(1967, 656, 'Nouakchott', 'en'),
(1968, 656, 'Nouakchott', 'de'),
(1969, 657, 'Rosso', 'ru'),
(1970, 657, 'Rosso', 'en'),
(1971, 657, 'Rosso', 'de'),
(1972, 658, 'Antananarivo', 'ru'),
(1973, 658, 'Antananarivo', 'en'),
(1974, 658, 'Antananarivo', 'de'),
(1975, 659, 'Antsirabe', 'ru'),
(1976, 659, 'Antsirabe', 'en'),
(1977, 659, 'Antsirabe', 'de'),
(1978, 660, 'Fianarantsoa', 'ru'),
(1979, 660, 'Fianarantsoa', 'en'),
(1980, 660, 'Fianarantsoa', 'de'),
(1981, 661, 'Mahajanga', 'ru'),
(1982, 661, 'Mahajanga', 'en'),
(1983, 661, 'Mahajanga', 'de'),
(1984, 662, 'Toamasina', 'ru'),
(1985, 662, 'Toamasina', 'en'),
(1986, 662, 'Toamasina', 'de'),
(1987, 663, 'Toliara', 'ru'),
(1988, 663, 'Toliara', 'en'),
(1989, 663, 'Toliara', 'de'),
(1990, 664, 'Macau', 'ru'),
(1991, 664, 'Macau', 'en'),
(1992, 664, 'Macau', 'de'),
(1993, 665, 'Битола', 'ru'),
(1994, 665, 'Битола', 'en'),
(1995, 665, 'Битола', 'de'),
(1996, 666, 'Куманово', 'ru'),
(1997, 666, 'Куманово', 'en'),
(1998, 666, 'Куманово', 'de'),
(1999, 667, 'Охрид', 'ru'),
(2000, 667, 'Охрид', 'en'),
(2001, 667, 'Охрид', 'de'),
(2002, 668, 'Прилеп', 'ru'),
(2003, 668, 'Прилеп', 'en'),
(2004, 668, 'Прилеп', 'de'),
(2005, 669, 'Скопје', 'ru'),
(2006, 669, 'Скопје', 'en'),
(2007, 669, 'Скопје', 'de'),
(2008, 670, 'Струмица', 'ru'),
(2009, 670, 'Струмица', 'en'),
(2010, 670, 'Струмица', 'de'),
(2011, 671, 'Тетово', 'ru'),
(2012, 671, 'Тетово', 'en'),
(2013, 671, 'Тетово', 'de'),
(2014, 672, 'Штип', 'ru'),
(2015, 672, 'Штип', 'en'),
(2016, 672, 'Штип', 'de'),
(2017, 673, 'Blantyre', 'ru'),
(2018, 673, 'Blantyre', 'en'),
(2019, 673, 'Blantyre', 'de'),
(2020, 674, 'Lilongwe', 'ru'),
(2021, 674, 'Lilongwe', 'en'),
(2022, 674, 'Lilongwe', 'de'),
(2023, 675, 'Zomba', 'ru'),
(2024, 675, 'Zomba', 'en'),
(2025, 675, 'Zomba', 'de'),
(2026, 676, 'Ampang', 'ru'),
(2027, 676, 'Ampang', 'en'),
(2028, 676, 'Ampang', 'de'),
(2029, 677, 'Batu Pahat', 'ru'),
(2030, 677, 'Batu Pahat', 'en'),
(2031, 677, 'Batu Pahat', 'de'),
(2032, 678, 'Ipoh', 'ru'),
(2033, 678, 'Ipoh', 'en'),
(2034, 678, 'Ipoh', 'de'),
(2035, 679, 'Johor Bahru', 'ru'),
(2036, 679, 'Johor Bahru', 'en'),
(2037, 679, 'Johor Bahru', 'de'),
(2038, 680, 'Klang', 'ru'),
(2039, 680, 'Klang', 'en'),
(2040, 680, 'Klang', 'de'),
(2041, 681, 'Kuala Lumpur', 'ru'),
(2042, 681, 'Kuala Lumpur', 'en'),
(2043, 681, 'Kuala Lumpur', 'de'),
(2044, 682, 'Kuching', 'ru'),
(2045, 682, 'Kuching', 'en'),
(2046, 682, 'Kuching', 'de'),
(2047, 683, 'Petaling Jaya', 'ru'),
(2048, 683, 'Petaling Jaya', 'en'),
(2049, 683, 'Petaling Jaya', 'de'),
(2050, 684, 'Shah Alam', 'ru'),
(2051, 684, 'Shah Alam', 'en'),
(2052, 684, 'Shah Alam', 'de'),
(2053, 685, 'Subang Jaya', 'ru'),
(2054, 685, 'Subang Jaya', 'en'),
(2055, 685, 'Subang Jaya', 'de'),
(2056, 686, 'Bamako', 'ru'),
(2057, 686, 'Bamako', 'en'),
(2058, 686, 'Bamako', 'de'),
(2059, 687, 'Kayes', 'ru'),
(2060, 687, 'Kayes', 'en'),
(2061, 687, 'Kayes', 'de'),
(2062, 688, 'Koutiala', 'ru'),
(2063, 688, 'Koutiala', 'en'),
(2064, 688, 'Koutiala', 'de'),
(2065, 689, 'Mopti', 'ru'),
(2066, 689, 'Mopti', 'en'),
(2067, 689, 'Mopti', 'de'),
(2068, 690, 'Niono', 'ru'),
(2069, 690, 'Niono', 'en'),
(2070, 690, 'Niono', 'de'),
(2071, 691, 'Nioro du Sahel', 'ru'),
(2072, 691, 'Nioro du Sahel', 'en'),
(2073, 691, 'Nioro du Sahel', 'de'),
(2074, 692, 'Ségou', 'ru'),
(2075, 692, 'Ségou', 'en'),
(2076, 692, 'Ségou', 'de'),
(2077, 693, 'Sikasso', 'ru'),
(2078, 693, 'Sikasso', 'en'),
(2079, 693, 'Sikasso', 'de'),
(2080, 694, 'Malé', 'ru'),
(2081, 694, 'Malé', 'en'),
(2082, 694, 'Malé', 'de'),
(2083, 695, 'Valletta', 'ru'),
(2084, 695, 'Valletta', 'en'),
(2085, 695, 'Valletta', 'de'),
(2086, 696, 'Agadir', 'ru'),
(2087, 696, 'Agadir', 'en'),
(2088, 696, 'Agadir', 'de'),
(2089, 697, 'Casablanca', 'ru'),
(2090, 697, 'Casablanca', 'en'),
(2091, 697, 'Casablanca', 'de'),
(2092, 698, 'Fès', 'ru'),
(2093, 698, 'Fès', 'en'),
(2094, 698, 'Fès', 'de'),
(2095, 699, 'Kenitra', 'ru'),
(2096, 699, 'Kenitra', 'en'),
(2097, 699, 'Kenitra', 'de'),
(2098, 700, 'Marrakech', 'ru'),
(2099, 700, 'Marrakech', 'en'),
(2100, 700, 'Marrakech', 'de'),
(2101, 701, 'Meknès', 'ru'),
(2102, 701, 'Meknès', 'en'),
(2103, 701, 'Meknès', 'de'),
(2104, 702, 'Oujda', 'ru'),
(2105, 702, 'Oujda', 'en'),
(2106, 702, 'Oujda', 'de'),
(2107, 703, 'Rabat', 'ru'),
(2108, 703, 'Rabat', 'en'),
(2109, 703, 'Rabat', 'de'),
(2110, 704, 'Tangier', 'ru'),
(2111, 704, 'Tangier', 'en'),
(2112, 704, 'Tangier', 'de'),
(2113, 705, 'Tetouan', 'ru'),
(2114, 705, 'Tetouan', 'en'),
(2115, 705, 'Tetouan', 'de'),
(2116, 706, 'Fort-de-France', 'ru'),
(2117, 706, 'Fort-de-France', 'en'),
(2118, 706, 'Fort-de-France', 'de'),
(2119, 707, 'Majuro', 'ru'),
(2120, 707, 'Majuro', 'en'),
(2121, 707, 'Majuro', 'de'),
(2122, 708, 'Ciudad Juárez', 'ru'),
(2123, 708, 'Ciudad Juárez', 'en'),
(2124, 708, 'Ciudad Juárez', 'de'),
(2125, 709, 'Ciudad Nezahualcóyotl', 'ru'),
(2126, 709, 'Ciudad Nezahualcóyotl', 'en'),
(2127, 709, 'Ciudad Nezahualcóyotl', 'de'),
(2128, 710, 'Ecatepec', 'ru'),
(2129, 710, 'Ecatepec', 'en'),
(2130, 710, 'Ecatepec', 'de'),
(2131, 711, 'Guadalajara', 'ru'),
(2132, 711, 'Guadalajara', 'en'),
(2133, 711, 'Guadalajara', 'de'),
(2134, 712, 'León', 'ru'),
(2135, 712, 'León', 'en'),
(2136, 712, 'León', 'de'),
(2137, 713, 'México', 'ru'),
(2138, 713, 'México', 'en'),
(2139, 713, 'México', 'de'),
(2140, 714, 'Monterrey', 'ru'),
(2141, 714, 'Monterrey', 'en'),
(2142, 714, 'Monterrey', 'de'),
(2143, 715, 'Puebla', 'ru'),
(2144, 715, 'Puebla', 'en'),
(2145, 715, 'Puebla', 'de'),
(2146, 716, 'Tijuana', 'ru'),
(2147, 716, 'Tijuana', 'en'),
(2148, 716, 'Tijuana', 'de'),
(2149, 717, 'Zapopan', 'ru'),
(2150, 717, 'Zapopan', 'en'),
(2151, 717, 'Zapopan', 'de'),
(2152, 718, 'Colonia', 'ru'),
(2153, 718, 'Colonia', 'en'),
(2154, 718, 'Colonia', 'de'),
(2155, 719, 'Kolonia', 'ru'),
(2156, 719, 'Kolonia', 'en'),
(2157, 719, 'Kolonia', 'de'),
(2158, 720, 'Palikir', 'ru'),
(2159, 720, 'Palikir', 'en'),
(2160, 720, 'Palikir', 'de'),
(2161, 721, 'Weno', 'ru'),
(2162, 721, 'Weno', 'en'),
(2163, 721, 'Weno', 'de'),
(2164, 722, 'Beira', 'ru'),
(2165, 722, 'Beira', 'en'),
(2166, 722, 'Beira', 'de'),
(2167, 723, 'Chimoio', 'ru'),
(2168, 723, 'Chimoio', 'en'),
(2169, 723, 'Chimoio', 'de'),
(2170, 724, 'Maputo', 'ru'),
(2171, 724, 'Maputo', 'en'),
(2172, 724, 'Maputo', 'de'),
(2173, 725, 'Matola', 'ru'),
(2174, 725, 'Matola', 'en'),
(2175, 725, 'Matola', 'de'),
(2176, 726, 'Nacala', 'ru'),
(2177, 726, 'Nacala', 'en'),
(2178, 726, 'Nacala', 'de'),
(2179, 727, 'Nampula', 'ru'),
(2180, 727, 'Nampula', 'en'),
(2181, 727, 'Nampula', 'de'),
(2182, 728, 'Quelimane', 'ru'),
(2183, 728, 'Quelimane', 'en'),
(2184, 728, 'Quelimane', 'de'),
(2185, 729, 'Tete', 'ru'),
(2186, 729, 'Tete', 'en'),
(2187, 729, 'Tete', 'de'),
(2188, 730, 'Vila Junqueiro', 'ru'),
(2189, 730, 'Vila Junqueiro', 'en'),
(2190, 730, 'Vila Junqueiro', 'de'),
(2191, 731, 'Xai-Xai', 'ru'),
(2192, 731, 'Xai-Xai', 'en'),
(2193, 731, 'Xai-Xai', 'de'),
(2194, 732, 'Кишинев', 'ru'),
(2195, 732, 'Chişinău ', 'en'),
(2196, 732, 'Chişinău', 'de'),
(2197, 733, 'Тирасполь', 'ru'),
(2198, 733, 'Tiraspol', 'en'),
(2199, 733, 'Tiraspol', 'de'),
(2200, 734, 'Бельцы', 'ru'),
(2201, 734, 'Bălţi ', 'en'),
(2202, 734, 'Bălţi', 'de'),
(2203, 735, 'Бендеры', 'ru'),
(2204, 735, 'Bender', 'en'),
(2205, 735, 'Bender', 'de'),
(2206, 736, 'Дубоссары', 'ru'),
(2207, 736, 'Dubăsari', 'en'),
(2208, 736, 'Dubăsari', 'de'),
(2209, 737, 'Кагул', 'ru'),
(2210, 737, 'Cahul', 'en'),
(2211, 737, 'Cahul', 'de'),
(2212, 738, 'Комрат', 'ru'),
(2213, 738, 'Comrat', 'en'),
(2214, 738, 'Comrat', 'de'),
(2215, 739, 'Оргеев', 'ru'),
(2216, 739, 'Orhei', 'en'),
(2217, 739, 'Orhei', 'de'),
(2218, 740, 'Сороки', 'ru'),
(2219, 740, 'Soroca', 'en'),
(2220, 740, 'Soroca', 'de'),
(2221, 741, 'Monaco', 'ru'),
(2222, 741, 'Monaco', 'en'),
(2223, 741, 'Monaco', 'de'),
(2224, 742, 'Choybalsan', 'ru'),
(2225, 742, 'Choybalsan', 'en'),
(2226, 742, 'Choybalsan', 'de'),
(2227, 743, 'Darhan', 'ru'),
(2228, 743, 'Darhan', 'en'),
(2229, 743, 'Darhan', 'de'),
(2230, 744, 'Erdenet', 'ru'),
(2231, 744, 'Erdenet', 'en'),
(2232, 744, 'Erdenet', 'de'),
(2233, 745, 'Ulaanbaatar', 'ru'),
(2234, 745, 'Ulaanbaatar', 'en'),
(2235, 745, 'Ulaanbaatar', 'de'),
(2236, 746, 'Plymouth', 'ru'),
(2237, 746, 'Plymouth', 'en'),
(2238, 746, 'Plymouth', 'de'),
(2239, 747, 'Akyab', 'ru'),
(2240, 747, 'Akyab', 'en'),
(2241, 747, 'Akyab', 'de'),
(2242, 748, 'Bago', 'ru'),
(2243, 748, 'Bago', 'en'),
(2244, 748, 'Bago', 'de'),
(2245, 749, 'Mandalay', 'ru'),
(2246, 749, 'Mandalay', 'en'),
(2247, 749, 'Mandalay', 'de'),
(2248, 750, 'Mawlamyine', 'ru'),
(2249, 750, 'Mawlamyine', 'en'),
(2250, 750, 'Mawlamyine', 'de'),
(2251, 751, 'Meiktila', 'ru'),
(2252, 751, 'Meiktila', 'en'),
(2253, 751, 'Meiktila', 'de'),
(2254, 752, 'Monywa', 'ru'),
(2255, 752, 'Monywa', 'en'),
(2256, 752, 'Monywa', 'de'),
(2257, 753, 'Myeik', 'ru'),
(2258, 753, 'Myeik', 'en'),
(2259, 753, 'Myeik', 'de'),
(2260, 754, 'Naypyidaw', 'ru'),
(2261, 754, 'Naypyidaw', 'en'),
(2262, 754, 'Naypyidaw', 'de'),
(2263, 755, 'Pathein', 'ru'),
(2264, 755, 'Pathein', 'en'),
(2265, 755, 'Pathein', 'de'),
(2266, 756, 'Taunggyi', 'ru'),
(2267, 756, 'Taunggyi', 'en'),
(2268, 756, 'Taunggyi', 'de'),
(2269, 757, 'Yangon', 'ru'),
(2270, 757, 'Yangon', 'en'),
(2271, 757, 'Yangon', 'de'),
(2272, 758, 'Swakopmund', 'ru'),
(2273, 758, 'Swakopmund', 'en'),
(2274, 758, 'Swakopmund', 'de'),
(2275, 759, 'Windhoek', 'ru'),
(2276, 759, 'Windhoek', 'en'),
(2277, 759, 'Windhoek', 'de'),
(2278, 760, 'Yaren', 'ru'),
(2279, 760, 'Yaren', 'en'),
(2280, 760, 'Yaren', 'de'),
(2281, 761, 'Birātnagar', 'ru'),
(2282, 761, 'Birātnagar', 'en'),
(2283, 761, 'Birātnagar', 'de'),
(2284, 762, 'Kathmandu', 'ru'),
(2285, 762, 'Kathmandu', 'en'),
(2286, 762, 'Kathmandu', 'de'),
(2287, 763, 'Pātan', 'ru'),
(2288, 763, 'Pātan', 'en'),
(2289, 763, 'Pātan', 'de'),
(2290, 764, 'Pokhara', 'ru'),
(2291, 764, 'Pokhara', 'en'),
(2292, 764, 'Pokhara', 'de'),
(2293, 765, 'Maradi', 'ru'),
(2294, 765, 'Maradi', 'en'),
(2295, 765, 'Maradi', 'de'),
(2296, 766, 'Niamey', 'ru'),
(2297, 766, 'Niamey', 'en'),
(2298, 766, 'Niamey', 'de'),
(2299, 767, 'Zinder', 'ru'),
(2300, 767, 'Zinder', 'en'),
(2301, 767, 'Zinder', 'de'),
(2302, 768, 'Abuja', 'ru'),
(2303, 768, 'Abuja', 'en'),
(2304, 768, 'Abuja', 'de'),
(2305, 769, 'Benin-City', 'ru'),
(2306, 769, 'Benin-City', 'en'),
(2307, 769, 'Benin-City', 'de'),
(2308, 770, 'Calabar', 'ru'),
(2309, 770, 'Calabar', 'en'),
(2310, 770, 'Calabar', 'de'),
(2311, 771, 'Ibadan', 'ru'),
(2312, 771, 'Ibadan', 'en'),
(2313, 771, 'Ibadan', 'de'),
(2314, 772, 'Ilorin', 'ru'),
(2315, 772, 'Ilorin', 'en'),
(2316, 772, 'Ilorin', 'de'),
(2317, 773, 'Kaduna', 'ru'),
(2318, 773, 'Kaduna', 'en'),
(2319, 773, 'Kaduna', 'de'),
(2320, 774, 'Kano', 'ru'),
(2321, 774, 'Kano', 'en'),
(2322, 774, 'Kano', 'de'),
(2323, 775, 'Lagos', 'ru'),
(2324, 775, 'Lagos', 'en'),
(2325, 775, 'Lagos', 'de'),
(2326, 776, 'Maiduguri', 'ru'),
(2327, 776, 'Maiduguri', 'en'),
(2328, 776, 'Maiduguri', 'de'),
(2329, 777, 'Port Harcourt', 'ru'),
(2330, 777, 'Port Harcourt', 'en'),
(2331, 777, 'Port Harcourt', 'de'),
(2332, 778, 'Warri', 'ru'),
(2333, 778, 'Warri', 'en'),
(2334, 778, 'Warri', 'de'),
(2335, 779, 'Zaria', 'ru'),
(2336, 779, 'Zaria', 'en'),
(2337, 779, 'Zaria', 'de'),
(2338, 780, 'Amsterdam', 'ru'),
(2339, 780, 'Amsterdam', 'en'),
(2340, 780, 'Amsterdam', 'de'),
(2341, 781, 'Den Haag', 'ru'),
(2342, 781, 'Den Haag', 'en'),
(2343, 781, 'Den Haag', 'de'),
(2344, 782, 'Eindhoven', 'ru'),
(2345, 782, 'Eindhoven', 'en'),
(2346, 782, 'Eindhoven', 'de'),
(2347, 783, 'Groningen', 'ru'),
(2348, 783, 'Groningen', 'en'),
(2349, 783, 'Groningen', 'de'),
(2350, 784, 'Haarlem', 'ru'),
(2351, 784, 'Haarlem', 'en'),
(2352, 784, 'Haarlem', 'de'),
(2353, 785, 'Nijmegen', 'ru'),
(2354, 785, 'Nijmegen', 'en'),
(2355, 785, 'Nijmegen', 'de'),
(2356, 786, 'Rotterdam', 'ru'),
(2357, 786, 'Rotterdam', 'en'),
(2358, 786, 'Rotterdam', 'de'),
(2359, 787, 'Tilburg', 'ru'),
(2360, 787, 'Tilburg', 'en'),
(2361, 787, 'Tilburg', 'de'),
(2362, 788, 'Utrecht', 'ru'),
(2363, 788, 'Utrecht', 'en'),
(2364, 788, 'Utrecht', 'de'),
(2365, 789, 'León', 'ru'),
(2366, 789, 'León', 'en'),
(2367, 789, 'León', 'de'),
(2368, 790, 'Managua', 'ru'),
(2369, 790, 'Managua', 'en'),
(2370, 790, 'Managua', 'de'),
(2371, 791, 'Masaya', 'ru'),
(2372, 791, 'Masaya', 'en'),
(2373, 791, 'Masaya', 'de'),
(2374, 792, 'Alofi', 'ru'),
(2375, 792, 'Alofi', 'en'),
(2376, 792, 'Alofi', 'de'),
(2377, 793, 'Auckland', 'ru'),
(2378, 793, 'Auckland', 'en'),
(2379, 793, 'Auckland', 'de'),
(2380, 794, 'Christchurch', 'ru'),
(2381, 794, 'Christchurch', 'en'),
(2382, 794, 'Christchurch', 'de'),
(2383, 795, 'Dunedin', 'ru'),
(2384, 795, 'Dunedin', 'en'),
(2385, 795, 'Dunedin', 'de'),
(2386, 796, 'Hamilton', 'ru'),
(2387, 796, 'Hamilton', 'en'),
(2388, 796, 'Hamilton', 'de'),
(2389, 797, 'Tauranga', 'ru'),
(2390, 797, 'Tauranga', 'en'),
(2391, 797, 'Tauranga', 'de'),
(2392, 798, 'Wellington', 'ru'),
(2393, 798, 'Wellington', 'en'),
(2394, 798, 'Wellington', 'de'),
(2395, 799, 'Nouméa', 'ru'),
(2396, 799, 'Nouméa', 'en'),
(2397, 799, 'Nouméa', 'de'),
(2398, 800, 'Bergen', 'ru'),
(2399, 800, 'Bergen', 'en'),
(2400, 800, 'Bergen', 'de'),
(2401, 801, 'Drammen', 'ru'),
(2402, 801, 'Drammen', 'en'),
(2403, 801, 'Drammen', 'de'),
(2404, 802, 'Fredrikstad', 'ru'),
(2405, 802, 'Fredrikstad', 'en'),
(2406, 802, 'Fredrikstad', 'de'),
(2407, 803, 'Kristiansand', 'ru'),
(2408, 803, 'Kristiansand', 'en'),
(2409, 803, 'Kristiansand', 'de'),
(2410, 804, 'Oslo', 'ru'),
(2411, 804, 'Oslo', 'en'),
(2412, 804, 'Oslo', 'de'),
(2413, 805, 'Stavanger', 'ru'),
(2414, 805, 'Stavanger', 'en'),
(2415, 805, 'Stavanger', 'de'),
(2416, 806, 'Tromsø', 'ru'),
(2417, 806, 'Tromsø', 'en'),
(2418, 806, 'Tromsø', 'de'),
(2419, 807, 'Trondheim', 'ru'),
(2420, 807, 'Trondheim', 'en'),
(2421, 807, 'Trondheim', 'de'),
(2422, 808, 'Abu Dhabi', 'ru'),
(2423, 808, 'Abu Dhabi', 'en'),
(2424, 808, 'Abu Dhabi', 'de'),
(2425, 809, 'Ajman', 'ru'),
(2426, 809, 'Ajman', 'en'),
(2427, 809, 'Ajman', 'de'),
(2428, 810, 'Al Fujayrah', 'ru'),
(2429, 810, 'Al Fujayrah', 'en'),
(2430, 810, 'Al Fujayrah', 'de'),
(2431, 811, 'Dubai', 'ru'),
(2432, 811, 'Dubai', 'en'),
(2433, 811, 'Dubai', 'de'),
(2434, 812, 'Khawr Fakkān', 'ru'),
(2435, 812, 'Khawr Fakkān', 'en'),
(2436, 812, 'Khawr Fakkān', 'de'),
(2437, 813, 'Ra''s al Khaymah', 'ru'),
(2438, 813, 'Ra''s al Khaymah', 'en'),
(2439, 813, 'Ra''s al Khaymah', 'de'),
(2440, 814, 'Sharjah', 'ru'),
(2441, 814, 'Sharjah', 'en'),
(2442, 814, 'Sharjah', 'de'),
(2443, 815, 'Umm al Qaywayn', 'ru'),
(2444, 815, 'Umm al Qaywayn', 'en'),
(2445, 815, 'Umm al Qaywayn', 'de'),
(2446, 816, 'Muscat', 'ru'),
(2447, 816, 'Muscat', 'en'),
(2448, 816, 'Muscat', 'de'),
(2449, 817, 'Nizwá', 'ru'),
(2450, 817, 'Nizwá', 'en'),
(2451, 817, 'Nizwá', 'de'),
(2452, 818, 'Şalālah', 'ru'),
(2453, 818, 'Şalālah', 'en'),
(2454, 818, 'Şalālah', 'de'),
(2455, 819, 'Douglas', 'ru'),
(2456, 819, 'Douglas', 'en'),
(2457, 819, 'Douglas', 'de'),
(2458, 820, 'Kingston', 'ru'),
(2459, 820, 'Kingston', 'en'),
(2460, 820, 'Kingston', 'de'),
(2461, 821, 'George Town', 'ru'),
(2462, 821, 'George Town', 'en'),
(2463, 821, 'George Town', 'de'),
(2464, 822, 'Avarua', 'ru'),
(2465, 822, 'Avarua', 'en'),
(2466, 822, 'Avarua', 'de'),
(2467, 823, 'Cockburn Town', 'ru'),
(2468, 823, 'Cockburn Town', 'en'),
(2469, 823, 'Cockburn Town', 'de'),
(2470, 824, 'Faisalābād', 'ru'),
(2471, 824, 'Faisalābād', 'en'),
(2472, 824, 'Faisalābād', 'de'),
(2473, 825, 'Gujrānwāla', 'ru'),
(2474, 825, 'Gujrānwāla', 'en'),
(2475, 825, 'Gujrānwāla', 'de'),
(2476, 826, 'Hyderābād', 'ru'),
(2477, 826, 'Hyderābād', 'en'),
(2478, 826, 'Hyderābād', 'de'),
(2479, 827, 'Islamabad', 'ru'),
(2480, 827, 'Islamabad', 'en'),
(2481, 827, 'Islamabad', 'de'),
(2482, 828, 'Karāchi', 'ru'),
(2483, 828, 'Karāchi', 'en'),
(2484, 828, 'Karāchi', 'de'),
(2485, 829, 'Lahore', 'ru'),
(2486, 829, 'Lahore', 'en'),
(2487, 829, 'Lahore', 'de'),
(2488, 830, 'Multan', 'ru'),
(2489, 830, 'Multan', 'en'),
(2490, 830, 'Multan', 'de'),
(2491, 831, 'Peshāwar', 'ru'),
(2492, 831, 'Peshāwar', 'en'),
(2493, 831, 'Peshāwar', 'de'),
(2494, 832, 'Rāwalpindi', 'ru'),
(2495, 832, 'Rāwalpindi', 'en'),
(2496, 832, 'Rāwalpindi', 'de'),
(2497, 833, 'Koror', 'ru'),
(2498, 833, 'Koror', 'en'),
(2499, 833, 'Koror', 'de'),
(2500, 834, 'Bethlehem', 'ru'),
(2501, 834, 'Bethlehem', 'en'),
(2502, 834, 'Bethlehem', 'de'),
(2503, 835, 'Gaza', 'ru'),
(2504, 835, 'Gaza', 'en'),
(2505, 835, 'Gaza', 'de'),
(2506, 836, 'Khan Yunis', 'ru'),
(2507, 836, 'Khan Yunis', 'en'),
(2508, 836, 'Khan Yunis', 'de'),
(2509, 837, 'Colón', 'ru'),
(2510, 837, 'Colón', 'en'),
(2511, 837, 'Colón', 'de'),
(2512, 838, 'David', 'ru'),
(2513, 838, 'David', 'en'),
(2514, 838, 'David', 'de'),
(2515, 839, 'Panama', 'ru'),
(2516, 839, 'Panama', 'en'),
(2517, 839, 'Panama', 'de'),
(2518, 840, 'Arawa', 'ru'),
(2519, 840, 'Arawa', 'en'),
(2520, 840, 'Arawa', 'de'),
(2521, 841, 'Goroka', 'ru'),
(2522, 841, 'Goroka', 'en'),
(2523, 841, 'Goroka', 'de'),
(2524, 842, 'Kokopo', 'ru'),
(2525, 842, 'Kokopo', 'en'),
(2526, 842, 'Kokopo', 'de'),
(2527, 843, 'Lae', 'ru'),
(2528, 843, 'Lae', 'en'),
(2529, 843, 'Lae', 'de'),
(2530, 844, 'Madang', 'ru'),
(2531, 844, 'Madang', 'en'),
(2532, 844, 'Madang', 'de'),
(2533, 845, 'Mount Hagen', 'ru'),
(2534, 845, 'Mount Hagen', 'en'),
(2535, 845, 'Mount Hagen', 'de'),
(2536, 846, 'Port Moresby', 'ru'),
(2537, 846, 'Port Moresby', 'en'),
(2538, 846, 'Port Moresby', 'de'),
(2539, 847, 'Wewak', 'ru'),
(2540, 847, 'Wewak', 'en'),
(2541, 847, 'Wewak', 'de'),
(2542, 848, 'Asunción', 'ru'),
(2543, 848, 'Asunción', 'en'),
(2544, 848, 'Asunción', 'de'),
(2545, 849, 'Ciudad del Este', 'ru'),
(2546, 849, 'Ciudad del Este', 'en'),
(2547, 849, 'Ciudad del Este', 'de'),
(2548, 850, 'Encarnación', 'ru'),
(2549, 850, 'Encarnación', 'en'),
(2550, 850, 'Encarnación', 'de'),
(2551, 851, 'Arequipa', 'ru'),
(2552, 851, 'Arequipa', 'en'),
(2553, 851, 'Arequipa', 'de'),
(2554, 852, 'Chiclayo', 'ru'),
(2555, 852, 'Chiclayo', 'en'),
(2556, 852, 'Chiclayo', 'de'),
(2557, 853, 'Chimbote', 'ru'),
(2558, 853, 'Chimbote', 'en'),
(2559, 853, 'Chimbote', 'de'),
(2560, 854, 'Huancayo', 'ru'),
(2561, 854, 'Huancayo', 'en'),
(2562, 854, 'Huancayo', 'de'),
(2563, 855, 'Iquitos', 'ru'),
(2564, 855, 'Iquitos', 'en'),
(2565, 855, 'Iquitos', 'de'),
(2566, 856, 'Lima', 'ru'),
(2567, 856, 'Lima', 'en'),
(2568, 856, 'Lima', 'de'),
(2569, 857, 'Piura', 'ru'),
(2570, 857, 'Piura', 'en'),
(2571, 857, 'Piura', 'de'),
(2572, 858, 'Trujillo', 'ru'),
(2573, 858, 'Trujillo', 'en'),
(2574, 858, 'Trujillo', 'de'),
(2575, 859, 'Adamstown', 'ru'),
(2576, 859, 'Adamstown', 'en'),
(2577, 859, 'Adamstown', 'de'),
(2578, 860, 'Białystok', 'ru'),
(2579, 860, 'Białystok', 'en'),
(2580, 860, 'Białystok', 'de'),
(2581, 861, 'Bydgoszcz', 'ru'),
(2582, 861, 'Bydgoszcz', 'en'),
(2583, 861, 'Bydgoszcz', 'de'),
(2584, 862, 'Gdańsk', 'ru'),
(2585, 862, 'Gdańsk', 'en'),
(2586, 862, 'Gdańsk', 'de'),
(2587, 863, 'Gdynia', 'ru'),
(2588, 863, 'Gdynia', 'en'),
(2589, 863, 'Gdynia', 'de'),
(2590, 864, 'Katowice', 'ru'),
(2591, 864, 'Katowice', 'en'),
(2592, 864, 'Katowice', 'de'),
(2593, 865, 'Kraków', 'ru'),
(2594, 865, 'Kraków', 'en'),
(2595, 865, 'Kraków', 'de'),
(2596, 866, 'Lublin', 'ru'),
(2597, 866, 'Lublin', 'en'),
(2598, 866, 'Lublin', 'de'),
(2599, 867, 'Poznań', 'ru'),
(2600, 867, 'Poznań', 'en'),
(2601, 867, 'Poznań', 'de'),
(2602, 868, 'Szczecin', 'ru'),
(2603, 868, 'Szczecin', 'en'),
(2604, 868, 'Szczecin', 'de'),
(2605, 869, 'Warszawa', 'ru'),
(2606, 869, 'Warszawa', 'en'),
(2607, 869, 'Warszawa', 'de'),
(2608, 870, 'Wrocław', 'ru'),
(2609, 870, 'Wrocław', 'en'),
(2610, 870, 'Wrocław', 'de'),
(2611, 871, 'Łódź', 'ru'),
(2612, 871, 'Łódź', 'en'),
(2613, 871, 'Łódź', 'de'),
(2614, 872, 'Braga', 'ru'),
(2615, 872, 'Braga', 'en'),
(2616, 872, 'Braga', 'de'),
(2617, 873, 'Coimbra', 'ru'),
(2618, 873, 'Coimbra', 'en'),
(2619, 873, 'Coimbra', 'de'),
(2620, 874, 'Funchal', 'ru'),
(2621, 874, 'Funchal', 'en'),
(2622, 874, 'Funchal', 'de'),
(2623, 875, 'Lisboa', 'ru'),
(2624, 875, 'Lisboa', 'en'),
(2625, 875, 'Lisboa', 'de'),
(2626, 876, 'Porto', 'ru'),
(2627, 876, 'Porto', 'en'),
(2628, 876, 'Porto', 'de'),
(2629, 877, 'Setúbal', 'ru'),
(2630, 877, 'Setúbal', 'en'),
(2631, 877, 'Setúbal', 'de'),
(2632, 878, 'Ponce', 'ru'),
(2633, 878, 'Ponce', 'en'),
(2634, 878, 'Ponce', 'de'),
(2635, 879, 'San Juan', 'ru'),
(2636, 879, 'San Juan', 'en'),
(2637, 879, 'San Juan', 'de'),
(2638, 880, 'Saint Denis', 'ru'),
(2639, 880, 'Saint Denis', 'en'),
(2640, 880, 'Saint Denis', 'de'),
(2695, 899, 'Butare', 'ru'),
(2696, 899, 'Butare', 'en'),
(2697, 899, 'Butare', 'de'),
(2698, 900, 'Gisenyi', 'ru'),
(2699, 900, 'Gisenyi', 'en'),
(2700, 900, 'Gisenyi', 'de'),
(2701, 901, 'Kigali', 'ru'),
(2702, 901, 'Kigali', 'en'),
(2703, 901, 'Kigali', 'de'),
(2704, 902, 'Brăila', 'ru'),
(2705, 902, 'Brăila', 'en'),
(2706, 902, 'Brăila', 'de'),
(2707, 903, 'Braşov', 'ru'),
(2708, 903, 'Braşov', 'en'),
(2709, 903, 'Braşov', 'de'),
(2710, 904, 'Bucureşti', 'ru'),
(2711, 904, 'Bucureşti', 'en'),
(2712, 904, 'Bucureşti', 'de'),
(2713, 905, 'Cluj-Napoca', 'ru'),
(2714, 905, 'Cluj-Napoca', 'en'),
(2715, 905, 'Cluj-Napoca', 'de'),
(2716, 906, 'Constanţa', 'ru'),
(2717, 906, 'Constanţa', 'en'),
(2718, 906, 'Constanţa', 'de'),
(2719, 907, 'Craiova', 'ru'),
(2720, 907, 'Craiova', 'en'),
(2721, 907, 'Craiova', 'de'),
(2722, 908, 'Galaţi', 'ru'),
(2723, 908, 'Galaţi', 'en'),
(2724, 908, 'Galaţi', 'de'),
(2725, 909, 'Iaşi', 'ru'),
(2726, 909, 'Iaşi', 'en'),
(2727, 909, 'Iaşi', 'de'),
(2728, 910, 'Oradea', 'ru'),
(2729, 910, 'Oradea', 'en'),
(2730, 910, 'Oradea', 'de'),
(2731, 911, 'Ploieşti', 'ru'),
(2732, 911, 'Ploieşti', 'en'),
(2733, 911, 'Ploieşti', 'de'),
(2734, 912, 'Timişoara', 'ru'),
(2735, 912, 'Timişoara', 'en'),
(2736, 912, 'Timişoara', 'de'),
(2737, 913, 'Boston', 'ru'),
(2738, 913, 'Boston', 'en'),
(2739, 913, 'Boston', 'de'),
(2740, 914, 'Chicago', 'ru'),
(2741, 914, 'Chicago', 'en'),
(2742, 914, 'Chicago', 'de'),
(2743, 915, 'Houston', 'ru'),
(2744, 915, 'Houston', 'en'),
(2745, 915, 'Houston', 'de'),
(2746, 916, 'Los Angeles', 'ru'),
(2747, 916, 'Los Angeles', 'en'),
(2748, 916, 'Los Angeles', 'de'),
(2749, 917, 'New York City', 'ru'),
(2750, 917, 'New York City', 'en'),
(2751, 917, 'New York City', 'de'),
(2752, 918, 'Philadelphia', 'ru'),
(2753, 918, 'Philadelphia', 'en'),
(2754, 918, 'Philadelphia', 'de'),
(2755, 919, 'San Francisco', 'ru'),
(2756, 919, 'San Francisco', 'en'),
(2757, 919, 'San Francisco', 'de'),
(2758, 920, 'Washington, D.C.', 'ru'),
(2759, 920, 'Washington, D.C.', 'en'),
(2760, 920, 'Washington, D.C.', 'de'),
(2761, 921, 'San Salvador', 'ru'),
(2762, 921, 'San Salvador', 'en'),
(2763, 921, 'San Salvador', 'de'),
(2764, 922, 'Santa Ana', 'ru'),
(2765, 922, 'Santa Ana', 'en'),
(2766, 922, 'Santa Ana', 'de'),
(2767, 923, 'Apia', 'ru'),
(2768, 923, 'Apia', 'en'),
(2769, 923, 'Apia', 'de'),
(2770, 924, 'San Marino', 'ru'),
(2771, 924, 'San Marino', 'en'),
(2772, 924, 'San Marino', 'de'),
(2773, 925, 'Neves', 'ru'),
(2774, 925, 'Neves', 'en'),
(2775, 925, 'Neves', 'de'),
(2776, 926, 'São Tomé', 'ru'),
(2777, 926, 'São Tomé', 'en'),
(2778, 926, 'São Tomé', 'de'),
(2779, 927, 'Trindade', 'ru'),
(2780, 927, 'Trindade', 'en'),
(2781, 927, 'Trindade', 'de'),
(2782, 928, 'Ad Dammām', 'ru'),
(2783, 928, 'Ad Dammām', 'en'),
(2784, 928, 'Ad Dammām', 'de'),
(2785, 929, 'Buraydah', 'ru'),
(2786, 929, 'Buraydah', 'en'),
(2787, 929, 'Buraydah', 'de'),
(2788, 930, 'Jiddah', 'ru'),
(2789, 930, 'Jiddah', 'en'),
(2790, 930, 'Jiddah', 'de'),
(2791, 931, 'Mecca', 'ru'),
(2792, 931, 'Mecca', 'en'),
(2793, 931, 'Mecca', 'de'),
(2794, 932, 'Medina', 'ru'),
(2795, 932, 'Medina', 'en'),
(2796, 932, 'Medina', 'de'),
(2797, 933, 'Riyadh', 'ru'),
(2798, 933, 'Riyadh', 'en'),
(2799, 933, 'Riyadh', 'de'),
(2800, 934, 'Tabuk', 'ru'),
(2801, 934, 'Tabuk', 'en'),
(2802, 934, 'Tabuk', 'de'),
(2803, 935, 'Jamestown', 'ru'),
(2804, 935, 'Jamestown', 'en'),
(2805, 935, 'Jamestown', 'de'),
(2806, 936, 'Chongjin', 'ru'),
(2807, 936, 'Chongjin', 'en'),
(2808, 936, 'Chongjin', 'de'),
(2809, 937, 'Haeju', 'ru'),
(2810, 937, 'Haeju', 'en'),
(2811, 937, 'Haeju', 'de'),
(2812, 938, 'Hamheung', 'ru'),
(2813, 938, 'Hamheung', 'en'),
(2814, 938, 'Hamheung', 'de'),
(2815, 939, 'Hoeryeong', 'ru'),
(2816, 939, 'Hoeryeong', 'en'),
(2817, 939, 'Hoeryeong', 'de'),
(2818, 940, 'Kaeseong', 'ru'),
(2819, 940, 'Kaeseong', 'en'),
(2820, 940, 'Kaeseong', 'de'),
(2821, 941, 'Nampo', 'ru'),
(2822, 941, 'Nampo', 'en'),
(2823, 941, 'Nampo', 'de'),
(2824, 942, 'Pyongyang', 'ru'),
(2825, 942, 'Pyongyang', 'en'),
(2826, 942, 'Pyongyang', 'de'),
(2827, 943, 'Sariwon', 'ru'),
(2828, 943, 'Sariwon', 'en'),
(2829, 943, 'Sariwon', 'de'),
(2830, 944, 'Sineuiju', 'ru'),
(2831, 944, 'Sineuiju', 'en'),
(2832, 944, 'Sineuiju', 'de'),
(2833, 945, 'Wonsan', 'ru'),
(2834, 945, 'Wonsan', 'en'),
(2835, 945, 'Wonsan', 'de'),
(2836, 946, 'Saipan', 'ru'),
(2837, 946, 'Saipan', 'en'),
(2838, 946, 'Saipan', 'de'),
(2839, 947, 'Victoria', 'ru'),
(2840, 947, 'Victoria', 'en'),
(2841, 947, 'Victoria', 'de'),
(2842, 948, 'Dakar', 'ru'),
(2843, 948, 'Dakar', 'en'),
(2844, 948, 'Dakar', 'de'),
(2845, 949, 'Diourbel', 'ru'),
(2846, 949, 'Diourbel', 'en'),
(2847, 949, 'Diourbel', 'de'),
(2848, 950, 'Kaolack', 'ru'),
(2849, 950, 'Kaolack', 'en'),
(2850, 950, 'Kaolack', 'de'),
(2851, 951, 'Louga', 'ru'),
(2852, 951, 'Louga', 'en'),
(2853, 951, 'Louga', 'de'),
(2854, 952, 'Mbour', 'ru'),
(2855, 952, 'Mbour', 'en'),
(2856, 952, 'Mbour', 'de'),
(2857, 953, 'Rufisque', 'ru'),
(2858, 953, 'Rufisque', 'en'),
(2859, 953, 'Rufisque', 'de'),
(2860, 954, 'Saint-Louis', 'ru'),
(2861, 954, 'Saint-Louis', 'en'),
(2862, 954, 'Saint-Louis', 'de'),
(2863, 955, 'Thiès', 'ru'),
(2864, 955, 'Thiès', 'en'),
(2865, 955, 'Thiès', 'de'),
(2866, 956, 'Touba', 'ru'),
(2867, 956, 'Touba', 'en'),
(2868, 956, 'Touba', 'de'),
(2869, 957, 'Ziguinchor', 'ru'),
(2870, 957, 'Ziguinchor', 'en'),
(2871, 957, 'Ziguinchor', 'de'),
(2872, 958, 'Kingstown', 'ru'),
(2873, 958, 'Kingstown', 'en'),
(2874, 958, 'Kingstown', 'de'),
(2875, 959, 'Basseterre', 'ru'),
(2876, 959, 'Basseterre', 'en'),
(2877, 959, 'Basseterre', 'de'),
(2878, 960, 'Castries', 'ru'),
(2879, 960, 'Castries', 'en'),
(2880, 960, 'Castries', 'de'),
(2881, 961, 'Vieux Fort', 'ru'),
(2882, 961, 'Vieux Fort', 'en'),
(2883, 961, 'Vieux Fort', 'de'),
(2884, 962, 'Saint-Pierre', 'ru'),
(2885, 962, 'Saint-Pierre', 'en'),
(2886, 962, 'Saint-Pierre', 'de'),
(2887, 963, 'Beograd', 'ru'),
(2888, 963, 'Beograd', 'en'),
(2889, 963, 'Beograd', 'de'),
(2890, 964, 'Čačak', 'ru'),
(2891, 964, 'Čačak', 'en'),
(2892, 964, 'Čačak', 'de'),
(2893, 965, 'Kragujevac', 'ru'),
(2894, 965, 'Kragujevac', 'en'),
(2895, 965, 'Kragujevac', 'de'),
(2896, 966, 'Kruševac', 'ru'),
(2897, 966, 'Kruševac', 'en'),
(2898, 966, 'Kruševac', 'de'),
(2899, 967, 'Niš', 'ru'),
(2900, 967, 'Niš', 'en'),
(2901, 967, 'Niš', 'de'),
(2902, 968, 'Novi Sad', 'ru'),
(2903, 968, 'Novi Sad', 'en'),
(2904, 968, 'Novi Sad', 'de'),
(2905, 969, 'Pančevo', 'ru'),
(2906, 969, 'Pančevo', 'en'),
(2907, 969, 'Pančevo', 'de'),
(2908, 970, 'Smederevo', 'ru'),
(2909, 970, 'Smederevo', 'en'),
(2910, 970, 'Smederevo', 'de'),
(2911, 971, 'Subotica', 'ru'),
(2912, 971, 'Subotica', 'en'),
(2913, 971, 'Subotica', 'de'),
(2914, 972, 'Zrenjanin', 'ru'),
(2915, 972, 'Zrenjanin', 'en'),
(2916, 972, 'Zrenjanin', 'de'),
(2917, 973, 'Singapore', 'ru'),
(2918, 973, 'Singapore', 'en'),
(2919, 973, 'Singapore', 'de'),
(2920, 974, 'Aleppo', 'ru'),
(2921, 974, 'Aleppo', 'en'),
(2922, 974, 'Aleppo', 'de'),
(2923, 975, 'Damascus', 'ru'),
(2924, 975, 'Damascus', 'en'),
(2925, 975, 'Damascus', 'de'),
(2926, 976, 'Dayr az Zawr', 'ru'),
(2927, 976, 'Dayr az Zawr', 'en'),
(2928, 976, 'Dayr az Zawr', 'de'),
(2929, 977, 'Hama', 'ru'),
(2930, 977, 'Hama', 'en'),
(2931, 977, 'Hama', 'de'),
(2932, 978, 'Homs', 'ru'),
(2933, 978, 'Homs', 'en'),
(2934, 978, 'Homs', 'de'),
(2935, 979, 'Latakia', 'ru'),
(2936, 979, 'Latakia', 'en'),
(2937, 979, 'Latakia', 'de'),
(2938, 980, 'Banská Bystrica', 'ru'),
(2939, 980, 'Banská Bystrica', 'en'),
(2940, 980, 'Banská Bystrica', 'de'),
(2941, 981, 'Bratislava', 'ru'),
(2942, 981, 'Bratislava', 'en'),
(2943, 981, 'Bratislava', 'de'),
(2944, 982, 'Košice', 'ru'),
(2945, 982, 'Košice', 'en'),
(2946, 982, 'Košice', 'de'),
(2947, 983, 'Martin', 'ru'),
(2948, 983, 'Martin', 'en'),
(2949, 983, 'Martin', 'de'),
(2950, 984, 'Nitra', 'ru'),
(2951, 984, 'Nitra', 'en'),
(2952, 984, 'Nitra', 'de'),
(2953, 985, 'Prešov', 'ru'),
(2954, 985, 'Prešov', 'en'),
(2955, 985, 'Prešov', 'de'),
(2956, 986, 'Trenčín', 'ru'),
(2957, 986, 'Trenčín', 'en'),
(2958, 986, 'Trenčín', 'de'),
(2959, 987, 'Trnava', 'ru'),
(2960, 987, 'Trnava', 'en'),
(2961, 987, 'Trnava', 'de'),
(2962, 988, 'Žilina', 'ru'),
(2963, 988, 'Žilina', 'en'),
(2964, 988, 'Žilina', 'de'),
(2965, 989, 'Celje', 'ru'),
(2966, 989, 'Celje', 'en'),
(2967, 989, 'Celje', 'de'),
(2968, 990, 'Izola', 'ru'),
(2969, 990, 'Izola', 'en'),
(2970, 990, 'Izola', 'de'),
(2971, 991, 'Koper', 'ru'),
(2972, 991, 'Koper', 'en'),
(2973, 991, 'Koper', 'de'),
(2974, 992, 'Kranj', 'ru'),
(2975, 992, 'Kranj', 'en'),
(2976, 992, 'Kranj', 'de'),
(2977, 993, 'Ljubljana', 'ru'),
(2978, 993, 'Ljubljana', 'en'),
(2979, 993, 'Ljubljana', 'de'),
(2980, 994, 'Maribor', 'ru'),
(2981, 994, 'Maribor', 'en'),
(2982, 994, 'Maribor', 'de'),
(2983, 995, 'Nova Gorica', 'ru'),
(2984, 995, 'Nova Gorica', 'en'),
(2985, 995, 'Nova Gorica', 'de'),
(2986, 996, 'Novo Mesto', 'ru'),
(2987, 996, 'Novo Mesto', 'en'),
(2988, 996, 'Novo Mesto', 'de'),
(2989, 997, 'Piran', 'ru'),
(2990, 997, 'Piran', 'en'),
(2991, 997, 'Piran', 'de'),
(2992, 998, 'Portorož', 'ru'),
(2993, 998, 'Portorož', 'en'),
(2994, 998, 'Portorož', 'de'),
(2995, 999, 'Gizo', 'ru'),
(2996, 999, 'Gizo', 'en'),
(2997, 999, 'Gizo', 'de'),
(2998, 1000, 'Honiara', 'ru'),
(2999, 1000, 'Honiara', 'en'),
(3000, 1000, 'Honiara', 'de'),
(3001, 1001, 'Munda', 'ru'),
(3002, 1001, 'Munda', 'en'),
(3003, 1001, 'Munda', 'de'),
(3004, 1002, 'Mogadishu', 'ru'),
(3005, 1002, 'Mogadishu', 'en'),
(3006, 1002, 'Mogadishu', 'de'),
(3007, 1003, 'Khartoum', 'ru'),
(3008, 1003, 'Khartoum', 'en'),
(3009, 1003, 'Khartoum', 'de'),
(3010, 1004, 'Khartoum North', 'ru'),
(3011, 1004, 'Khartoum North', 'en'),
(3012, 1004, 'Khartoum North', 'de'),
(3013, 1005, 'Omdurman', 'ru'),
(3014, 1005, 'Omdurman', 'en'),
(3015, 1005, 'Omdurman', 'de'),
(3016, 1006, 'Port Sudan', 'ru'),
(3017, 1006, 'Port Sudan', 'en'),
(3018, 1006, 'Port Sudan', 'de'),
(3019, 1007, 'Lelydorp', 'ru'),
(3020, 1007, 'Lelydorp', 'en'),
(3021, 1007, 'Lelydorp', 'de'),
(3022, 1008, 'Nieuw Nickerie', 'ru'),
(3023, 1008, 'Nieuw Nickerie', 'en'),
(3024, 1008, 'Nieuw Nickerie', 'de'),
(3025, 1009, 'Paramaribo', 'ru'),
(3026, 1009, 'Paramaribo', 'en'),
(3027, 1009, 'Paramaribo', 'de'),
(3028, 1010, 'Bo', 'ru'),
(3029, 1010, 'Bo', 'en'),
(3030, 1010, 'Bo', 'de'),
(3031, 1011, 'Freetown', 'ru'),
(3032, 1011, 'Freetown', 'en'),
(3033, 1011, 'Freetown', 'de'),
(3034, 1012, 'Kenema', 'ru'),
(3035, 1012, 'Kenema', 'en'),
(3036, 1012, 'Kenema', 'de'),
(3037, 1013, 'Koidu', 'ru'),
(3038, 1013, 'Koidu', 'en'),
(3039, 1013, 'Koidu', 'de'),
(3040, 1014, 'Makeni', 'ru'),
(3041, 1014, 'Makeni', 'en'),
(3042, 1014, 'Makeni', 'de'),
(3043, 1015, 'Душанбе', 'ru'),
(3044, 1015, 'Dushanbe', 'en'),
(3045, 1015, 'Duschanbe', 'de'),
(3046, 1016, 'Исфара', 'ru'),
(3047, 1016, 'Isfara', 'en'),
(3048, 1016, 'Isfara', 'de'),
(3049, 1017, 'Кайракум', 'ru'),
(3050, 1017, 'Kayrakkum', 'en'),
(3051, 1017, 'Kayrakkum', 'de'),
(3052, 1018, 'Куляб', 'ru'),
(3053, 1018, 'Kulob', 'en'),
(3054, 1018, 'Kulob', 'de'),
(3055, 1019, 'Канибадам', 'ru'),
(3056, 1019, 'Konibodom', 'en'),
(3057, 1019, 'Konibodom', 'de'),
(3058, 1020, 'Курган-Тюбе', 'ru'),
(3059, 1020, 'Qurghonteppa', 'en'),
(3060, 1020, 'Qurghonteppa', 'de'),
(3061, 1021, 'Нурек', 'ru'),
(3062, 1021, 'Nurak', 'en'),
(3063, 1021, 'Nurak', 'de'),
(3064, 1022, 'Пенджикент', 'ru'),
(3065, 1022, 'Panjakent', 'en'),
(3066, 1022, 'Pandschakent', 'de'),
(3067, 1023, 'Ура-Тюбе', 'ru'),
(3068, 1023, 'Istarawshan', 'en'),
(3069, 1023, 'Istarawshan', 'de'),
(3070, 1024, 'Худжанд', 'ru'),
(3071, 1024, 'Khujand', 'en'),
(3072, 1024, 'Khujand', 'de'),
(3073, 1025, 'Чкаловск', 'ru'),
(3074, 1025, 'Chkalovsk', 'en'),
(3075, 1025, 'Chkalovsk', 'de'),
(3076, 1026, 'Bangkok', 'ru'),
(3077, 1026, 'Bangkok', 'en'),
(3078, 1026, 'Bangkok', 'de'),
(3079, 1027, 'Chiang Mai', 'ru'),
(3080, 1027, 'Chiang Mai', 'en'),
(3081, 1027, 'Chiang Mai', 'de'),
(3082, 1028, 'Chon Buri', 'ru'),
(3083, 1028, 'Chon Buri', 'en'),
(3084, 1028, 'Chon Buri', 'de'),
(3085, 1029, 'Khon Kaen', 'ru'),
(3086, 1029, 'Khon Kaen', 'en'),
(3087, 1029, 'Khon Kaen', 'de'),
(3088, 1030, 'Nakhon Ratchasima', 'ru'),
(3089, 1030, 'Nakhon Ratchasima', 'en'),
(3090, 1030, 'Nakhon Ratchasima', 'de'),
(3091, 1031, 'Nakhon Si Thammarat', 'ru'),
(3092, 1031, 'Nakhon Si Thammarat', 'en'),
(3093, 1031, 'Nakhon Si Thammarat', 'de'),
(3094, 1032, 'Nonthaburi', 'ru'),
(3095, 1032, 'Nonthaburi', 'en'),
(3096, 1032, 'Nonthaburi', 'de'),
(3097, 1033, 'Phuket', 'ru'),
(3098, 1033, 'Phuket', 'en'),
(3099, 1033, 'Phuket', 'de'),
(3100, 1034, 'Songkhla', 'ru'),
(3101, 1034, 'Songkhla', 'en'),
(3102, 1034, 'Songkhla', 'de'),
(3103, 1035, 'Surat Thani', 'ru'),
(3104, 1035, 'Surat Thani', 'en'),
(3105, 1035, 'Surat Thani', 'de'),
(3106, 1036, 'Udon Thani', 'ru'),
(3107, 1036, 'Udon Thani', 'en'),
(3108, 1036, 'Udon Thani', 'de'),
(3109, 1037, 'Kaohsiung', 'ru'),
(3110, 1037, 'Kaohsiung', 'en'),
(3111, 1037, 'Kaohsiung', 'de'),
(3112, 1038, 'New Taipei', 'ru'),
(3113, 1038, 'New Taipei', 'en'),
(3114, 1038, 'New Taipei', 'de'),
(3115, 1039, 'Taichung', 'ru'),
(3116, 1039, 'Taichung', 'en'),
(3117, 1039, 'Taichung', 'de'),
(3118, 1040, 'Tainan', 'ru'),
(3119, 1040, 'Tainan', 'en'),
(3120, 1040, 'Tainan', 'de'),
(3121, 1041, 'Taipei', 'ru'),
(3122, 1041, 'Taipei', 'en'),
(3123, 1041, 'Taipei', 'de'),
(3124, 1042, 'Taoyuan', 'ru'),
(3125, 1042, 'Taoyuan', 'en'),
(3126, 1042, 'Taoyuan', 'de'),
(3127, 1043, 'Dar es Salaam', 'ru'),
(3128, 1043, 'Dar es Salaam', 'en'),
(3129, 1043, 'Dar es Salaam', 'de'),
(3130, 1044, 'Dodoma', 'ru'),
(3131, 1044, 'Dodoma', 'en'),
(3132, 1044, 'Dodoma', 'de'),
(3133, 1045, 'Mwanza', 'ru'),
(3134, 1045, 'Mwanza', 'en'),
(3135, 1045, 'Mwanza', 'de'),
(3136, 1046, 'Tanga', 'ru'),
(3137, 1046, 'Tanga', 'en'),
(3138, 1046, 'Tanga', 'de'),
(3139, 1047, 'Zanzibar', 'ru'),
(3140, 1047, 'Zanzibar', 'en'),
(3141, 1047, 'Zanzibar', 'de'),
(3142, 1048, 'Kara', 'ru'),
(3143, 1048, 'Kara', 'en'),
(3144, 1048, 'Kara', 'de'),
(3145, 1049, 'Lomé', 'ru'),
(3146, 1049, 'Lomé', 'en'),
(3147, 1049, 'Lomé', 'de'),
(3148, 1050, 'Sokodé', 'ru'),
(3149, 1050, 'Sokodé', 'en'),
(3150, 1050, 'Sokodé', 'de'),
(3151, 1051, 'Tokelau', 'ru'),
(3152, 1051, 'Tokelau', 'en'),
(3153, 1051, 'Tokelau', 'de'),
(3154, 1052, 'Nuku`alofa', 'ru'),
(3155, 1052, 'Nuku`alofa', 'en'),
(3156, 1052, 'Nuku`alofa', 'de'),
(3157, 1053, 'Chaguanas', 'ru'),
(3158, 1053, 'Chaguanas', 'en'),
(3159, 1053, 'Chaguanas', 'de'),
(3160, 1054, 'Port-of-Spain', 'ru'),
(3161, 1054, 'Port-of-Spain', 'en'),
(3162, 1054, 'Port-of-Spain', 'de'),
(3163, 1055, 'San Fernando', 'ru'),
(3164, 1055, 'San Fernando', 'en'),
(3165, 1055, 'San Fernando', 'de'),
(3166, 1056, 'San Juan', 'ru'),
(3167, 1056, 'San Juan', 'en'),
(3168, 1056, 'San Juan', 'de'),
(3169, 1057, 'Funafuti', 'ru'),
(3170, 1057, 'Funafuti', 'en'),
(3171, 1057, 'Funafuti', 'de'),
(3172, 1058, 'Ben Arous', 'ru'),
(3173, 1058, 'Ben Arous', 'en'),
(3174, 1058, 'Ben Arous', 'de'),
(3175, 1059, 'Bizerte', 'ru'),
(3176, 1059, 'Bizerte', 'en'),
(3177, 1059, 'Bizerte', 'de'),
(3178, 1060, 'Kairouan', 'ru'),
(3179, 1060, 'Kairouan', 'en'),
(3180, 1060, 'Kairouan', 'de'),
(3181, 1061, 'Nabeul', 'ru'),
(3182, 1061, 'Nabeul', 'en'),
(3183, 1061, 'Nabeul', 'de'),
(3184, 1062, 'Sfax', 'ru'),
(3185, 1062, 'Sfax', 'en'),
(3186, 1062, 'Sfax', 'de'),
(3187, 1063, 'Sousse', 'ru'),
(3188, 1063, 'Sousse', 'en'),
(3189, 1063, 'Sousse', 'de'),
(3190, 1064, 'Tunis', 'ru'),
(3191, 1064, 'Tunis', 'en'),
(3192, 1064, 'Tunis', 'de'),
(3193, 1065, 'Аннау', 'ru'),
(3194, 1065, 'Аннау', 'en'),
(3195, 1065, 'Аннау', 'de'),
(3196, 1066, 'Ашхабад', 'ru'),
(3197, 1066, 'Ашхабад', 'en'),
(3198, 1066, 'Ашхабад', 'de'),
(3199, 1067, 'Балканабад', 'ru'),
(3200, 1067, 'Балканабад', 'en'),
(3201, 1067, 'Балканабад', 'de'),
(3202, 1068, 'Дашогуз', 'ru'),
(3203, 1068, 'Дашогуз', 'en'),
(3204, 1068, 'Дашогуз', 'de'),
(3205, 1069, 'Керки', 'ru'),
(3206, 1069, 'Керки', 'en'),
(3207, 1069, 'Керки', 'de'),
(3208, 1070, 'Кизыл-Арват', 'ru'),
(3209, 1070, 'Кизыл-Арват', 'en'),
(3210, 1070, 'Кизыл-Арват', 'de'),
(3211, 1071, 'Кушка', 'ru'),
(3212, 1071, 'Кушка', 'en'),
(3213, 1071, 'Кушка', 'de'),
(3214, 1072, 'Мары', 'ru'),
(3215, 1072, 'Мары', 'en'),
(3216, 1072, 'Мары', 'de'),
(3217, 1073, 'Туркменабад', 'ru'),
(3218, 1073, 'Туркменабад', 'en'),
(3219, 1073, 'Туркменабад', 'de'),
(3220, 1074, 'Туркменбаши', 'ru'),
(3221, 1074, 'Туркменбаши', 'en'),
(3222, 1074, 'Туркменбаши', 'de'),
(3223, 1075, 'Adana', 'ru'),
(3224, 1075, 'Adana', 'en'),
(3225, 1075, 'Adana', 'de'),
(3226, 1076, 'Ankara', 'ru'),
(3227, 1076, 'Ankara', 'en'),
(3228, 1076, 'Ankara', 'de'),
(3229, 1077, 'Antalya', 'ru'),
(3230, 1077, 'Antalya', 'en'),
(3231, 1077, 'Antalya', 'de'),
(3232, 1078, 'Bursa', 'ru'),
(3233, 1078, 'Bursa', 'en'),
(3234, 1078, 'Bursa', 'de'),
(3235, 1079, 'Eskişehir', 'ru'),
(3236, 1079, 'Eskişehir', 'en'),
(3237, 1079, 'Eskişehir', 'de'),
(3238, 1080, 'Gaziantep', 'ru'),
(3239, 1080, 'Gaziantep', 'en'),
(3240, 1080, 'Gaziantep', 'de'),
(3241, 1081, 'İstanbul', 'ru'),
(3242, 1081, 'İstanbul', 'en'),
(3243, 1081, 'İstanbul', 'de'),
(3244, 1082, 'İzmir', 'ru'),
(3245, 1082, 'İzmir', 'en'),
(3246, 1082, 'İzmir', 'de'),
(3247, 1083, 'Konya', 'ru'),
(3248, 1083, 'Konya', 'en'),
(3249, 1083, 'Konya', 'de'),
(3250, 1084, 'Jinja', 'ru'),
(3251, 1084, 'Jinja', 'en'),
(3252, 1084, 'Jinja', 'de'),
(3253, 1085, 'Kampala', 'ru'),
(3254, 1085, 'Kampala', 'en'),
(3255, 1085, 'Kampala', 'de'),
(3256, 1086, 'Mbale', 'ru'),
(3257, 1086, 'Mbale', 'en'),
(3258, 1086, 'Mbale', 'de'),
(3322, 1108, 'Mata-Utu', 'ru'),
(3323, 1108, 'Mata-Utu', 'en'),
(3324, 1108, 'Mata-Utu', 'de'),
(3325, 1109, 'Montevideo', 'ru'),
(3326, 1109, 'Montevideo', 'en'),
(3327, 1109, 'Montevideo', 'de'),
(3328, 1110, 'Paysandú', 'ru'),
(3329, 1110, 'Paysandú', 'en'),
(3330, 1110, 'Paysandú', 'de'),
(3331, 1111, 'Salto', 'ru'),
(3332, 1111, 'Salto', 'en'),
(3333, 1111, 'Salto', 'de'),
(3334, 1112, 'Tórshavn', 'ru'),
(3335, 1112, 'Tórshavn', 'en'),
(3336, 1112, 'Tórshavn', 'de'),
(3337, 1113, 'Lautoka', 'ru'),
(3338, 1113, 'Lautoka', 'en'),
(3339, 1113, 'Lautoka', 'de'),
(3340, 1114, 'Suva', 'ru'),
(3341, 1114, 'Suva', 'en'),
(3342, 1114, 'Suva', 'de'),
(3343, 1115, 'Baguio', 'ru'),
(3344, 1115, 'Baguio', 'en'),
(3345, 1115, 'Baguio', 'de'),
(3346, 1116, 'Caloocan', 'ru'),
(3347, 1116, 'Caloocan', 'en'),
(3348, 1116, 'Caloocan', 'de'),
(3349, 1117, 'Cebu City', 'ru'),
(3350, 1117, 'Cebu City', 'en'),
(3351, 1117, 'Cebu City', 'de'),
(3352, 1118, 'Davao', 'ru'),
(3353, 1118, 'Davao', 'en'),
(3354, 1118, 'Davao', 'de'),
(3355, 1119, 'Iloilo', 'ru'),
(3356, 1119, 'Iloilo', 'en'),
(3357, 1119, 'Iloilo', 'de'),
(3358, 1120, 'Manila', 'ru'),
(3359, 1120, 'Manila', 'en'),
(3360, 1120, 'Manila', 'de'),
(3361, 1121, 'Pasay', 'ru'),
(3362, 1121, 'Pasay', 'en'),
(3363, 1121, 'Pasay', 'de'),
(3364, 1122, 'Pasig', 'ru'),
(3365, 1122, 'Pasig', 'en'),
(3366, 1122, 'Pasig', 'de'),
(3367, 1123, 'Quezon City', 'ru'),
(3368, 1123, 'Quezon City', 'en'),
(3369, 1123, 'Quezon City', 'de'),
(3370, 1124, 'Taguig', 'ru'),
(3371, 1124, 'Taguig', 'en'),
(3372, 1124, 'Taguig', 'de'),
(3373, 1125, 'Zamboanga', 'ru'),
(3374, 1125, 'Zamboanga', 'en'),
(3375, 1125, 'Zamboanga', 'de'),
(3376, 1126, 'Espoo', 'ru'),
(3377, 1126, 'Espoo', 'en'),
(3378, 1126, 'Espoo', 'de'),
(3379, 1127, 'Hämeenlinna', 'ru'),
(3380, 1127, 'Hämeenlinna', 'en'),
(3381, 1127, 'Hämeenlinna', 'de'),
(3382, 1128, 'Helsinki', 'ru'),
(3383, 1128, 'Helsinki', 'en'),
(3384, 1128, 'Helsinki', 'de'),
(3385, 1129, 'Imatra', 'ru'),
(3386, 1129, 'Imatra', 'en'),
(3387, 1129, 'Imatra', 'de'),
(3388, 1130, 'Joensuu', 'ru'),
(3389, 1130, 'Joensuu', 'en'),
(3390, 1130, 'Joensuu', 'de'),
(3391, 1131, 'Jyväskylä', 'ru'),
(3392, 1131, 'Jyväskylä', 'en'),
(3393, 1131, 'Jyväskylä', 'de'),
(3394, 1132, 'Kotka', 'ru'),
(3395, 1132, 'Kotka', 'en'),
(3396, 1132, 'Kotka', 'de'),
(3397, 1133, 'Lahti', 'ru'),
(3398, 1133, 'Lahti', 'en'),
(3399, 1133, 'Lahti', 'de'),
(3400, 1134, 'Lappeenranta', 'ru'),
(3401, 1134, 'Lappeenranta', 'en'),
(3402, 1134, 'Lappeenranta', 'de'),
(3403, 1135, 'Oulu', 'ru'),
(3404, 1135, 'Oulu', 'en'),
(3405, 1135, 'Oulu', 'de'),
(3406, 1136, 'Rovaniemi', 'ru'),
(3407, 1136, 'Rovaniemi', 'en'),
(3408, 1136, 'Rovaniemi', 'de'),
(3409, 1137, 'Tampere', 'ru'),
(3410, 1137, 'Tampere', 'en'),
(3411, 1137, 'Tampere', 'de'),
(3412, 1138, 'Turku', 'ru'),
(3413, 1138, 'Turku', 'en'),
(3414, 1138, 'Turku', 'de'),
(3415, 1139, 'Vaasa', 'ru'),
(3416, 1139, 'Vaasa', 'en'),
(3417, 1139, 'Vaasa', 'de'),
(3418, 1140, 'Vantaa', 'ru'),
(3419, 1140, 'Vantaa', 'en'),
(3420, 1140, 'Vantaa', 'de'),
(3421, 1141, 'Stanley', 'ru'),
(3422, 1141, 'Stanley', 'en'),
(3423, 1141, 'Stanley', 'de'),
(3424, 1142, 'Bordeaux', 'ru'),
(3425, 1142, 'Bordeaux', 'en'),
(3426, 1142, 'Bordeaux', 'de'),
(3427, 1143, 'Lille', 'ru'),
(3428, 1143, 'Lille', 'en'),
(3429, 1143, 'Lille', 'de'),
(3430, 1144, 'Lyon', 'ru'),
(3431, 1144, 'Lyon', 'en'),
(3432, 1144, 'Lyon', 'de'),
(3433, 1145, 'Marseille', 'ru'),
(3434, 1145, 'Marseille', 'en'),
(3435, 1145, 'Marseille', 'de'),
(3436, 1146, 'Montpellier', 'ru'),
(3437, 1146, 'Montpellier', 'en'),
(3438, 1146, 'Montpellier', 'de'),
(3439, 1147, 'Nantes', 'ru'),
(3440, 1147, 'Nantes', 'en'),
(3441, 1147, 'Nantes', 'de'),
(3442, 1148, 'Nice', 'ru'),
(3443, 1148, 'Nice', 'en'),
(3444, 1148, 'Nice', 'de'),
(3445, 1149, 'Paris', 'ru'),
(3446, 1149, 'Paris', 'en'),
(3447, 1149, 'Paris', 'de'),
(3448, 1150, 'Strasbourg', 'ru'),
(3449, 1150, 'Strasbourg', 'en'),
(3450, 1150, 'Strasbourg', 'de'),
(3451, 1151, 'Toulouse', 'ru'),
(3452, 1151, 'Toulouse', 'en'),
(3453, 1151, 'Toulouse', 'de'),
(3454, 1152, 'Cayenne', 'ru'),
(3455, 1152, 'Cayenne', 'en'),
(3456, 1152, 'Cayenne', 'de'),
(3457, 1153, 'Kourou', 'ru'),
(3458, 1153, 'Kourou', 'en'),
(3459, 1153, 'Kourou', 'de'),
(3460, 1154, 'Matoury', 'ru'),
(3461, 1154, 'Matoury', 'en'),
(3462, 1154, 'Matoury', 'de'),
(3463, 1155, 'Papeete', 'ru'),
(3464, 1155, 'Papeete', 'en'),
(3465, 1155, 'Papeete', 'de'),
(3466, 1156, 'Dubrovnik', 'ru'),
(3467, 1156, 'Dubrovnik', 'en'),
(3468, 1156, 'Dubrovnik', 'de'),
(3469, 1157, 'Makarska', 'ru'),
(3470, 1157, 'Makarska', 'en'),
(3471, 1157, 'Makarska', 'de'),
(3472, 1158, 'Opatija', 'ru'),
(3473, 1158, 'Opatija', 'en'),
(3474, 1158, 'Opatija', 'de'),
(3475, 1159, 'Osijek', 'ru'),
(3476, 1159, 'Osijek', 'en'),
(3477, 1159, 'Osijek', 'de'),
(3478, 1160, 'Poreč', 'ru'),
(3479, 1160, 'Poreč', 'en'),
(3480, 1160, 'Poreč', 'de'),
(3481, 1161, 'Pula', 'ru'),
(3482, 1161, 'Pula', 'en'),
(3483, 1161, 'Pula', 'de'),
(3484, 1162, 'Rijeka', 'ru'),
(3485, 1162, 'Rijeka', 'en'),
(3486, 1162, 'Rijeka', 'de'),
(3487, 1163, 'Rovinj', 'ru'),
(3488, 1163, 'Rovinj', 'en'),
(3489, 1163, 'Rovinj', 'de'),
(3490, 1164, 'Split', 'ru'),
(3491, 1164, 'Split', 'en'),
(3492, 1164, 'Split', 'de'),
(3493, 1165, 'Trogir', 'ru'),
(3494, 1165, 'Trogir', 'en'),
(3495, 1165, 'Trogir', 'de'),
(3496, 1166, 'Zadar', 'ru'),
(3497, 1166, 'Zadar', 'en'),
(3498, 1166, 'Zadar', 'de'),
(3499, 1167, 'Zagreb', 'ru'),
(3500, 1167, 'Zagreb', 'en'),
(3501, 1167, 'Zagreb', 'de'),
(3502, 1168, 'Bangui', 'ru'),
(3503, 1168, 'Bangui', 'en'),
(3504, 1168, 'Bangui', 'de'),
(3505, 1169, 'Berbérati', 'ru'),
(3506, 1169, 'Berbérati', 'en'),
(3507, 1169, 'Berbérati', 'de'),
(3508, 1170, 'Bimbo', 'ru'),
(3509, 1170, 'Bimbo', 'en'),
(3510, 1170, 'Bimbo', 'de'),
(3511, 1171, 'Abéché', 'ru'),
(3512, 1171, 'Abéché', 'en'),
(3513, 1171, 'Abéché', 'de'),
(3514, 1172, 'Am Timan', 'ru'),
(3515, 1172, 'Am Timan', 'en'),
(3516, 1172, 'Am Timan', 'de'),
(3517, 1173, 'Bongor', 'ru'),
(3518, 1173, 'Bongor', 'en'),
(3519, 1173, 'Bongor', 'de'),
(3520, 1174, 'Kélo', 'ru'),
(3521, 1174, 'Kélo', 'en'),
(3522, 1174, 'Kélo', 'de'),
(3523, 1175, 'Koumra', 'ru'),
(3524, 1175, 'Koumra', 'en'),
(3525, 1175, 'Koumra', 'de'),
(3526, 1176, 'Mongo', 'ru'),
(3527, 1176, 'Mongo', 'en'),
(3528, 1176, 'Mongo', 'de'),
(3529, 1177, 'Moundou', 'ru'),
(3530, 1177, 'Moundou', 'en'),
(3531, 1177, 'Moundou', 'de'),
(3532, 1178, 'N''Djamena', 'ru'),
(3533, 1178, 'N''Djamena', 'en'),
(3534, 1178, 'N''Djamena', 'de'),
(3535, 1179, 'Pala', 'ru'),
(3536, 1179, 'Pala', 'en'),
(3537, 1179, 'Pala', 'de'),
(3538, 1180, 'Sarh', 'ru'),
(3539, 1180, 'Sarh', 'en'),
(3540, 1180, 'Sarh', 'de'),
(3541, 1181, 'Bar', 'ru'),
(3542, 1181, 'Bar', 'en'),
(3543, 1181, 'Bar', 'de'),
(3544, 1182, 'Bečići', 'ru'),
(3545, 1182, 'Bečići', 'en'),
(3546, 1182, 'Bečići', 'de'),
(3547, 1183, 'Bijelo Polje', 'ru'),
(3548, 1183, 'Bijelo Polje', 'en'),
(3549, 1183, 'Bijelo Polje', 'de'),
(3550, 1184, 'Budva', 'ru'),
(3551, 1184, 'Budva', 'en'),
(3552, 1184, 'Budva', 'de'),
(3553, 1185, 'Nikšić', 'ru'),
(3554, 1185, 'Nikšić', 'en'),
(3555, 1185, 'Nikšić', 'de'),
(3556, 1186, 'Podgorica', 'ru'),
(3557, 1186, 'Podgorica', 'en'),
(3558, 1186, 'Podgorica', 'de'),
(3559, 1187, 'Brno', 'ru'),
(3560, 1187, 'Brno', 'en'),
(3561, 1187, 'Brno', 'de'),
(3562, 1188, 'České Budějovice', 'ru'),
(3563, 1188, 'České Budějovice', 'en'),
(3564, 1188, 'České Budějovice', 'de'),
(3565, 1189, 'Františkovy Lázně', 'ru'),
(3566, 1189, 'Františkovy Lázně', 'en'),
(3567, 1189, 'Františkovy Lázně', 'de'),
(3568, 1190, 'Hradec Králové', 'ru'),
(3569, 1190, 'Hradec Králové', 'en'),
(3570, 1190, 'Hradec Králové', 'de'),
(3571, 1191, 'Karlovy Vary', 'ru'),
(3572, 1191, 'Karlovy Vary', 'en'),
(3573, 1191, 'Karlovy Vary', 'de'),
(3574, 1192, 'Liberec', 'ru'),
(3575, 1192, 'Liberec', 'en'),
(3576, 1192, 'Liberec', 'de'),
(3577, 1193, 'Mariánské Lázně', 'ru'),
(3578, 1193, 'Mariánské Lázně', 'en'),
(3579, 1193, 'Mariánské Lázně', 'de'),
(3580, 1194, 'Olomouc', 'ru'),
(3581, 1194, 'Olomouc', 'en'),
(3582, 1194, 'Olomouc', 'de'),
(3583, 1195, 'Ostrava', 'ru'),
(3584, 1195, 'Ostrava', 'en'),
(3585, 1195, 'Ostrava', 'de'),
(3586, 1196, 'Pardubice', 'ru'),
(3587, 1196, 'Pardubice', 'en'),
(3588, 1196, 'Pardubice', 'de'),
(3589, 1197, 'Plzeň', 'ru'),
(3590, 1197, 'Plzeň', 'en'),
(3591, 1197, 'Plzeň', 'de'),
(3592, 1198, 'Praha', 'ru'),
(3593, 1198, 'Praha', 'en'),
(3594, 1198, 'Praha', 'de'),
(3595, 1199, 'Ústí nad Labem', 'ru'),
(3596, 1199, 'Ústí nad Labem', 'en'),
(3597, 1199, 'Ústí nad Labem', 'de'),
(3598, 1200, 'La Florida', 'ru'),
(3599, 1200, 'La Florida', 'en'),
(3600, 1200, 'La Florida', 'de'),
(3601, 1201, 'Maipú', 'ru'),
(3602, 1201, 'Maipú', 'en'),
(3603, 1201, 'Maipú', 'de'),
(3604, 1202, 'Puente Alto', 'ru'),
(3605, 1202, 'Puente Alto', 'en'),
(3606, 1202, 'Puente Alto', 'de'),
(3607, 1203, 'Santiago', 'ru'),
(3608, 1203, 'Santiago', 'en'),
(3609, 1203, 'Santiago', 'de'),
(3610, 1204, 'Valparaíso', 'ru'),
(3611, 1204, 'Valparaíso', 'en'),
(3612, 1204, 'Valparaíso', 'de'),
(3613, 1205, 'Basel', 'ru'),
(3614, 1205, 'Basel', 'en'),
(3615, 1205, 'Basel', 'de'),
(3616, 1206, 'Bern', 'ru'),
(3617, 1206, 'Bern', 'en'),
(3618, 1206, 'Bern', 'de'),
(3619, 1207, 'Biel / Bienne', 'ru'),
(3620, 1207, 'Biel / Bienne', 'en'),
(3621, 1207, 'Biel / Bienne', 'de'),
(3622, 1208, 'Genève', 'ru'),
(3623, 1208, 'Genève', 'en'),
(3624, 1208, 'Genève', 'de'),
(3625, 1209, 'Lausanne', 'ru'),
(3626, 1209, 'Lausanne', 'en'),
(3627, 1209, 'Lausanne', 'de'),
(3628, 1210, 'Lugano', 'ru'),
(3629, 1210, 'Lugano', 'en'),
(3630, 1210, 'Lugano', 'de'),
(3631, 1211, 'Luzern', 'ru'),
(3632, 1211, 'Luzern', 'en'),
(3633, 1211, 'Luzern', 'de'),
(3634, 1212, 'Montana', 'ru'),
(3635, 1212, 'Montana', 'en'),
(3636, 1212, 'Montana', 'de'),
(3637, 1213, 'Sankt Gallen', 'ru'),
(3638, 1213, 'Sankt Gallen', 'en'),
(3639, 1213, 'Sankt Gallen', 'de'),
(3640, 1214, 'Winterthur', 'ru'),
(3641, 1214, 'Winterthur', 'en'),
(3642, 1214, 'Winterthur', 'de'),
(3643, 1215, 'Zürich', 'ru'),
(3644, 1215, 'Zürich', 'en'),
(3645, 1215, 'Zürich', 'de'),
(3646, 1216, 'Göteborg', 'ru'),
(3647, 1216, 'Göteborg', 'en'),
(3648, 1216, 'Göteborg', 'de'),
(3649, 1217, 'Helsingborg', 'ru'),
(3650, 1217, 'Helsingborg', 'en'),
(3651, 1217, 'Helsingborg', 'de'),
(3652, 1218, 'Jönköping', 'ru'),
(3653, 1218, 'Jönköping', 'en'),
(3654, 1218, 'Jönköping', 'de'),
(3655, 1219, 'Linköping', 'ru'),
(3656, 1219, 'Linköping', 'en'),
(3657, 1219, 'Linköping', 'de'),
(3658, 1220, 'Malmö', 'ru'),
(3659, 1220, 'Malmö', 'en'),
(3660, 1220, 'Malmö', 'de'),
(3661, 1221, 'Norrköping', 'ru'),
(3662, 1221, 'Norrköping', 'en'),
(3663, 1221, 'Norrköping', 'de'),
(3664, 1222, 'Örebro', 'ru'),
(3665, 1222, 'Örebro', 'en'),
(3666, 1222, 'Örebro', 'de'),
(3667, 1223, 'Stockholm', 'ru'),
(3668, 1223, 'Stockholm', 'en'),
(3669, 1223, 'Stockholm', 'de'),
(3670, 1224, 'Uppsala', 'ru'),
(3671, 1224, 'Uppsala', 'en'),
(3672, 1224, 'Uppsala', 'de'),
(3673, 1225, 'Västerås', 'ru'),
(3674, 1225, 'Västerås', 'en'),
(3675, 1225, 'Västerås', 'de'),
(3676, 1226, 'Barentsburg', 'ru'),
(3677, 1226, 'Barentsburg', 'en'),
(3678, 1226, 'Barentsburg', 'de'),
(3679, 1227, 'Longyearbyen', 'ru'),
(3680, 1227, 'Longyearbyen', 'en'),
(3681, 1227, 'Longyearbyen', 'de'),
(3682, 1228, 'Colombo', 'ru'),
(3683, 1228, 'Colombo', 'en'),
(3684, 1228, 'Colombo', 'de'),
(3685, 1229, 'Dehiwala', 'ru'),
(3686, 1229, 'Dehiwala', 'en'),
(3687, 1229, 'Dehiwala', 'de'),
(3688, 1230, 'Galle', 'ru'),
(3689, 1230, 'Galle', 'en'),
(3690, 1230, 'Galle', 'de'),
(3691, 1231, 'Jaffna', 'ru'),
(3692, 1231, 'Jaffna', 'en'),
(3693, 1231, 'Jaffna', 'de'),
(3694, 1232, 'Kandy', 'ru'),
(3695, 1232, 'Kandy', 'en'),
(3696, 1232, 'Kandy', 'de'),
(3697, 1233, 'Kurunegala', 'ru'),
(3698, 1233, 'Kurunegala', 'en'),
(3699, 1233, 'Kurunegala', 'de'),
(3700, 1234, 'Moratuwa', 'ru'),
(3701, 1234, 'Moratuwa', 'en'),
(3702, 1234, 'Moratuwa', 'de'),
(3703, 1235, 'Sri Jayawardenapura Kotte', 'ru'),
(3704, 1235, 'Sri Jayawardenapura Kotte', 'en'),
(3705, 1235, 'Sri Jayawardenapura Kotte', 'de'),
(3706, 1236, 'Trincomalee', 'ru'),
(3707, 1236, 'Trincomalee', 'en'),
(3708, 1236, 'Trincomalee', 'de'),
(3709, 1237, 'Cuenca', 'ru'),
(3710, 1237, 'Cuenca', 'en'),
(3711, 1237, 'Cuenca', 'de'),
(3712, 1238, 'Durán', 'ru'),
(3713, 1238, 'Durán', 'en'),
(3714, 1238, 'Durán', 'de'),
(3715, 1239, 'Guayaquil', 'ru'),
(3716, 1239, 'Guayaquil', 'en'),
(3717, 1239, 'Guayaquil', 'de'),
(3718, 1240, 'Machala', 'ru'),
(3719, 1240, 'Machala', 'en'),
(3720, 1240, 'Machala', 'de'),
(3721, 1241, 'Quito', 'ru'),
(3722, 1241, 'Quito', 'en'),
(3723, 1241, 'Quito', 'de'),
(3724, 1242, 'Santo Domingo de los Colorados', 'ru'),
(3725, 1242, 'Santo Domingo de los Colorados', 'en'),
(3726, 1242, 'Santo Domingo de los Colorados', 'de'),
(3727, 1243, 'Bata', 'ru'),
(3728, 1243, 'Bata', 'en'),
(3729, 1243, 'Bata', 'de'),
(3730, 1244, 'Malabo', 'ru'),
(3731, 1244, 'Malabo', 'en'),
(3732, 1244, 'Malabo', 'de'),
(3733, 1245, 'Asmara', 'ru'),
(3734, 1245, 'Asmara', 'en'),
(3735, 1245, 'Asmara', 'de'),
(3736, 1246, 'Dekemhāre', 'ru'),
(3737, 1246, 'Dekemhāre', 'en'),
(3738, 1246, 'Dekemhāre', 'de'),
(3739, 1247, 'Keren', 'ru'),
(3740, 1247, 'Keren', 'en'),
(3741, 1247, 'Keren', 'de'),
(3742, 1248, 'Tallinn (Таллин)', 'ru'),
(3743, 1248, 'Tallinn', 'en'),
(3744, 1248, 'Tallinn', 'de'),
(3745, 1249, 'Jõhvi (Йыхви)', 'ru');
INSERT INTO `odj_city_translation` (`id`, `translatable_id`, `title`, `locale`) VALUES
(3746, 1249, 'Jõhvi', 'en'),
(3747, 1249, 'Jõhvi', 'de'),
(3748, 1250, 'Kohtla-Järve (Кохтла-Ярве)', 'ru'),
(3749, 1250, 'Kohtla-Järve ', 'en'),
(3750, 1250, 'Kohtla-Järve', 'de'),
(3751, 1251, 'Maardu (Маарду)', 'ru'),
(3752, 1251, 'Maardu', 'en'),
(3753, 1251, 'Maardu', 'de'),
(3754, 1252, 'Narva (Нарва)', 'ru'),
(3755, 1252, 'Narva', 'en'),
(3756, 1252, 'Narva', 'de'),
(3757, 1253, 'Pärnu (Пярну)', 'ru'),
(3758, 1253, 'Pärnu', 'en'),
(3759, 1253, 'Pärnu', 'de'),
(3760, 1254, 'Sillamäe (Силламяэ)', 'ru'),
(3761, 1254, 'Sillamäe', 'en'),
(3762, 1254, 'Sillamäe', 'de'),
(3763, 1255, 'Tartu (Тарту)', 'ru'),
(3764, 1255, 'Tartu', 'en'),
(3765, 1255, 'Tartu', 'de'),
(3766, 1256, 'Viljandi (Вильянди)', 'ru'),
(3767, 1256, 'Viljandi', 'en'),
(3768, 1256, 'Viljandi', 'de'),
(3769, 1257, 'Ādama', 'ru'),
(3770, 1257, 'Ādama', 'en'),
(3771, 1257, 'Ādama', 'de'),
(3772, 1258, 'Addis Ababa', 'ru'),
(3773, 1258, 'Addis Ababa', 'en'),
(3774, 1258, 'Addis Ababa', 'de'),
(3775, 1259, 'Āwasa', 'ru'),
(3776, 1259, 'Āwasa', 'en'),
(3777, 1259, 'Āwasa', 'de'),
(3778, 1260, 'Bahir Dar', 'ru'),
(3779, 1260, 'Bahir Dar', 'en'),
(3780, 1260, 'Bahir Dar', 'de'),
(3781, 1261, 'Dirē Dawa', 'ru'),
(3782, 1261, 'Dirē Dawa', 'en'),
(3783, 1261, 'Dirē Dawa', 'de'),
(3784, 1262, 'Gonder', 'ru'),
(3785, 1262, 'Gonder', 'en'),
(3786, 1262, 'Gonder', 'de'),
(3787, 1263, 'Hārer', 'ru'),
(3788, 1263, 'Hārer', 'en'),
(3789, 1263, 'Hārer', 'de'),
(3790, 1264, 'Jijiga', 'ru'),
(3791, 1264, 'Jijiga', 'en'),
(3792, 1264, 'Jijiga', 'de'),
(3793, 1265, 'Kombolcha', 'ru'),
(3794, 1265, 'Kombolcha', 'en'),
(3795, 1265, 'Kombolcha', 'de'),
(3796, 1266, 'Mek''elē', 'ru'),
(3797, 1266, 'Mek''elē', 'en'),
(3798, 1266, 'Mek''elē', 'de'),
(3799, 1267, 'Busan', 'ru'),
(3800, 1267, 'Busan', 'en'),
(3801, 1267, 'Busan', 'de'),
(3802, 1268, 'Daegu', 'ru'),
(3803, 1268, 'Daegu', 'en'),
(3804, 1268, 'Daegu', 'de'),
(3805, 1269, 'Daejeon', 'ru'),
(3806, 1269, 'Daejeon', 'en'),
(3807, 1269, 'Daejeon', 'de'),
(3808, 1270, 'Gwangju', 'ru'),
(3809, 1270, 'Gwangju', 'en'),
(3810, 1270, 'Gwangju', 'de'),
(3811, 1271, 'Incheon', 'ru'),
(3812, 1271, 'Incheon', 'en'),
(3813, 1271, 'Incheon', 'de'),
(3814, 1272, 'Seoul', 'ru'),
(3815, 1272, 'Seoul', 'en'),
(3816, 1272, 'Seoul', 'de'),
(3817, 1273, 'Suwon', 'ru'),
(3818, 1273, 'Suwon', 'en'),
(3819, 1273, 'Suwon', 'de'),
(3820, 1274, 'Ulsan', 'ru'),
(3821, 1274, 'Ulsan', 'en'),
(3822, 1274, 'Ulsan', 'de'),
(3823, 1275, 'Bloemfontein', 'ru'),
(3824, 1275, 'Bloemfontein', 'en'),
(3825, 1275, 'Bloemfontein', 'de'),
(3826, 1276, 'Cape Town', 'ru'),
(3827, 1276, 'Cape Town', 'en'),
(3828, 1276, 'Cape Town', 'de'),
(3829, 1277, 'Durban', 'ru'),
(3830, 1277, 'Durban', 'en'),
(3831, 1277, 'Durban', 'de'),
(3832, 1278, 'Johannesburg', 'ru'),
(3833, 1278, 'Johannesburg', 'en'),
(3834, 1278, 'Johannesburg', 'de'),
(3835, 1279, 'Pietermaritzburg', 'ru'),
(3836, 1279, 'Pietermaritzburg', 'en'),
(3837, 1279, 'Pietermaritzburg', 'de'),
(3838, 1280, 'Port Elizabeth', 'ru'),
(3839, 1280, 'Port Elizabeth', 'en'),
(3840, 1280, 'Port Elizabeth', 'de'),
(3841, 1281, 'Pretoria', 'ru'),
(3842, 1281, 'Pretoria', 'en'),
(3843, 1281, 'Pretoria', 'de'),
(3844, 1282, 'Pretoria', 'ru'),
(3845, 1282, 'Pretoria', 'en'),
(3846, 1282, 'Pretoria', 'de'),
(3847, 1283, 'Kingston', 'ru'),
(3848, 1283, 'Kingston', 'en'),
(3849, 1283, 'Kingston', 'de'),
(3850, 1284, 'Montego Bay', 'ru'),
(3851, 1284, 'Montego Bay', 'en'),
(3852, 1284, 'Montego Bay', 'de'),
(3853, 1285, 'Portmore', 'ru'),
(3854, 1285, 'Portmore', 'en'),
(3855, 1285, 'Portmore', 'de'),
(3856, 1286, 'Spanish Town', 'ru'),
(3857, 1286, 'Spanish Town', 'en'),
(3858, 1286, 'Spanish Town', 'de'),
(3859, 1287, 'Fukuoka', 'ru'),
(3860, 1287, 'Fukuoka', 'en'),
(3861, 1287, 'Fukuoka', 'de'),
(3862, 1288, 'Kawasaki', 'ru'),
(3863, 1288, 'Kawasaki', 'en'),
(3864, 1288, 'Kawasaki', 'de'),
(3865, 1289, 'Kōbe', 'ru'),
(3866, 1289, 'Kōbe', 'en'),
(3867, 1289, 'Kōbe', 'de'),
(3868, 1290, 'Kyōto', 'ru'),
(3869, 1290, 'Kyōto', 'en'),
(3870, 1290, 'Kyōto', 'de'),
(3871, 1291, 'Nagoya', 'ru'),
(3872, 1291, 'Nagoya', 'en'),
(3873, 1291, 'Nagoya', 'de'),
(3874, 1292, 'Ōsaka', 'ru'),
(3875, 1292, 'Ōsaka', 'en'),
(3876, 1292, 'Ōsaka', 'de'),
(3877, 1293, 'Saitama', 'ru'),
(3878, 1293, 'Saitama', 'en'),
(3879, 1293, 'Saitama', 'de'),
(3880, 1294, 'Sapporo', 'ru'),
(3881, 1294, 'Sapporo', 'en'),
(3882, 1294, 'Sapporo', 'de'),
(3883, 1295, 'Sendai', 'ru'),
(3884, 1295, 'Sendai', 'en'),
(3885, 1295, 'Sendai', 'de'),
(3886, 1296, 'Tokyo', 'ru'),
(3887, 1296, 'Tokyo', 'en'),
(3888, 1296, 'Tokyo', 'de'),
(3889, 1297, 'Yokohama', 'ru'),
(3890, 1297, 'Yokohama', 'en'),
(3891, 1297, 'Yokohama', 'de'),
(3892, 1298, 'Алупка', 'ru'),
(3893, 1298, 'Алупка', 'en'),
(3894, 1298, 'Алупка', 'de'),
(3895, 1299, 'Алушта', 'ru'),
(3896, 1299, 'Алушта', 'en'),
(3897, 1299, 'Алушта', 'de'),
(3898, 1300, 'Армянск', 'ru'),
(3899, 1300, 'Армянск', 'en'),
(3900, 1300, 'Армянск', 'de'),
(3901, 1301, 'Бахчисарай', 'ru'),
(3902, 1301, 'Бахчисарай', 'en'),
(3903, 1301, 'Бахчисарай', 'de'),
(3904, 1302, 'Белогорск (Крым)', 'ru'),
(3905, 1302, 'Белогорск (Крым)', 'en'),
(3906, 1302, 'Белогорск (Крым)', 'de'),
(3907, 1303, 'Гурзуф', 'ru'),
(3908, 1303, 'Гурзуф', 'en'),
(3909, 1303, 'Гурзуф', 'de'),
(3910, 1304, 'Джанкой', 'ru'),
(3911, 1304, 'Джанкой', 'en'),
(3912, 1304, 'Джанкой', 'de'),
(3913, 1305, 'Евпатория', 'ru'),
(3914, 1305, 'Евпатория', 'en'),
(3915, 1305, 'Евпатория', 'de'),
(3916, 1306, 'Инкерман', 'ru'),
(3917, 1306, 'Инкерман', 'en'),
(3918, 1306, 'Инкерман', 'de'),
(3919, 1307, 'Керчь', 'ru'),
(3920, 1307, 'Керчь', 'en'),
(3921, 1307, 'Керчь', 'de'),
(3922, 1308, 'Кировское', 'ru'),
(3923, 1308, 'Кировское', 'en'),
(3924, 1308, 'Кировское', 'de'),
(3925, 1309, 'Коктебель', 'ru'),
(3926, 1309, 'Коктебель', 'en'),
(3927, 1309, 'Коктебель', 'de'),
(3928, 1310, 'Красногвардейское', 'ru'),
(3929, 1310, 'Красногвардейское', 'en'),
(3930, 1310, 'Красногвардейское', 'de'),
(3931, 1311, 'Красноперекопск', 'ru'),
(3932, 1311, 'Красноперекопск', 'en'),
(3933, 1311, 'Красноперекопск', 'de'),
(3934, 1312, 'Ленино', 'ru'),
(3935, 1312, 'Ленино', 'en'),
(3936, 1312, 'Ленино', 'de'),
(3937, 1313, 'Нижнегорский', 'ru'),
(3938, 1313, 'Нижнегорский', 'en'),
(3939, 1313, 'Нижнегорский', 'de'),
(3940, 1314, 'Первомайское', 'ru'),
(3941, 1314, 'Первомайское', 'en'),
(3942, 1314, 'Первомайское', 'de'),
(3943, 1315, 'Раздольное', 'ru'),
(3944, 1315, 'Раздольное', 'en'),
(3945, 1315, 'Раздольное', 'de'),
(3946, 1316, 'Саки', 'ru'),
(3947, 1316, 'Саки', 'en'),
(3948, 1316, 'Саки', 'de'),
(3949, 1317, 'Севастополь', 'ru'),
(3950, 1317, 'Севастополь', 'en'),
(3951, 1317, 'Севастополь', 'de'),
(3952, 1318, 'Симферополь', 'ru'),
(3953, 1318, 'Симферополь', 'en'),
(3954, 1318, 'Симферополь', 'de'),
(3955, 1319, 'Советский', 'ru'),
(3956, 1319, 'Советский', 'en'),
(3957, 1319, 'Советский', 'de'),
(3958, 1320, 'Старый Крым', 'ru'),
(3959, 1320, 'Старый Крым', 'en'),
(3960, 1320, 'Старый Крым', 'de'),
(3961, 1321, 'Судак', 'ru'),
(3962, 1321, 'Судак', 'en'),
(3963, 1321, 'Судак', 'de'),
(3964, 1322, 'Феодосия', 'ru'),
(3965, 1322, 'Феодосия', 'en'),
(3966, 1322, 'Феодосия', 'de'),
(3967, 1323, 'Форос', 'ru'),
(3968, 1323, 'Форос', 'en'),
(3969, 1323, 'Форос', 'de'),
(3970, 1324, 'Черноморское', 'ru'),
(3971, 1324, 'Черноморское', 'en'),
(3972, 1324, 'Черноморское', 'de'),
(3973, 1325, 'Щёлкино', 'ru'),
(3974, 1325, 'Щёлкино', 'en'),
(3975, 1325, 'Щёлкино', 'de'),
(3976, 1326, 'Ялта', 'ru'),
(3977, 1326, 'Ялта', 'en'),
(3978, 1326, 'Ялта', 'de'),
(3979, 1327, 'Волжск', 'ru'),
(3980, 1327, 'Волжск', 'en'),
(3981, 1327, 'Волжск', 'de'),
(3982, 1328, 'Звенигово', 'ru'),
(3983, 1328, 'Звенигово', 'en'),
(3984, 1328, 'Звенигово', 'de'),
(3985, 1329, 'Йошкар-Ола', 'ru'),
(3986, 1329, 'Йошкар-Ола', 'en'),
(3987, 1329, 'Йошкар-Ола', 'de'),
(3988, 1330, 'Козьмодемьянск', 'ru'),
(3989, 1330, 'Козьмодемьянск', 'en'),
(3990, 1330, 'Козьмодемьянск', 'de'),
(3991, 1331, 'Агрыз', 'ru'),
(3992, 1331, 'Агрыз', 'en'),
(3993, 1331, 'Агрыз', 'de'),
(3994, 1332, 'Азнакаево', 'ru'),
(3995, 1332, 'Азнакаево', 'en'),
(3996, 1332, 'Азнакаево', 'de'),
(3997, 1333, 'Алексеевское', 'ru'),
(3998, 1333, 'Алексеевское', 'en'),
(3999, 1333, 'Алексеевское', 'de'),
(4000, 1334, 'Альметьевск', 'ru'),
(4001, 1334, 'Альметьевск', 'en'),
(4002, 1334, 'Альметьевск', 'de'),
(4003, 1335, 'Апастово', 'ru'),
(4004, 1335, 'Апастово', 'en'),
(4005, 1335, 'Апастово', 'de'),
(4006, 1336, 'Арск', 'ru'),
(4007, 1336, 'Арск', 'en'),
(4008, 1336, 'Арск', 'de'),
(4009, 1337, 'Бавлы', 'ru'),
(4010, 1337, 'Бавлы', 'en'),
(4011, 1337, 'Бавлы', 'de'),
(4012, 1338, 'Балтаси', 'ru'),
(4013, 1338, 'Балтаси', 'en'),
(4014, 1338, 'Балтаси', 'de'),
(4015, 1339, 'Болгар', 'ru'),
(4016, 1339, 'Болгар', 'en'),
(4017, 1339, 'Болгар', 'de'),
(4018, 1340, 'Бугульма', 'ru'),
(4019, 1340, 'Бугульма', 'en'),
(4020, 1340, 'Бугульма', 'de'),
(4021, 1341, 'Буинск', 'ru'),
(4022, 1341, 'Буинск', 'en'),
(4023, 1341, 'Буинск', 'de'),
(4024, 1342, 'Елабуга', 'ru'),
(4025, 1342, 'Елабуга', 'en'),
(4026, 1342, 'Елабуга', 'de'),
(4027, 1343, 'Заинск', 'ru'),
(4028, 1343, 'Заинск', 'en'),
(4029, 1343, 'Заинск', 'de'),
(4030, 1344, 'Зеленодольск', 'ru'),
(4031, 1344, 'Зеленодольск', 'en'),
(4032, 1344, 'Зеленодольск', 'de'),
(4033, 1345, 'Иннополис', 'ru'),
(4034, 1345, 'Иннополис', 'en'),
(4035, 1345, 'Иннополис', 'de'),
(4036, 1346, 'Казань', 'ru'),
(4037, 1346, 'Казань', 'en'),
(4038, 1346, 'Казань', 'de'),
(4039, 1347, 'Камское Устье', 'ru'),
(4040, 1347, 'Камское Устье', 'en'),
(4041, 1347, 'Камское Устье', 'de'),
(4042, 1348, 'Кукмор', 'ru'),
(4043, 1348, 'Кукмор', 'en'),
(4044, 1348, 'Кукмор', 'de'),
(4045, 1349, 'Лаишево', 'ru'),
(4046, 1349, 'Лаишево', 'en'),
(4047, 1349, 'Лаишево', 'de'),
(4048, 1350, 'Лениногорск', 'ru'),
(4049, 1350, 'Лениногорск', 'en'),
(4050, 1350, 'Лениногорск', 'de'),
(4051, 1351, 'Мамадыш', 'ru'),
(4052, 1351, 'Мамадыш', 'en'),
(4053, 1351, 'Мамадыш', 'de'),
(4054, 1352, 'Менделеевск', 'ru'),
(4055, 1352, 'Менделеевск', 'en'),
(4056, 1352, 'Менделеевск', 'de'),
(4057, 1353, 'Мензелинск', 'ru'),
(4058, 1353, 'Мензелинск', 'en'),
(4059, 1353, 'Мензелинск', 'de'),
(4060, 1354, 'Набережные Челны', 'ru'),
(4061, 1354, 'Набережные Челны', 'en'),
(4062, 1354, 'Набережные Челны', 'de'),
(4063, 1355, 'Нижнекамск', 'ru'),
(4064, 1355, 'Нижнекамск', 'en'),
(4065, 1355, 'Нижнекамск', 'de'),
(4066, 1356, 'Нурлат', 'ru'),
(4067, 1356, 'Нурлат', 'en'),
(4068, 1356, 'Нурлат', 'de'),
(4069, 1357, 'Пестрецы', 'ru'),
(4070, 1357, 'Пестрецы', 'en'),
(4071, 1357, 'Пестрецы', 'de'),
(4072, 1358, 'Тетюши', 'ru'),
(4073, 1358, 'Тетюши', 'en'),
(4074, 1358, 'Тетюши', 'de'),
(4075, 1359, 'Уруссу', 'ru'),
(4076, 1359, 'Уруссу', 'en'),
(4077, 1359, 'Уруссу', 'de'),
(4078, 1360, 'Чистополь', 'ru'),
(4079, 1360, 'Чистополь', 'en'),
(4080, 1360, 'Чистополь', 'de'),
(4081, 1361, 'Воткинск', 'ru'),
(4082, 1361, 'Воткинск', 'en'),
(4083, 1361, 'Воткинск', 'de'),
(4084, 1362, 'Глазов', 'ru'),
(4085, 1362, 'Глазов', 'en'),
(4086, 1362, 'Глазов', 'de'),
(4087, 1363, 'Ижевск', 'ru'),
(4088, 1363, 'Ижевск', 'en'),
(4089, 1363, 'Ижевск', 'de'),
(4090, 1364, 'Камбарка', 'ru'),
(4091, 1364, 'Камбарка', 'en'),
(4092, 1364, 'Камбарка', 'de'),
(4093, 1365, 'Можга', 'ru'),
(4094, 1365, 'Можга', 'en'),
(4095, 1365, 'Можга', 'de'),
(4096, 1366, 'Сарапул', 'ru'),
(4097, 1366, 'Сарапул', 'en'),
(4098, 1366, 'Сарапул', 'de'),
(4099, 1367, 'Ува', 'ru'),
(4100, 1367, 'Ува', 'en'),
(4101, 1367, 'Ува', 'de'),
(4102, 1368, 'Алатырь', 'ru'),
(4103, 1368, 'Алатырь', 'en'),
(4104, 1368, 'Алатырь', 'de'),
(4105, 1369, 'Канаш', 'ru'),
(4106, 1369, 'Канаш', 'en'),
(4107, 1369, 'Канаш', 'de'),
(4108, 1370, 'Козловка', 'ru'),
(4109, 1370, 'Козловка', 'en'),
(4110, 1370, 'Козловка', 'de'),
(4111, 1371, 'Мариинский Посад', 'ru'),
(4112, 1371, 'Мариинский Посад', 'en'),
(4113, 1371, 'Мариинский Посад', 'de'),
(4114, 1372, 'Новочебоксарск', 'ru'),
(4115, 1372, 'Новочебоксарск', 'en'),
(4116, 1372, 'Новочебоксарск', 'de'),
(4117, 1373, 'Цивильск', 'ru'),
(4118, 1373, 'Цивильск', 'en'),
(4119, 1373, 'Цивильск', 'de'),
(4120, 1374, 'Чебоксары', 'ru'),
(4121, 1374, 'Чебоксары', 'en'),
(4122, 1374, 'Чебоксары', 'de'),
(4123, 1375, 'Шумерля', 'ru'),
(4124, 1375, 'Шумерля', 'en'),
(4125, 1375, 'Шумерля', 'de'),
(4126, 1376, 'Ядрин', 'ru'),
(4127, 1376, 'Ядрин', 'en'),
(4128, 1376, 'Ядрин', 'de'),
(4129, 1377, 'Агинское (Забайкальский АО)', 'ru'),
(4130, 1377, 'Агинское (Забайкальский АО)', 'en'),
(4131, 1377, 'Агинское (Забайкальский АО)', 'de'),
(4132, 1378, 'Балей', 'ru'),
(4133, 1378, 'Балей', 'en'),
(4134, 1378, 'Балей', 'de'),
(4135, 1379, 'Борзя', 'ru'),
(4136, 1379, 'Борзя', 'en'),
(4137, 1379, 'Борзя', 'de'),
(4138, 1380, 'Забайкальск', 'ru'),
(4139, 1380, 'Забайкальск', 'en'),
(4140, 1380, 'Забайкальск', 'de'),
(4141, 1381, 'Краснокаменск', 'ru'),
(4142, 1381, 'Краснокаменск', 'en'),
(4143, 1381, 'Краснокаменск', 'de'),
(4144, 1382, 'Могоча', 'ru'),
(4145, 1382, 'Могоча', 'en'),
(4146, 1382, 'Могоча', 'de'),
(4147, 1383, 'Нерчинск', 'ru'),
(4148, 1383, 'Нерчинск', 'en'),
(4149, 1383, 'Нерчинск', 'de'),
(4150, 1384, 'Новая Чара', 'ru'),
(4151, 1384, 'Новая Чара', 'en'),
(4152, 1384, 'Новая Чара', 'de'),
(4153, 1385, 'Петровск-Забайкальский', 'ru'),
(4154, 1385, 'Петровск-Забайкальский', 'en'),
(4155, 1385, 'Петровск-Забайкальский', 'de'),
(4156, 1386, 'Сретенск', 'ru'),
(4157, 1386, 'Сретенск', 'en'),
(4158, 1386, 'Сретенск', 'de'),
(4159, 1387, 'Хилок', 'ru'),
(4160, 1387, 'Хилок', 'en'),
(4161, 1387, 'Хилок', 'de'),
(4162, 1388, 'Чита', 'ru'),
(4163, 1388, 'Чита', 'en'),
(4164, 1388, 'Чита', 'de'),
(4165, 1389, 'Шилка', 'ru'),
(4166, 1389, 'Шилка', 'en'),
(4167, 1389, 'Шилка', 'de'),
(4168, 1390, 'Алзамай', 'ru'),
(4169, 1390, 'Алзамай', 'en'),
(4170, 1390, 'Алзамай', 'de'),
(4171, 1391, 'Ангарск', 'ru'),
(4172, 1391, 'Ангарск', 'en'),
(4173, 1391, 'Ангарск', 'de'),
(4174, 1392, 'Байкальск', 'ru'),
(4175, 1392, 'Байкальск', 'en'),
(4176, 1392, 'Байкальск', 'de'),
(4177, 1393, 'Бирюсинск', 'ru'),
(4178, 1393, 'Бирюсинск', 'en'),
(4179, 1393, 'Бирюсинск', 'de'),
(4180, 1394, 'Бодайбо', 'ru'),
(4181, 1394, 'Бодайбо', 'en'),
(4182, 1394, 'Бодайбо', 'de'),
(4183, 1395, 'Братск', 'ru'),
(4184, 1395, 'Братск', 'en'),
(4185, 1395, 'Братск', 'de'),
(4186, 1396, 'Вихоревка', 'ru'),
(4187, 1396, 'Вихоревка', 'en'),
(4188, 1396, 'Вихоревка', 'de'),
(4189, 1397, 'Железногорск-Илимский', 'ru'),
(4190, 1397, 'Железногорск-Илимский', 'en'),
(4191, 1397, 'Железногорск-Илимский', 'de'),
(4192, 1398, 'Зима', 'ru'),
(4193, 1398, 'Зима', 'en'),
(4194, 1398, 'Зима', 'de'),
(4195, 1399, 'Иркутск', 'ru'),
(4196, 1399, 'Иркутск', 'en'),
(4197, 1399, 'Иркутск', 'de'),
(4198, 1400, 'Киренск', 'ru'),
(4199, 1400, 'Киренск', 'en'),
(4200, 1400, 'Киренск', 'de'),
(4201, 1401, 'Нижнеудинск', 'ru'),
(4202, 1401, 'Нижнеудинск', 'en'),
(4203, 1401, 'Нижнеудинск', 'de'),
(4204, 1402, 'Саянск', 'ru'),
(4205, 1402, 'Саянск', 'en'),
(4206, 1402, 'Саянск', 'de'),
(4207, 1403, 'Свирск', 'ru'),
(4208, 1403, 'Свирск', 'en'),
(4209, 1403, 'Свирск', 'de'),
(4210, 1404, 'Слюдянка', 'ru'),
(4211, 1404, 'Слюдянка', 'en'),
(4212, 1404, 'Слюдянка', 'de'),
(4213, 1405, 'Тайшет', 'ru'),
(4214, 1405, 'Тайшет', 'en'),
(4215, 1405, 'Тайшет', 'de'),
(4216, 1406, 'Тулун', 'ru'),
(4217, 1406, 'Тулун', 'en'),
(4218, 1406, 'Тулун', 'de'),
(4219, 1407, 'Усолье-Сибирское', 'ru'),
(4220, 1407, 'Усолье-Сибирское', 'en'),
(4221, 1407, 'Усолье-Сибирское', 'de'),
(4222, 1408, 'Усть-Илимск', 'ru'),
(4223, 1408, 'Усть-Илимск', 'en'),
(4224, 1408, 'Усть-Илимск', 'de'),
(4225, 1409, 'Усть-Кут', 'ru'),
(4226, 1409, 'Усть-Кут', 'en'),
(4227, 1409, 'Усть-Кут', 'de'),
(4228, 1410, 'Усть-Ордынский', 'ru'),
(4229, 1410, 'Усть-Ордынский', 'en'),
(4230, 1410, 'Усть-Ордынский', 'de'),
(4231, 1411, 'Черемхово', 'ru'),
(4232, 1411, 'Черемхово', 'en'),
(4233, 1411, 'Черемхово', 'de'),
(4234, 1412, 'Шелехов', 'ru'),
(4235, 1412, 'Шелехов', 'en'),
(4236, 1412, 'Шелехов', 'de'),
(4237, 1413, 'Артемовск (Красноярский край)', 'ru'),
(4238, 1413, 'Артемовск (Красноярский край)', 'en'),
(4239, 1413, 'Артемовск (Красноярский край)', 'de'),
(4240, 1414, 'Ачинск', 'ru'),
(4241, 1414, 'Ачинск', 'en'),
(4242, 1414, 'Ачинск', 'de'),
(4243, 1415, 'Боготол', 'ru'),
(4244, 1415, 'Боготол', 'en'),
(4245, 1415, 'Боготол', 'de'),
(4246, 1416, 'Богучаны', 'ru'),
(4247, 1416, 'Богучаны', 'en'),
(4248, 1416, 'Богучаны', 'de'),
(4249, 1417, 'Бородино', 'ru'),
(4250, 1417, 'Бородино', 'en'),
(4251, 1417, 'Бородино', 'de'),
(4252, 1418, 'Дивногорск', 'ru'),
(4253, 1418, 'Дивногорск', 'en'),
(4254, 1418, 'Дивногорск', 'de'),
(4255, 1419, 'Диксон', 'ru'),
(4256, 1419, 'Диксон', 'en'),
(4257, 1419, 'Диксон', 'de'),
(4258, 1420, 'Дудинка (Красноярский край)', 'ru'),
(4259, 1420, 'Дудинка (Красноярский край)', 'en'),
(4260, 1420, 'Дудинка (Красноярский край)', 'de'),
(4261, 1421, 'Енисейск', 'ru'),
(4262, 1421, 'Енисейск', 'en'),
(4263, 1421, 'Енисейск', 'de'),
(4264, 1422, 'Железногорск (Красноярский край)', 'ru'),
(4265, 1422, 'Железногорск (Красноярский край)', 'en'),
(4266, 1422, 'Железногорск (Красноярский край)', 'de'),
(4267, 1423, 'Заозерный', 'ru'),
(4268, 1423, 'Заозерный', 'en'),
(4269, 1423, 'Заозерный', 'de'),
(4270, 1424, 'Зеленогорск', 'ru'),
(4271, 1424, 'Зеленогорск', 'en'),
(4272, 1424, 'Зеленогорск', 'de'),
(4273, 1425, 'Игарка', 'ru'),
(4274, 1425, 'Игарка', 'en'),
(4275, 1425, 'Игарка', 'de'),
(4276, 1426, 'Иланский', 'ru'),
(4277, 1426, 'Иланский', 'en'),
(4278, 1426, 'Иланский', 'de'),
(4279, 1427, 'Канск', 'ru'),
(4280, 1427, 'Канск', 'en'),
(4281, 1427, 'Канск', 'de'),
(4282, 1428, 'Кодинск', 'ru'),
(4283, 1428, 'Кодинск', 'en'),
(4284, 1428, 'Кодинск', 'de'),
(4285, 1429, 'Красноярск', 'ru'),
(4286, 1429, 'Красноярск', 'en'),
(4287, 1429, 'Красноярск', 'de'),
(4288, 1430, 'Лесосибирск', 'ru'),
(4289, 1430, 'Лесосибирск', 'en'),
(4290, 1430, 'Лесосибирск', 'de'),
(4291, 1431, 'Минусинск', 'ru'),
(4292, 1431, 'Минусинск', 'en'),
(4293, 1431, 'Минусинск', 'de'),
(4294, 1432, 'Назарово', 'ru'),
(4295, 1432, 'Назарово', 'en'),
(4296, 1432, 'Назарово', 'de'),
(4297, 1433, 'Норильск', 'ru'),
(4298, 1433, 'Норильск', 'en'),
(4299, 1433, 'Норильск', 'de'),
(4300, 1434, 'Сосновоборск', 'ru'),
(4301, 1434, 'Сосновоборск', 'en'),
(4302, 1434, 'Сосновоборск', 'de'),
(4303, 1435, 'Тура (Красноярский край)', 'ru'),
(4304, 1435, 'Тура (Красноярский край)', 'en'),
(4305, 1435, 'Тура (Красноярский край)', 'de'),
(4306, 1436, 'Ужур', 'ru'),
(4307, 1436, 'Ужур', 'en'),
(4308, 1436, 'Ужур', 'de'),
(4309, 1437, 'Уяр', 'ru'),
(4310, 1437, 'Уяр', 'en'),
(4311, 1437, 'Уяр', 'de'),
(4312, 1438, 'Хатанга', 'ru'),
(4313, 1438, 'Хатанга', 'en'),
(4314, 1438, 'Хатанга', 'de'),
(4315, 1439, 'Шарыпово', 'ru'),
(4316, 1439, 'Шарыпово', 'en'),
(4317, 1439, 'Шарыпово', 'de'),
(4318, 1440, 'Бабушкин', 'ru'),
(4319, 1440, 'Бабушкин', 'en'),
(4320, 1440, 'Бабушкин', 'de'),
(4321, 1441, 'Гусиноозерск', 'ru'),
(4322, 1441, 'Гусиноозерск', 'en'),
(4323, 1441, 'Гусиноозерск', 'de'),
(4324, 1442, 'Закаменск', 'ru'),
(4325, 1442, 'Закаменск', 'en'),
(4326, 1442, 'Закаменск', 'de'),
(4327, 1443, 'Кяхта', 'ru'),
(4328, 1443, 'Кяхта', 'en'),
(4329, 1443, 'Кяхта', 'de'),
(4330, 1444, 'Северобайкальск', 'ru'),
(4331, 1444, 'Северобайкальск', 'en'),
(4332, 1444, 'Северобайкальск', 'de'),
(4333, 1445, 'Таксимо', 'ru'),
(4334, 1445, 'Таксимо', 'en'),
(4335, 1445, 'Таксимо', 'de'),
(4336, 1446, 'Улан-Удэ', 'ru'),
(4337, 1446, 'Улан-Удэ', 'en'),
(4338, 1446, 'Улан-Удэ', 'de'),
(4339, 1447, 'Алдан', 'ru'),
(4340, 1447, 'Алдан', 'en'),
(4341, 1447, 'Алдан', 'de'),
(4342, 1448, 'Верхоянск', 'ru'),
(4343, 1448, 'Верхоянск', 'en'),
(4344, 1448, 'Верхоянск', 'de'),
(4345, 1449, 'Вилюйск', 'ru'),
(4346, 1449, 'Вилюйск', 'en'),
(4347, 1449, 'Вилюйск', 'de'),
(4348, 1450, 'Ленск', 'ru'),
(4349, 1450, 'Ленск', 'en'),
(4350, 1450, 'Ленск', 'de'),
(4351, 1451, 'Мирный (Республика Саха (Якутия))', 'ru'),
(4352, 1451, 'Мирный (Республика Саха (Якутия))', 'en'),
(4353, 1451, 'Мирный (Республика Саха (Якутия))', 'de'),
(4354, 1452, 'Нерюнгри', 'ru'),
(4355, 1452, 'Нерюнгри', 'en'),
(4356, 1452, 'Нерюнгри', 'de'),
(4357, 1453, 'Нюрба', 'ru'),
(4358, 1453, 'Нюрба', 'en'),
(4359, 1453, 'Нюрба', 'de'),
(4360, 1454, 'Олекминск', 'ru'),
(4361, 1454, 'Олекминск', 'en'),
(4362, 1454, 'Олекминск', 'de'),
(4363, 1455, 'Покровск', 'ru'),
(4364, 1455, 'Покровск', 'en'),
(4365, 1455, 'Покровск', 'de'),
(4366, 1456, 'Среднеколымск', 'ru'),
(4367, 1456, 'Среднеколымск', 'en'),
(4368, 1456, 'Среднеколымск', 'de'),
(4369, 1457, 'Томмот', 'ru'),
(4370, 1457, 'Томмот', 'en'),
(4371, 1457, 'Томмот', 'de'),
(4372, 1458, 'Удачный', 'ru'),
(4373, 1458, 'Удачный', 'en'),
(4374, 1458, 'Удачный', 'de'),
(4375, 1459, 'Якутск', 'ru'),
(4376, 1459, 'Якутск', 'en'),
(4377, 1459, 'Якутск', 'de'),
(4378, 1460, 'Ак-Довурак', 'ru'),
(4379, 1460, 'Ак-Довурак', 'en'),
(4380, 1460, 'Ак-Довурак', 'de'),
(4381, 1461, 'Кызыл', 'ru'),
(4382, 1461, 'Кызыл', 'en'),
(4383, 1461, 'Кызыл', 'de'),
(4384, 1462, 'Туран', 'ru'),
(4385, 1462, 'Туран', 'en'),
(4386, 1462, 'Туран', 'de'),
(4387, 1463, 'Чадан', 'ru'),
(4388, 1463, 'Чадан', 'en'),
(4389, 1463, 'Чадан', 'de'),
(4390, 1464, 'Шагонар', 'ru'),
(4391, 1464, 'Шагонар', 'en'),
(4392, 1464, 'Шагонар', 'de'),
(4393, 1465, 'Абаза', 'ru'),
(4394, 1465, 'Абаза', 'en'),
(4395, 1465, 'Абаза', 'de'),
(4396, 1466, 'Абакан', 'ru'),
(4397, 1466, 'Абакан', 'en'),
(4398, 1466, 'Абакан', 'de'),
(4399, 1467, 'Саяногорск', 'ru'),
(4400, 1467, 'Саяногорск', 'en'),
(4401, 1467, 'Саяногорск', 'de'),
(4402, 1468, 'Сорск', 'ru'),
(4403, 1468, 'Сорск', 'en'),
(4404, 1468, 'Сорск', 'de'),
(4405, 1469, 'Черногорск', 'ru'),
(4406, 1469, 'Черногорск', 'en'),
(4407, 1469, 'Черногорск', 'de'),
(4408, 1470, 'Белая Холуница', 'ru'),
(4409, 1470, 'Белая Холуница', 'en'),
(4410, 1470, 'Белая Холуница', 'de'),
(4411, 1471, 'Вятские Поляны', 'ru'),
(4412, 1471, 'Вятские Поляны', 'en'),
(4413, 1471, 'Вятские Поляны', 'de'),
(4414, 1472, 'Зуевка', 'ru'),
(4415, 1472, 'Зуевка', 'en'),
(4416, 1472, 'Зуевка', 'de'),
(4417, 1473, 'Киров', 'ru'),
(4418, 1473, 'Киров', 'en'),
(4419, 1473, 'Киров', 'de'),
(4420, 1474, 'Кирово-Чепецк', 'ru'),
(4421, 1474, 'Кирово-Чепецк', 'en'),
(4422, 1474, 'Кирово-Чепецк', 'de'),
(4423, 1475, 'Кирс', 'ru'),
(4424, 1475, 'Кирс', 'en'),
(4425, 1475, 'Кирс', 'de'),
(4426, 1476, 'Котельнич', 'ru'),
(4427, 1476, 'Котельнич', 'en'),
(4428, 1476, 'Котельнич', 'de'),
(4429, 1477, 'Луза', 'ru'),
(4430, 1477, 'Луза', 'en'),
(4431, 1477, 'Луза', 'de'),
(4432, 1478, 'Малмыж', 'ru'),
(4433, 1478, 'Малмыж', 'en'),
(4434, 1478, 'Малмыж', 'de'),
(4435, 1479, 'Мураши', 'ru'),
(4436, 1479, 'Мураши', 'en'),
(4437, 1479, 'Мураши', 'de'),
(4438, 1480, 'Нолинск', 'ru'),
(4439, 1480, 'Нолинск', 'en'),
(4440, 1480, 'Нолинск', 'de'),
(4441, 1481, 'Омутнинск', 'ru'),
(4442, 1481, 'Омутнинск', 'en'),
(4443, 1481, 'Омутнинск', 'de'),
(4444, 1482, 'Орлов', 'ru'),
(4445, 1482, 'Орлов', 'en'),
(4446, 1482, 'Орлов', 'de'),
(4447, 1483, 'Слободской', 'ru'),
(4448, 1483, 'Слободской', 'en'),
(4449, 1483, 'Слободской', 'de'),
(4450, 1484, 'Советск (Кировская область)', 'ru'),
(4451, 1484, 'Советск (Кировская область)', 'en'),
(4452, 1484, 'Советск (Кировская область)', 'de'),
(4453, 1485, 'Сосновка', 'ru'),
(4454, 1485, 'Сосновка', 'en'),
(4455, 1485, 'Сосновка', 'de'),
(4456, 1486, 'Уржум', 'ru'),
(4457, 1486, 'Уржум', 'en'),
(4458, 1486, 'Уржум', 'de'),
(4459, 1487, 'Яранск', 'ru'),
(4460, 1487, 'Яранск', 'en'),
(4461, 1487, 'Яранск', 'de'),
(4462, 1488, 'Арзамас', 'ru'),
(4463, 1488, 'Арзамас', 'en'),
(4464, 1488, 'Арзамас', 'de'),
(4465, 1489, 'Балахна', 'ru'),
(4466, 1489, 'Балахна', 'en'),
(4467, 1489, 'Балахна', 'de'),
(4468, 1490, 'Богородск', 'ru'),
(4469, 1490, 'Богородск', 'en'),
(4470, 1490, 'Богородск', 'de'),
(4471, 1491, 'Бор', 'ru'),
(4472, 1491, 'Бор', 'en'),
(4473, 1491, 'Бор', 'de'),
(4474, 1492, 'Ветлуга', 'ru'),
(4475, 1492, 'Ветлуга', 'en'),
(4476, 1492, 'Ветлуга', 'de'),
(4477, 1493, 'Володарск', 'ru'),
(4478, 1493, 'Володарск', 'en'),
(4479, 1493, 'Володарск', 'de'),
(4480, 1494, 'Ворсма', 'ru'),
(4481, 1494, 'Ворсма', 'en'),
(4482, 1494, 'Ворсма', 'de'),
(4483, 1495, 'Выкса', 'ru'),
(4484, 1495, 'Выкса', 'en'),
(4485, 1495, 'Выкса', 'de'),
(4486, 1496, 'Горбатов', 'ru'),
(4487, 1496, 'Горбатов', 'en'),
(4488, 1496, 'Горбатов', 'de'),
(4489, 1497, 'Городец', 'ru'),
(4490, 1497, 'Городец', 'en'),
(4491, 1497, 'Городец', 'de'),
(4492, 1498, 'Дзержинск (Нижегородская область)', 'ru'),
(4493, 1498, 'Дзержинск (Нижегородская область)', 'en'),
(4494, 1498, 'Дзержинск (Нижегородская область)', 'de'),
(4495, 1499, 'Дивеево', 'ru'),
(4496, 1499, 'Дивеево', 'en'),
(4497, 1499, 'Дивеево', 'de'),
(4498, 1500, 'Заволжье', 'ru'),
(4499, 1500, 'Заволжье', 'en'),
(4500, 1500, 'Заволжье', 'de'),
(4501, 1501, 'Княгинино', 'ru'),
(4502, 1501, 'Княгинино', 'en'),
(4503, 1501, 'Княгинино', 'de'),
(4504, 1502, 'Кстово', 'ru'),
(4505, 1502, 'Кстово', 'en'),
(4506, 1502, 'Кстово', 'de'),
(4507, 1503, 'Кулебаки', 'ru'),
(4508, 1503, 'Кулебаки', 'en'),
(4509, 1503, 'Кулебаки', 'de'),
(4510, 1504, 'Лукоянов', 'ru'),
(4511, 1504, 'Лукоянов', 'en'),
(4512, 1504, 'Лукоянов', 'de'),
(4513, 1505, 'Лысково', 'ru'),
(4514, 1505, 'Лысково', 'en'),
(4515, 1505, 'Лысково', 'de'),
(4516, 1506, 'Навашино', 'ru'),
(4517, 1506, 'Навашино', 'en'),
(4518, 1506, 'Навашино', 'de'),
(4519, 1507, 'Нижний Новгород', 'ru'),
(4520, 1507, 'Нижний Новгород', 'en'),
(4521, 1507, 'Нижний Новгород', 'de'),
(4522, 1508, 'Павлово', 'ru'),
(4523, 1508, 'Павлово', 'en'),
(4524, 1508, 'Павлово', 'de'),
(4525, 1509, 'Первомайск (Нижегородская область)', 'ru'),
(4526, 1509, 'Первомайск (Нижегородская область)', 'en'),
(4527, 1509, 'Первомайск (Нижегородская область)', 'de'),
(4528, 1510, 'Перевоз', 'ru'),
(4529, 1510, 'Перевоз', 'en'),
(4530, 1510, 'Перевоз', 'de'),
(4531, 1511, 'Саров', 'ru'),
(4532, 1511, 'Саров', 'en'),
(4533, 1511, 'Саров', 'de'),
(4534, 1512, 'Семенов', 'ru'),
(4535, 1512, 'Семенов', 'en'),
(4536, 1512, 'Семенов', 'de'),
(4537, 1513, 'Сергач', 'ru'),
(4538, 1513, 'Сергач', 'en'),
(4539, 1513, 'Сергач', 'de'),
(4540, 1514, 'Урень', 'ru'),
(4541, 1514, 'Урень', 'en'),
(4542, 1514, 'Урень', 'de'),
(4543, 1515, 'Чкаловск', 'ru'),
(4544, 1515, 'Чкаловск', 'en'),
(4545, 1515, 'Чкаловск', 'de'),
(4546, 1516, 'Шахунья', 'ru'),
(4547, 1516, 'Шахунья', 'en'),
(4548, 1516, 'Шахунья', 'de'),
(4549, 1517, 'Касимов', 'ru'),
(4550, 1517, 'Касимов', 'en'),
(4551, 1517, 'Касимов', 'de'),
(4552, 1518, 'Кораблино', 'ru'),
(4553, 1518, 'Кораблино', 'en'),
(4554, 1518, 'Кораблино', 'de'),
(4555, 1519, 'Михайлов', 'ru'),
(4556, 1519, 'Михайлов', 'en'),
(4557, 1519, 'Михайлов', 'de'),
(4558, 1520, 'Новомичуринск', 'ru'),
(4559, 1520, 'Новомичуринск', 'en'),
(4560, 1520, 'Новомичуринск', 'de'),
(4561, 1521, 'Рыбное', 'ru'),
(4562, 1521, 'Рыбное', 'en'),
(4563, 1521, 'Рыбное', 'de'),
(4564, 1522, 'Ряжск', 'ru'),
(4565, 1522, 'Ряжск', 'en'),
(4566, 1522, 'Ряжск', 'de'),
(4567, 1523, 'Рязань', 'ru'),
(4568, 1523, 'Рязань', 'en'),
(4569, 1523, 'Рязань', 'de'),
(4570, 1524, 'Сасово', 'ru'),
(4571, 1524, 'Сасово', 'en'),
(4572, 1524, 'Сасово', 'de'),
(4573, 1525, 'Скопин', 'ru'),
(4574, 1525, 'Скопин', 'en'),
(4575, 1525, 'Скопин', 'de'),
(4576, 1526, 'Спас-Клепики', 'ru'),
(4577, 1526, 'Спас-Клепики', 'en'),
(4578, 1526, 'Спас-Клепики', 'de'),
(4579, 1527, 'Спасск-Рязанский', 'ru'),
(4580, 1527, 'Спасск-Рязанский', 'en'),
(4581, 1527, 'Спасск-Рязанский', 'de'),
(4582, 1528, 'Шацк', 'ru'),
(4583, 1528, 'Шацк', 'en'),
(4584, 1528, 'Шацк', 'de'),
(4585, 1529, 'Алейск', 'ru'),
(4586, 1529, 'Алейск', 'en'),
(4587, 1529, 'Алейск', 'de'),
(4588, 1530, 'Барнаул', 'ru'),
(4589, 1530, 'Барнаул', 'en'),
(4590, 1530, 'Барнаул', 'de'),
(4591, 1531, 'Белокуриха', 'ru'),
(4592, 1531, 'Белокуриха', 'en'),
(4593, 1531, 'Белокуриха', 'de'),
(4594, 1532, 'Бийск', 'ru'),
(4595, 1532, 'Бийск', 'en'),
(4596, 1532, 'Бийск', 'de'),
(4597, 1533, 'Горняк', 'ru'),
(4598, 1533, 'Горняк', 'en'),
(4599, 1533, 'Горняк', 'de'),
(4600, 1534, 'Заринск', 'ru'),
(4601, 1534, 'Заринск', 'en'),
(4602, 1534, 'Заринск', 'de'),
(4603, 1535, 'Змеиногорск', 'ru'),
(4604, 1535, 'Змеиногорск', 'en'),
(4605, 1535, 'Змеиногорск', 'de'),
(4606, 1536, 'Камень-на-Оби', 'ru'),
(4607, 1536, 'Камень-на-Оби', 'en'),
(4608, 1536, 'Камень-на-Оби', 'de'),
(4609, 1537, 'Новоалтайск', 'ru'),
(4610, 1537, 'Новоалтайск', 'en'),
(4611, 1537, 'Новоалтайск', 'de'),
(4612, 1538, 'Рубцовск', 'ru'),
(4613, 1538, 'Рубцовск', 'en'),
(4614, 1538, 'Рубцовск', 'de'),
(4615, 1539, 'Славгород (Алтайский край)', 'ru'),
(4616, 1539, 'Славгород (Алтайский край)', 'en'),
(4617, 1539, 'Славгород (Алтайский край)', 'de'),
(4618, 1540, 'Усть-Калманка', 'ru'),
(4619, 1540, 'Усть-Калманка', 'en'),
(4620, 1540, 'Усть-Калманка', 'de'),
(4621, 1541, 'Яровое', 'ru'),
(4622, 1541, 'Яровое', 'en'),
(4623, 1541, 'Яровое', 'de'),
(4624, 1542, 'Анжеро-Судженск', 'ru'),
(4625, 1542, 'Анжеро-Судженск', 'en'),
(4626, 1542, 'Анжеро-Судженск', 'de'),
(4627, 1543, 'Белово', 'ru'),
(4628, 1543, 'Белово', 'en'),
(4629, 1543, 'Белово', 'de'),
(4630, 1544, 'Березовский (Кемеровская область)', 'ru'),
(4631, 1544, 'Березовский (Кемеровская область)', 'en'),
(4632, 1544, 'Березовский (Кемеровская область)', 'de'),
(4633, 1545, 'Гурьевск (Кемеровская область)', 'ru'),
(4634, 1545, 'Гурьевск (Кемеровская область)', 'en'),
(4635, 1545, 'Гурьевск (Кемеровская область)', 'de'),
(4636, 1546, 'Калтан', 'ru'),
(4637, 1546, 'Калтан', 'en'),
(4638, 1546, 'Калтан', 'de'),
(4639, 1547, 'Кемерово', 'ru'),
(4640, 1547, 'Кемерово', 'en'),
(4641, 1547, 'Кемерово', 'de'),
(4642, 1548, 'Киселевск', 'ru'),
(4643, 1548, 'Киселевск', 'en'),
(4644, 1548, 'Киселевск', 'de'),
(4645, 1549, 'Ленинск-Кузнецкий', 'ru'),
(4646, 1549, 'Ленинск-Кузнецкий', 'en'),
(4647, 1549, 'Ленинск-Кузнецкий', 'de'),
(4648, 1550, 'Мариинск', 'ru'),
(4649, 1550, 'Мариинск', 'en'),
(4650, 1550, 'Мариинск', 'de'),
(4651, 1551, 'Междуреченск', 'ru'),
(4652, 1551, 'Междуреченск', 'en'),
(4653, 1551, 'Междуреченск', 'de'),
(4654, 1552, 'Мыски', 'ru'),
(4655, 1552, 'Мыски', 'en'),
(4656, 1552, 'Мыски', 'de'),
(4657, 1553, 'Новокузнецк', 'ru'),
(4658, 1553, 'Новокузнецк', 'en'),
(4659, 1553, 'Новокузнецк', 'de'),
(4660, 1554, 'Осинники', 'ru'),
(4661, 1554, 'Осинники', 'en'),
(4662, 1554, 'Осинники', 'de'),
(4663, 1555, 'Полысаево', 'ru'),
(4664, 1555, 'Полысаево', 'en'),
(4665, 1555, 'Полысаево', 'de'),
(4666, 1556, 'Прокопьевск', 'ru'),
(4667, 1556, 'Прокопьевск', 'en'),
(4668, 1556, 'Прокопьевск', 'de'),
(4669, 1557, 'Салаир', 'ru'),
(4670, 1557, 'Салаир', 'en'),
(4671, 1557, 'Салаир', 'de'),
(4672, 1558, 'Тайга', 'ru'),
(4673, 1558, 'Тайга', 'en'),
(4674, 1558, 'Тайга', 'de'),
(4675, 1559, 'Таштагол', 'ru'),
(4676, 1559, 'Таштагол', 'en'),
(4677, 1559, 'Таштагол', 'de'),
(4678, 1560, 'Топки', 'ru'),
(4679, 1560, 'Топки', 'en'),
(4680, 1560, 'Топки', 'de'),
(4681, 1561, 'Юрга', 'ru'),
(4682, 1561, 'Юрга', 'en'),
(4683, 1561, 'Юрга', 'de'),
(4684, 1562, 'Барабинск', 'ru'),
(4685, 1562, 'Барабинск', 'en'),
(4686, 1562, 'Барабинск', 'de'),
(4687, 1563, 'Бердск', 'ru'),
(4688, 1563, 'Бердск', 'en'),
(4689, 1563, 'Бердск', 'de'),
(4690, 1564, 'Болотное', 'ru'),
(4691, 1564, 'Болотное', 'en'),
(4692, 1564, 'Болотное', 'de'),
(4693, 1565, 'Довольное', 'ru'),
(4694, 1565, 'Довольное', 'en'),
(4695, 1565, 'Довольное', 'de'),
(4696, 1566, 'Искитим', 'ru'),
(4697, 1566, 'Искитим', 'en'),
(4698, 1566, 'Искитим', 'de'),
(4699, 1567, 'Карасук', 'ru'),
(4700, 1567, 'Карасук', 'en'),
(4701, 1567, 'Карасук', 'de'),
(4702, 1568, 'Каргат', 'ru'),
(4703, 1568, 'Каргат', 'en'),
(4704, 1568, 'Каргат', 'de'),
(4705, 1569, 'Колывань', 'ru'),
(4706, 1569, 'Колывань', 'en'),
(4707, 1569, 'Колывань', 'de'),
(4708, 1570, 'Краснозёрское', 'ru'),
(4709, 1570, 'Краснозёрское', 'en'),
(4710, 1570, 'Краснозёрское', 'de'),
(4711, 1571, 'Куйбышев', 'ru'),
(4712, 1571, 'Куйбышев', 'en'),
(4713, 1571, 'Куйбышев', 'de'),
(4714, 1572, 'Купино', 'ru'),
(4715, 1572, 'Купино', 'en'),
(4716, 1572, 'Купино', 'de'),
(4717, 1573, 'Новосибирск', 'ru'),
(4718, 1573, 'Новосибирск', 'en'),
(4719, 1573, 'Новосибирск', 'de'),
(4720, 1574, 'Обь', 'ru'),
(4721, 1574, 'Обь', 'en'),
(4722, 1574, 'Обь', 'de'),
(4723, 1575, 'Сузун', 'ru'),
(4724, 1575, 'Сузун', 'en'),
(4725, 1575, 'Сузун', 'de'),
(4726, 1576, 'Татарск', 'ru'),
(4727, 1576, 'Татарск', 'en'),
(4728, 1576, 'Татарск', 'de'),
(4729, 1577, 'Тогучин', 'ru'),
(4730, 1577, 'Тогучин', 'en'),
(4731, 1577, 'Тогучин', 'de'),
(4732, 1578, 'Чаны', 'ru'),
(4733, 1578, 'Чаны', 'en'),
(4734, 1578, 'Чаны', 'de'),
(4735, 1579, 'Черепаново', 'ru'),
(4736, 1579, 'Черепаново', 'en'),
(4737, 1579, 'Черепаново', 'de'),
(4738, 1580, 'Чулым', 'ru'),
(4739, 1580, 'Чулым', 'en'),
(4740, 1580, 'Чулым', 'de'),
(4741, 1581, 'Исилькуль', 'ru'),
(4742, 1581, 'Исилькуль', 'en'),
(4743, 1581, 'Исилькуль', 'de'),
(4744, 1582, 'Калачинск', 'ru'),
(4745, 1582, 'Калачинск', 'en'),
(4746, 1582, 'Калачинск', 'de'),
(4747, 1583, 'Называевск', 'ru'),
(4748, 1583, 'Называевск', 'en'),
(4749, 1583, 'Называевск', 'de'),
(4750, 1584, 'Омск', 'ru'),
(4751, 1584, 'Омск', 'en'),
(4752, 1584, 'Омск', 'de'),
(4753, 1585, 'Тара', 'ru'),
(4754, 1585, 'Тара', 'en'),
(4755, 1585, 'Тара', 'de'),
(4756, 1586, 'Тюкалинск', 'ru'),
(4757, 1586, 'Тюкалинск', 'en'),
(4758, 1586, 'Тюкалинск', 'de'),
(4759, 1587, 'Горно-Алтайск', 'ru'),
(4760, 1587, 'Горно-Алтайск', 'en'),
(4761, 1587, 'Горно-Алтайск', 'de'),
(4762, 1588, 'Асино', 'ru'),
(4763, 1588, 'Асино', 'en'),
(4764, 1588, 'Асино', 'de'),
(4765, 1589, 'Кедровый', 'ru'),
(4766, 1589, 'Кедровый', 'en'),
(4767, 1589, 'Кедровый', 'de'),
(4768, 1590, 'Колпашево', 'ru'),
(4769, 1590, 'Колпашево', 'en'),
(4770, 1590, 'Колпашево', 'de'),
(4771, 1591, 'Северск', 'ru'),
(4772, 1591, 'Северск', 'en'),
(4773, 1591, 'Северск', 'de'),
(4774, 1592, 'Стрежевой', 'ru'),
(4775, 1592, 'Стрежевой', 'en'),
(4776, 1592, 'Стрежевой', 'de'),
(4777, 1593, 'Томск', 'ru'),
(4778, 1593, 'Томск', 'en'),
(4779, 1593, 'Томск', 'de'),
(4780, 1594, 'Балашиха', 'ru'),
(4781, 1594, 'Балашиха', 'en'),
(4782, 1594, 'Балашиха', 'de'),
(4783, 1595, 'Дзержинский', 'ru'),
(4784, 1595, 'Дзержинский', 'en'),
(4785, 1595, 'Дзержинский', 'de'),
(4786, 1596, 'Дрезна', 'ru'),
(4787, 1596, 'Дрезна', 'en'),
(4788, 1596, 'Дрезна', 'de'),
(4789, 1597, 'Железнодорожный', 'ru'),
(4790, 1597, 'Железнодорожный', 'en'),
(4791, 1597, 'Железнодорожный', 'de'),
(4792, 1598, 'Жуковский', 'ru'),
(4793, 1598, 'Жуковский', 'en'),
(4794, 1598, 'Жуковский', 'de'),
(4795, 1599, 'Котельники', 'ru'),
(4796, 1599, 'Котельники', 'en'),
(4797, 1599, 'Котельники', 'de'),
(4798, 1600, 'Красково', 'ru'),
(4799, 1600, 'Красково', 'en'),
(4800, 1600, 'Красково', 'de'),
(4801, 1601, 'Красноармейск (Московская область)', 'ru'),
(4802, 1601, 'Красноармейск (Московская область)', 'en'),
(4803, 1601, 'Красноармейск (Московская область)', 'de'),
(4804, 1602, 'Куровское', 'ru'),
(4805, 1602, 'Куровское', 'en'),
(4806, 1602, 'Куровское', 'de'),
(4807, 1603, 'Ликино-Дулево', 'ru'),
(4808, 1603, 'Ликино-Дулево', 'en'),
(4809, 1603, 'Ликино-Дулево', 'de'),
(4810, 1604, 'Лосино-Петровский', 'ru'),
(4811, 1604, 'Лосино-Петровский', 'en'),
(4812, 1604, 'Лосино-Петровский', 'de'),
(4813, 1605, 'Луховицы', 'ru'),
(4814, 1605, 'Луховицы', 'en'),
(4815, 1605, 'Луховицы', 'de'),
(4816, 1606, 'Лыткарино', 'ru'),
(4817, 1606, 'Лыткарино', 'en'),
(4818, 1606, 'Лыткарино', 'de'),
(4819, 1607, 'Люберцы', 'ru'),
(4820, 1607, 'Люберцы', 'en'),
(4821, 1607, 'Люберцы', 'de'),
(4822, 1608, 'Монино', 'ru'),
(4823, 1608, 'Монино', 'en'),
(4824, 1608, 'Монино', 'de'),
(4825, 1609, 'Ногинск', 'ru'),
(4826, 1609, 'Ногинск', 'en'),
(4827, 1609, 'Ногинск', 'de'),
(4828, 1610, 'Октябрьский', 'ru'),
(4829, 1610, 'Октябрьский', 'en'),
(4830, 1610, 'Октябрьский', 'de'),
(4831, 1611, 'Орехово-Зуево', 'ru'),
(4832, 1611, 'Орехово-Зуево', 'en'),
(4833, 1611, 'Орехово-Зуево', 'de'),
(4834, 1612, 'Павловский Посад', 'ru'),
(4835, 1612, 'Павловский Посад', 'en'),
(4836, 1612, 'Павловский Посад', 'de'),
(4837, 1613, 'Реутов', 'ru'),
(4838, 1613, 'Реутов', 'en'),
(4839, 1613, 'Реутов', 'de'),
(4840, 1614, 'Рошаль', 'ru'),
(4841, 1614, 'Рошаль', 'en'),
(4842, 1614, 'Рошаль', 'de'),
(4843, 1615, 'Старая Купавна', 'ru'),
(4844, 1615, 'Старая Купавна', 'en'),
(4845, 1615, 'Старая Купавна', 'de'),
(4846, 1616, 'Фрязино', 'ru'),
(4847, 1616, 'Фрязино', 'en'),
(4848, 1616, 'Фрязино', 'de'),
(4849, 1617, 'Черноголовка', 'ru'),
(4850, 1617, 'Черноголовка', 'en'),
(4851, 1617, 'Черноголовка', 'de'),
(4852, 1618, 'Шатура', 'ru'),
(4853, 1618, 'Шатура', 'en'),
(4854, 1618, 'Шатура', 'de'),
(4855, 1619, 'Щелково', 'ru'),
(4856, 1619, 'Щелково', 'en'),
(4857, 1619, 'Щелково', 'de'),
(4858, 1620, 'Электрогорск', 'ru'),
(4859, 1620, 'Электрогорск', 'en'),
(4860, 1620, 'Электрогорск', 'de'),
(4861, 1621, 'Электросталь', 'ru'),
(4862, 1621, 'Электросталь', 'en'),
(4863, 1621, 'Электросталь', 'de'),
(4864, 1622, 'Электроугли', 'ru'),
(4865, 1622, 'Электроугли', 'en'),
(4866, 1622, 'Электроугли', 'de'),
(4867, 1623, 'Волоколамск', 'ru'),
(4868, 1623, 'Волоколамск', 'en'),
(4869, 1623, 'Волоколамск', 'de'),
(4870, 1624, 'Голицыно', 'ru'),
(4871, 1624, 'Голицыно', 'en'),
(4872, 1624, 'Голицыно', 'de'),
(4873, 1625, 'Дедовск', 'ru'),
(4874, 1625, 'Дедовск', 'en'),
(4875, 1625, 'Дедовск', 'de'),
(4876, 1626, 'Звенигород', 'ru'),
(4877, 1626, 'Звенигород', 'en'),
(4878, 1626, 'Звенигород', 'de'),
(4879, 1627, 'Истра', 'ru'),
(4880, 1627, 'Истра', 'en'),
(4881, 1627, 'Истра', 'de'),
(4882, 1628, 'Красногорск', 'ru'),
(4883, 1628, 'Красногорск', 'en'),
(4884, 1628, 'Красногорск', 'de'),
(4885, 1629, 'Краснознаменск (Московская область)', 'ru'),
(4886, 1629, 'Краснознаменск (Московская область)', 'en'),
(4887, 1629, 'Краснознаменск (Московская область)', 'de'),
(4888, 1630, 'Кубинка', 'ru'),
(4889, 1630, 'Кубинка', 'en'),
(4890, 1630, 'Кубинка', 'de'),
(4891, 1631, 'Малые Вязёмы', 'ru'),
(4892, 1631, 'Малые Вязёмы', 'en'),
(4893, 1631, 'Малые Вязёмы', 'de'),
(4894, 1632, 'Можайск', 'ru'),
(4895, 1632, 'Можайск', 'en'),
(4896, 1632, 'Можайск', 'de'),
(4897, 1633, 'Нахабино', 'ru'),
(4898, 1633, 'Нахабино', 'en'),
(4899, 1633, 'Нахабино', 'de'),
(4900, 1634, 'Одинцово', 'ru'),
(4901, 1634, 'Одинцово', 'en'),
(4902, 1634, 'Одинцово', 'de'),
(4903, 1635, 'Руза', 'ru'),
(4904, 1635, 'Руза', 'en'),
(4905, 1635, 'Руза', 'de'),
(4906, 1636, 'Вербилки', 'ru'),
(4907, 1636, 'Вербилки', 'en'),
(4908, 1636, 'Вербилки', 'de'),
(4909, 1637, 'Высоковск', 'ru'),
(4910, 1637, 'Высоковск', 'en'),
(4911, 1637, 'Высоковск', 'de'),
(4912, 1638, 'Дмитров', 'ru'),
(4913, 1638, 'Дмитров', 'en'),
(4914, 1638, 'Дмитров', 'de'),
(4915, 1639, 'Долгопрудный', 'ru'),
(4916, 1639, 'Долгопрудный', 'en'),
(4917, 1639, 'Долгопрудный', 'de'),
(4918, 1640, 'Дубна', 'ru'),
(4919, 1640, 'Дубна', 'en'),
(4920, 1640, 'Дубна', 'de'),
(4921, 1641, 'Зеленоград', 'ru'),
(4922, 1641, 'Зеленоград', 'en'),
(4923, 1641, 'Зеленоград', 'de'),
(4924, 1642, 'Ивантеевка', 'ru'),
(4925, 1642, 'Ивантеевка', 'en'),
(4926, 1642, 'Ивантеевка', 'de'),
(4927, 1643, 'Клин', 'ru'),
(4928, 1643, 'Клин', 'en'),
(4929, 1643, 'Клин', 'de'),
(4930, 1644, 'Королев', 'ru'),
(4931, 1644, 'Королев', 'en'),
(4932, 1644, 'Королев', 'de'),
(4933, 1645, 'Краснозаводск', 'ru'),
(4934, 1645, 'Краснозаводск', 'en'),
(4935, 1645, 'Краснозаводск', 'de'),
(4936, 1646, 'Лобня', 'ru'),
(4937, 1646, 'Лобня', 'en'),
(4938, 1646, 'Лобня', 'de'),
(4939, 1647, 'Мытищи', 'ru'),
(4940, 1647, 'Мытищи', 'en'),
(4941, 1647, 'Мытищи', 'de'),
(4942, 1648, 'Пересвет', 'ru'),
(4943, 1648, 'Пересвет', 'en'),
(4944, 1648, 'Пересвет', 'de'),
(4945, 1649, 'Пушкино', 'ru'),
(4946, 1649, 'Пушкино', 'en'),
(4947, 1649, 'Пушкино', 'de'),
(4948, 1650, 'Сергиев Посад', 'ru'),
(4949, 1650, 'Сергиев Посад', 'en'),
(4950, 1650, 'Сергиев Посад', 'de'),
(4951, 1651, 'Солнечногорск', 'ru'),
(4952, 1651, 'Солнечногорск', 'en'),
(4953, 1651, 'Солнечногорск', 'de'),
(4954, 1652, 'Софрино', 'ru'),
(4955, 1652, 'Софрино', 'en'),
(4956, 1652, 'Софрино', 'de'),
(4957, 1653, 'Талдом', 'ru'),
(4958, 1653, 'Талдом', 'en'),
(4959, 1653, 'Талдом', 'de'),
(4960, 1654, 'Химки', 'ru'),
(4961, 1654, 'Химки', 'en'),
(4962, 1654, 'Химки', 'de'),
(4963, 1655, 'Хотьково', 'ru'),
(4964, 1655, 'Хотьково', 'en'),
(4965, 1655, 'Хотьково', 'de'),
(4966, 1656, 'Юбилейный', 'ru'),
(4967, 1656, 'Юбилейный', 'en'),
(4968, 1656, 'Юбилейный', 'de'),
(4969, 1657, 'Яхрома', 'ru'),
(4970, 1657, 'Яхрома', 'en'),
(4971, 1657, 'Яхрома', 'de'),
(4972, 1658, 'Апрелевка', 'ru'),
(4973, 1658, 'Апрелевка', 'en'),
(4974, 1658, 'Апрелевка', 'de'),
(4975, 1659, 'Бронницы', 'ru'),
(4976, 1659, 'Бронницы', 'en'),
(4977, 1659, 'Бронницы', 'de'),
(4978, 1660, 'Верея', 'ru'),
(4979, 1660, 'Верея', 'en'),
(4980, 1660, 'Верея', 'de'),
(4981, 1661, 'Видное', 'ru'),
(4982, 1661, 'Видное', 'en'),
(4983, 1661, 'Видное', 'de'),
(4984, 1662, 'Воскресенск', 'ru'),
(4985, 1662, 'Воскресенск', 'en'),
(4986, 1662, 'Воскресенск', 'de'),
(4987, 1663, 'Домодедово', 'ru'),
(4988, 1663, 'Домодедово', 'en'),
(4989, 1663, 'Домодедово', 'de'),
(4990, 1664, 'Егорьевск', 'ru'),
(4991, 1664, 'Егорьевск', 'en'),
(4992, 1664, 'Егорьевск', 'de'),
(4993, 1665, 'Зарайск', 'ru'),
(4994, 1665, 'Зарайск', 'en'),
(4995, 1665, 'Зарайск', 'de'),
(4996, 1666, 'Кашира', 'ru'),
(4997, 1666, 'Кашира', 'en'),
(4998, 1666, 'Кашира', 'de'),
(4999, 1667, 'Климовск', 'ru'),
(5000, 1667, 'Климовск', 'en'),
(5001, 1667, 'Климовск', 'de'),
(5002, 1668, 'Кокошкино', 'ru'),
(5003, 1668, 'Кокошкино', 'en'),
(5004, 1668, 'Кокошкино', 'de'),
(5005, 1669, 'Коломна', 'ru'),
(5006, 1669, 'Коломна', 'en'),
(5007, 1669, 'Коломна', 'de'),
(5008, 1670, 'Московский', 'ru'),
(5009, 1670, 'Московский', 'en'),
(5010, 1670, 'Московский', 'de'),
(5011, 1671, 'Наро-Фоминск', 'ru'),
(5012, 1671, 'Наро-Фоминск', 'en'),
(5013, 1671, 'Наро-Фоминск', 'de'),
(5014, 1672, 'Оболенск', 'ru'),
(5015, 1672, 'Оболенск', 'en'),
(5016, 1672, 'Оболенск', 'de'),
(5017, 1673, 'Ожерелье', 'ru'),
(5018, 1673, 'Ожерелье', 'en'),
(5019, 1673, 'Ожерелье', 'de'),
(5020, 1674, 'Озеры', 'ru'),
(5021, 1674, 'Озеры', 'en'),
(5022, 1674, 'Озеры', 'de'),
(5023, 1675, 'Подольск', 'ru'),
(5024, 1675, 'Подольск', 'en'),
(5025, 1675, 'Подольск', 'de'),
(5026, 1676, 'Протвино', 'ru'),
(5027, 1676, 'Протвино', 'en'),
(5028, 1676, 'Протвино', 'de'),
(5029, 1677, 'Пущино', 'ru'),
(5030, 1677, 'Пущино', 'en'),
(5031, 1677, 'Пущино', 'de'),
(5032, 1678, 'Раменское', 'ru'),
(5033, 1678, 'Раменское', 'en'),
(5034, 1678, 'Раменское', 'de');
INSERT INTO `odj_city_translation` (`id`, `translatable_id`, `title`, `locale`) VALUES
(5035, 1679, 'Серпухов', 'ru'),
(5036, 1679, 'Серпухов', 'en'),
(5037, 1679, 'Серпухов', 'de'),
(5038, 1680, 'Ступино', 'ru'),
(5039, 1680, 'Ступино', 'en'),
(5040, 1680, 'Ступино', 'de'),
(5041, 1681, 'Троицк (Московская область)', 'ru'),
(5042, 1681, 'Троицк (Московская область)', 'en'),
(5043, 1681, 'Троицк (Московская область)', 'de'),
(5044, 1682, 'Чехов', 'ru'),
(5045, 1682, 'Чехов', 'en'),
(5046, 1682, 'Чехов', 'de'),
(5047, 1683, 'Щербинка', 'ru'),
(5048, 1683, 'Щербинка', 'en'),
(5049, 1683, 'Щербинка', 'de'),
(5050, 1684, 'Рогачево', 'ru'),
(5051, 1684, 'Рогачево', 'en'),
(5052, 1684, 'Рогачево', 'de'),
(5053, 1685, 'Селятино', 'ru'),
(5054, 1685, 'Селятино', 'en'),
(5055, 1685, 'Селятино', 'de'),
(5056, 1686, 'Белогорск', 'ru'),
(5057, 1686, 'Белогорск', 'en'),
(5058, 1686, 'Белогорск', 'de'),
(5059, 1687, 'Благовещенск (Амурская область)', 'ru'),
(5060, 1687, 'Благовещенск (Амурская область)', 'en'),
(5061, 1687, 'Благовещенск (Амурская область)', 'de'),
(5062, 1688, 'Завитинск', 'ru'),
(5063, 1688, 'Завитинск', 'en'),
(5064, 1688, 'Завитинск', 'de'),
(5065, 1689, 'Зея', 'ru'),
(5066, 1689, 'Зея', 'en'),
(5067, 1689, 'Зея', 'de'),
(5068, 1690, 'Райчихинск', 'ru'),
(5069, 1690, 'Райчихинск', 'en'),
(5070, 1690, 'Райчихинск', 'de'),
(5071, 1691, 'Свободный', 'ru'),
(5072, 1691, 'Свободный', 'en'),
(5073, 1691, 'Свободный', 'de'),
(5074, 1692, 'Сковородино', 'ru'),
(5075, 1692, 'Сковородино', 'en'),
(5076, 1692, 'Сковородино', 'de'),
(5077, 1693, 'Тында', 'ru'),
(5078, 1693, 'Тында', 'en'),
(5079, 1693, 'Тында', 'de'),
(5080, 1694, 'Шимановск', 'ru'),
(5081, 1694, 'Шимановск', 'en'),
(5082, 1694, 'Шимановск', 'de'),
(5083, 1695, 'Биробиджан', 'ru'),
(5084, 1695, 'Биробиджан', 'en'),
(5085, 1695, 'Биробиджан', 'de'),
(5086, 1696, 'Облучье', 'ru'),
(5087, 1696, 'Облучье', 'en'),
(5088, 1696, 'Облучье', 'de'),
(5089, 1697, 'Вилючинск', 'ru'),
(5090, 1697, 'Вилючинск', 'en'),
(5091, 1697, 'Вилючинск', 'de'),
(5092, 1698, 'Елизово', 'ru'),
(5093, 1698, 'Елизово', 'en'),
(5094, 1698, 'Елизово', 'de'),
(5095, 1699, 'Палана', 'ru'),
(5096, 1699, 'Палана', 'en'),
(5097, 1699, 'Палана', 'de'),
(5098, 1700, 'Петропавловск-Камчатский', 'ru'),
(5099, 1700, 'Петропавловск-Камчатский', 'en'),
(5100, 1700, 'Петропавловск-Камчатский', 'de'),
(5101, 1701, 'Магадан', 'ru'),
(5102, 1701, 'Магадан', 'en'),
(5103, 1701, 'Магадан', 'de'),
(5104, 1702, 'Сусуман', 'ru'),
(5105, 1702, 'Сусуман', 'en'),
(5106, 1702, 'Сусуман', 'de'),
(5107, 1703, 'Эвенск', 'ru'),
(5108, 1703, 'Эвенск', 'en'),
(5109, 1703, 'Эвенск', 'de'),
(5110, 1704, 'Арсеньев', 'ru'),
(5111, 1704, 'Арсеньев', 'en'),
(5112, 1704, 'Арсеньев', 'de'),
(5113, 1705, 'Артем', 'ru'),
(5114, 1705, 'Артем', 'en'),
(5115, 1705, 'Артем', 'de'),
(5116, 1706, 'Большой Камень', 'ru'),
(5117, 1706, 'Большой Камень', 'en'),
(5118, 1706, 'Большой Камень', 'de'),
(5119, 1707, 'Владивосток', 'ru'),
(5120, 1707, 'Владивосток', 'en'),
(5121, 1707, 'Владивосток', 'de'),
(5122, 1708, 'Дальнегорск', 'ru'),
(5123, 1708, 'Дальнегорск', 'en'),
(5124, 1708, 'Дальнегорск', 'de'),
(5125, 1709, 'Дальнереченск', 'ru'),
(5126, 1709, 'Дальнереченск', 'en'),
(5127, 1709, 'Дальнереченск', 'de'),
(5128, 1710, 'Лесозаводск', 'ru'),
(5129, 1710, 'Лесозаводск', 'en'),
(5130, 1710, 'Лесозаводск', 'de'),
(5131, 1711, 'Находка', 'ru'),
(5132, 1711, 'Находка', 'en'),
(5133, 1711, 'Находка', 'de'),
(5134, 1712, 'Партизанск', 'ru'),
(5135, 1712, 'Партизанск', 'en'),
(5136, 1712, 'Партизанск', 'de'),
(5137, 1713, 'Пластун', 'ru'),
(5138, 1713, 'Пластун', 'en'),
(5139, 1713, 'Пластун', 'de'),
(5140, 1714, 'Спасск-Дальний', 'ru'),
(5141, 1714, 'Спасск-Дальний', 'en'),
(5142, 1714, 'Спасск-Дальний', 'de'),
(5143, 1715, 'Уссурийск', 'ru'),
(5144, 1715, 'Уссурийск', 'en'),
(5145, 1715, 'Уссурийск', 'de'),
(5146, 1716, 'Фокино (Приморский край)', 'ru'),
(5147, 1716, 'Фокино (Приморский край)', 'en'),
(5148, 1716, 'Фокино (Приморский край)', 'de'),
(5149, 1717, 'Александровск-Сахалинский', 'ru'),
(5150, 1717, 'Александровск-Сахалинский', 'en'),
(5151, 1717, 'Александровск-Сахалинский', 'de'),
(5152, 1718, 'Анива', 'ru'),
(5153, 1718, 'Анива', 'en'),
(5154, 1718, 'Анива', 'de'),
(5155, 1719, 'Долинск', 'ru'),
(5156, 1719, 'Долинск', 'en'),
(5157, 1719, 'Долинск', 'de'),
(5158, 1720, 'Корсаков', 'ru'),
(5159, 1720, 'Корсаков', 'en'),
(5160, 1720, 'Корсаков', 'de'),
(5161, 1721, 'Курильск', 'ru'),
(5162, 1721, 'Курильск', 'en'),
(5163, 1721, 'Курильск', 'de'),
(5164, 1722, 'Макаров', 'ru'),
(5165, 1722, 'Макаров', 'en'),
(5166, 1722, 'Макаров', 'de'),
(5167, 1723, 'Невельск', 'ru'),
(5168, 1723, 'Невельск', 'en'),
(5169, 1723, 'Невельск', 'de'),
(5170, 1724, 'Ноглики', 'ru'),
(5171, 1724, 'Ноглики', 'en'),
(5172, 1724, 'Ноглики', 'de'),
(5173, 1725, 'Оха', 'ru'),
(5174, 1725, 'Оха', 'en'),
(5175, 1725, 'Оха', 'de'),
(5176, 1726, 'Поронайск', 'ru'),
(5177, 1726, 'Поронайск', 'en'),
(5178, 1726, 'Поронайск', 'de'),
(5179, 1727, 'Северо-Курильск', 'ru'),
(5180, 1727, 'Северо-Курильск', 'en'),
(5181, 1727, 'Северо-Курильск', 'de'),
(5182, 1728, 'Томари', 'ru'),
(5183, 1728, 'Томари', 'en'),
(5184, 1728, 'Томари', 'de'),
(5185, 1729, 'Углегорск', 'ru'),
(5186, 1729, 'Углегорск', 'en'),
(5187, 1729, 'Углегорск', 'de'),
(5188, 1730, 'Холмск', 'ru'),
(5189, 1730, 'Холмск', 'en'),
(5190, 1730, 'Холмск', 'de'),
(5191, 1731, 'Шахтерск (Сахалинская область)', 'ru'),
(5192, 1731, 'Шахтерск (Сахалинская область)', 'en'),
(5193, 1731, 'Шахтерск (Сахалинская область)', 'de'),
(5194, 1732, 'Южно-Курильск', 'ru'),
(5195, 1732, 'Южно-Курильск', 'en'),
(5196, 1732, 'Южно-Курильск', 'de'),
(5197, 1733, 'Южно-Сахалинск', 'ru'),
(5198, 1733, 'Южно-Сахалинск', 'en'),
(5199, 1733, 'Южно-Сахалинск', 'de'),
(5200, 1734, 'Амурск', 'ru'),
(5201, 1734, 'Амурск', 'en'),
(5202, 1734, 'Амурск', 'de'),
(5203, 1735, 'Бикин', 'ru'),
(5204, 1735, 'Бикин', 'en'),
(5205, 1735, 'Бикин', 'de'),
(5206, 1736, 'Ванино', 'ru'),
(5207, 1736, 'Ванино', 'en'),
(5208, 1736, 'Ванино', 'de'),
(5209, 1737, 'Вяземский', 'ru'),
(5210, 1737, 'Вяземский', 'en'),
(5211, 1737, 'Вяземский', 'de'),
(5212, 1738, 'Комсомольск-на-Амуре', 'ru'),
(5213, 1738, 'Комсомольск-на-Амуре', 'en'),
(5214, 1738, 'Комсомольск-на-Амуре', 'de'),
(5215, 1739, 'Николаевск-на-Амуре', 'ru'),
(5216, 1739, 'Николаевск-на-Амуре', 'en'),
(5217, 1739, 'Николаевск-на-Амуре', 'de'),
(5218, 1740, 'Советская Гавань', 'ru'),
(5219, 1740, 'Советская Гавань', 'en'),
(5220, 1740, 'Советская Гавань', 'de'),
(5221, 1741, 'Солнечный', 'ru'),
(5222, 1741, 'Солнечный', 'en'),
(5223, 1741, 'Солнечный', 'de'),
(5224, 1742, 'Хабаровск', 'ru'),
(5225, 1742, 'Хабаровск', 'en'),
(5226, 1742, 'Хабаровск', 'de'),
(5227, 1743, 'Анадырь', 'ru'),
(5228, 1743, 'Анадырь', 'en'),
(5229, 1743, 'Анадырь', 'de'),
(5230, 1744, 'Билибино', 'ru'),
(5231, 1744, 'Билибино', 'en'),
(5232, 1744, 'Билибино', 'de'),
(5233, 1745, 'Певек', 'ru'),
(5234, 1745, 'Певек', 'en'),
(5235, 1745, 'Певек', 'de'),
(5236, 1746, 'Архангельск', 'ru'),
(5237, 1746, 'Архангельск', 'en'),
(5238, 1746, 'Архангельск', 'de'),
(5239, 1747, 'Вельск', 'ru'),
(5240, 1747, 'Вельск', 'en'),
(5241, 1747, 'Вельск', 'de'),
(5242, 1748, 'Каргополь', 'ru'),
(5243, 1748, 'Каргополь', 'en'),
(5244, 1748, 'Каргополь', 'de'),
(5245, 1749, 'Коноша', 'ru'),
(5246, 1749, 'Коноша', 'en'),
(5247, 1749, 'Коноша', 'de'),
(5248, 1750, 'Коряжма', 'ru'),
(5249, 1750, 'Коряжма', 'en'),
(5250, 1750, 'Коряжма', 'de'),
(5251, 1751, 'Котлас', 'ru'),
(5252, 1751, 'Котлас', 'en'),
(5253, 1751, 'Котлас', 'de'),
(5254, 1752, 'Мезень', 'ru'),
(5255, 1752, 'Мезень', 'en'),
(5256, 1752, 'Мезень', 'de'),
(5257, 1753, 'Мирный (Архангельская область)', 'ru'),
(5258, 1753, 'Мирный (Архангельская область)', 'en'),
(5259, 1753, 'Мирный (Архангельская область)', 'de'),
(5260, 1754, 'Новодвинск', 'ru'),
(5261, 1754, 'Новодвинск', 'en'),
(5262, 1754, 'Новодвинск', 'de'),
(5263, 1755, 'Няндома', 'ru'),
(5264, 1755, 'Няндома', 'en'),
(5265, 1755, 'Няндома', 'de'),
(5266, 1756, 'Октябрьский (Архангельская область)', 'ru'),
(5267, 1756, 'Октябрьский (Архангельская область)', 'en'),
(5268, 1756, 'Октябрьский (Архангельская область)', 'de'),
(5269, 1757, 'Онега', 'ru'),
(5270, 1757, 'Онега', 'en'),
(5271, 1757, 'Онега', 'de'),
(5272, 1758, 'Северодвинск', 'ru'),
(5273, 1758, 'Северодвинск', 'en'),
(5274, 1758, 'Северодвинск', 'de'),
(5275, 1759, 'Сольвычегодск', 'ru'),
(5276, 1759, 'Сольвычегодск', 'en'),
(5277, 1759, 'Сольвычегодск', 'de'),
(5278, 1760, 'Шенкурск', 'ru'),
(5279, 1760, 'Шенкурск', 'en'),
(5280, 1760, 'Шенкурск', 'de'),
(5281, 1761, 'Багратионовск', 'ru'),
(5282, 1761, 'Багратионовск', 'en'),
(5283, 1761, 'Багратионовск', 'de'),
(5284, 1762, 'Балтийск', 'ru'),
(5285, 1762, 'Балтийск', 'en'),
(5286, 1762, 'Балтийск', 'de'),
(5287, 1763, 'Гвардейск', 'ru'),
(5288, 1763, 'Гвардейск', 'en'),
(5289, 1763, 'Гвардейск', 'de'),
(5290, 1764, 'Гурьевск (Калининградская область)', 'ru'),
(5291, 1764, 'Гурьевск (Калининградская область)', 'en'),
(5292, 1764, 'Гурьевск (Калининградская область)', 'de'),
(5293, 1765, 'Гусев', 'ru'),
(5294, 1765, 'Гусев', 'en'),
(5295, 1765, 'Гусев', 'de'),
(5296, 1766, 'Зеленоградск', 'ru'),
(5297, 1766, 'Зеленоградск', 'en'),
(5298, 1766, 'Зеленоградск', 'de'),
(5299, 1767, 'Калининград', 'ru'),
(5300, 1767, 'Калининград', 'en'),
(5301, 1767, 'Калининград', 'de'),
(5302, 1768, 'Краснознаменск (Калининградская область)', 'ru'),
(5303, 1768, 'Краснознаменск (Калининградская область)', 'en'),
(5304, 1768, 'Краснознаменск (Калининградская область)', 'de'),
(5305, 1769, 'Ладушкин', 'ru'),
(5306, 1769, 'Ладушкин', 'en'),
(5307, 1769, 'Ладушкин', 'de'),
(5308, 1770, 'Мамоново', 'ru'),
(5309, 1770, 'Мамоново', 'en'),
(5310, 1770, 'Мамоново', 'de'),
(5311, 1771, 'Неман', 'ru'),
(5312, 1771, 'Неман', 'en'),
(5313, 1771, 'Неман', 'de'),
(5314, 1772, 'Нестеров', 'ru'),
(5315, 1772, 'Нестеров', 'en'),
(5316, 1772, 'Нестеров', 'de'),
(5317, 1773, 'Озерск (Калининградская область)', 'ru'),
(5318, 1773, 'Озерск (Калининградская область)', 'en'),
(5319, 1773, 'Озерск (Калининградская область)', 'de'),
(5320, 1774, 'Пионерский', 'ru'),
(5321, 1774, 'Пионерский', 'en'),
(5322, 1774, 'Пионерский', 'de'),
(5323, 1775, 'Полесск', 'ru'),
(5324, 1775, 'Полесск', 'en'),
(5325, 1775, 'Полесск', 'de'),
(5326, 1776, 'Правдинск', 'ru'),
(5327, 1776, 'Правдинск', 'en'),
(5328, 1776, 'Правдинск', 'de'),
(5329, 1777, 'Светлогорск (Калининградская область)', 'ru'),
(5330, 1777, 'Светлогорск (Калининградская область)', 'en'),
(5331, 1777, 'Светлогорск (Калининградская область)', 'de'),
(5332, 1778, 'Светлый', 'ru'),
(5333, 1778, 'Светлый', 'en'),
(5334, 1778, 'Светлый', 'de'),
(5335, 1779, 'Славск', 'ru'),
(5336, 1779, 'Славск', 'en'),
(5337, 1779, 'Славск', 'de'),
(5338, 1780, 'Советск (Калининградская область)', 'ru'),
(5339, 1780, 'Советск (Калининградская область)', 'en'),
(5340, 1780, 'Советск (Калининградская область)', 'de'),
(5341, 1781, 'Черняховск', 'ru'),
(5342, 1781, 'Черняховск', 'en'),
(5343, 1781, 'Черняховск', 'de'),
(5344, 1782, 'Бокситогорск', 'ru'),
(5345, 1782, 'Бокситогорск', 'en'),
(5346, 1782, 'Бокситогорск', 'de'),
(5347, 1783, 'Волосово', 'ru'),
(5348, 1783, 'Волосово', 'en'),
(5349, 1783, 'Волосово', 'de'),
(5350, 1784, 'Волхов', 'ru'),
(5351, 1784, 'Волхов', 'en'),
(5352, 1784, 'Волхов', 'de'),
(5353, 1785, 'Всеволожск', 'ru'),
(5354, 1785, 'Всеволожск', 'en'),
(5355, 1785, 'Всеволожск', 'de'),
(5356, 1786, 'Выборг', 'ru'),
(5357, 1786, 'Выборг', 'en'),
(5358, 1786, 'Выборг', 'de'),
(5359, 1787, 'Высоцк', 'ru'),
(5360, 1787, 'Высоцк', 'en'),
(5361, 1787, 'Высоцк', 'de'),
(5362, 1788, 'Гатчина', 'ru'),
(5363, 1788, 'Гатчина', 'en'),
(5364, 1788, 'Гатчина', 'de'),
(5365, 1789, 'Зеленогорск (Ленинградская обл)', 'ru'),
(5366, 1789, 'Зеленогорск (Ленинградская обл)', 'en'),
(5367, 1789, 'Зеленогорск (Ленинградская обл)', 'de'),
(5368, 1790, 'Ивангород', 'ru'),
(5369, 1790, 'Ивангород', 'en'),
(5370, 1790, 'Ивангород', 'de'),
(5371, 1791, 'Каменногорск', 'ru'),
(5372, 1791, 'Каменногорск', 'en'),
(5373, 1791, 'Каменногорск', 'de'),
(5374, 1792, 'Кингисепп', 'ru'),
(5375, 1792, 'Кингисепп', 'en'),
(5376, 1792, 'Кингисепп', 'de'),
(5377, 1793, 'Кириши', 'ru'),
(5378, 1793, 'Кириши', 'en'),
(5379, 1793, 'Кириши', 'de'),
(5380, 1794, 'Кировск (Ленинградская область)', 'ru'),
(5381, 1794, 'Кировск (Ленинградская область)', 'en'),
(5382, 1794, 'Кировск (Ленинградская область)', 'de'),
(5383, 1795, 'Колпино', 'ru'),
(5384, 1795, 'Колпино', 'en'),
(5385, 1795, 'Колпино', 'de'),
(5386, 1796, 'Коммунар', 'ru'),
(5387, 1796, 'Коммунар', 'en'),
(5388, 1796, 'Коммунар', 'de'),
(5389, 1797, 'Красное село', 'ru'),
(5390, 1797, 'Красное село', 'en'),
(5391, 1797, 'Красное село', 'de'),
(5392, 1798, 'Кронштадт', 'ru'),
(5393, 1798, 'Кронштадт', 'en'),
(5394, 1798, 'Кронштадт', 'de'),
(5395, 1799, 'Лодейное Поле', 'ru'),
(5396, 1799, 'Лодейное Поле', 'en'),
(5397, 1799, 'Лодейное Поле', 'de'),
(5398, 1800, 'Ломоносов', 'ru'),
(5399, 1800, 'Ломоносов', 'en'),
(5400, 1800, 'Ломоносов', 'de'),
(5401, 1801, 'Луга', 'ru'),
(5402, 1801, 'Луга', 'en'),
(5403, 1801, 'Луга', 'de'),
(5404, 1802, 'Любань (Ленинградская область)', 'ru'),
(5405, 1802, 'Любань (Ленинградская область)', 'en'),
(5406, 1802, 'Любань (Ленинградская область)', 'de'),
(5407, 1803, 'Никольское', 'ru'),
(5408, 1803, 'Никольское', 'en'),
(5409, 1803, 'Никольское', 'de'),
(5410, 1804, 'Новая Ладога', 'ru'),
(5411, 1804, 'Новая Ладога', 'en'),
(5412, 1804, 'Новая Ладога', 'de'),
(5413, 1805, 'Отрадное', 'ru'),
(5414, 1805, 'Отрадное', 'en'),
(5415, 1805, 'Отрадное', 'de'),
(5416, 1806, 'Павловск (Ленинградская область)', 'ru'),
(5417, 1806, 'Павловск (Ленинградская область)', 'en'),
(5418, 1806, 'Павловск (Ленинградская область)', 'de'),
(5419, 1807, 'Петергоф', 'ru'),
(5420, 1807, 'Петергоф', 'en'),
(5421, 1807, 'Петергоф', 'de'),
(5422, 1808, 'Пикалево', 'ru'),
(5423, 1808, 'Пикалево', 'en'),
(5424, 1808, 'Пикалево', 'de'),
(5425, 1809, 'Подпорожье', 'ru'),
(5426, 1809, 'Подпорожье', 'en'),
(5427, 1809, 'Подпорожье', 'de'),
(5428, 1810, 'Приморск', 'ru'),
(5429, 1810, 'Приморск', 'en'),
(5430, 1810, 'Приморск', 'de'),
(5431, 1811, 'Приозерск', 'ru'),
(5432, 1811, 'Приозерск', 'en'),
(5433, 1811, 'Приозерск', 'de'),
(5434, 1812, 'Пушкин', 'ru'),
(5435, 1812, 'Пушкин', 'en'),
(5436, 1812, 'Пушкин', 'de'),
(5437, 1813, 'Светогорск', 'ru'),
(5438, 1813, 'Светогорск', 'en'),
(5439, 1813, 'Светогорск', 'de'),
(5440, 1814, 'Сертолово', 'ru'),
(5441, 1814, 'Сертолово', 'en'),
(5442, 1814, 'Сертолово', 'de'),
(5443, 1815, 'Сестрорецк', 'ru'),
(5444, 1815, 'Сестрорецк', 'en'),
(5445, 1815, 'Сестрорецк', 'de'),
(5446, 1816, 'Сланцы', 'ru'),
(5447, 1816, 'Сланцы', 'en'),
(5448, 1816, 'Сланцы', 'de'),
(5449, 1817, 'Сосновый Бор', 'ru'),
(5450, 1817, 'Сосновый Бор', 'en'),
(5451, 1817, 'Сосновый Бор', 'de'),
(5452, 1818, 'Сясьстрой', 'ru'),
(5453, 1818, 'Сясьстрой', 'en'),
(5454, 1818, 'Сясьстрой', 'de'),
(5455, 1819, 'Тихвин', 'ru'),
(5456, 1819, 'Тихвин', 'en'),
(5457, 1819, 'Тихвин', 'de'),
(5458, 1820, 'Тосно', 'ru'),
(5459, 1820, 'Тосно', 'en'),
(5460, 1820, 'Тосно', 'de'),
(5461, 1821, 'Ульяновка', 'ru'),
(5462, 1821, 'Ульяновка', 'en'),
(5463, 1821, 'Ульяновка', 'de'),
(5464, 1822, 'Шлиссельбург', 'ru'),
(5465, 1822, 'Шлиссельбург', 'en'),
(5466, 1822, 'Шлиссельбург', 'de'),
(5467, 1823, 'Шушары', 'ru'),
(5468, 1823, 'Шушары', 'en'),
(5469, 1823, 'Шушары', 'de'),
(5470, 1824, 'Апатиты', 'ru'),
(5471, 1824, 'Апатиты', 'en'),
(5472, 1824, 'Апатиты', 'de'),
(5473, 1825, 'Гаджиево', 'ru'),
(5474, 1825, 'Гаджиево', 'en'),
(5475, 1825, 'Гаджиево', 'de'),
(5476, 1826, 'Заозерск', 'ru'),
(5477, 1826, 'Заозерск', 'en'),
(5478, 1826, 'Заозерск', 'de'),
(5479, 1827, 'Заполярный', 'ru'),
(5480, 1827, 'Заполярный', 'en'),
(5481, 1827, 'Заполярный', 'de'),
(5482, 1828, 'Кандалакша', 'ru'),
(5483, 1828, 'Кандалакша', 'en'),
(5484, 1828, 'Кандалакша', 'de'),
(5485, 1829, 'Кировск (Мурманская область)', 'ru'),
(5486, 1829, 'Кировск (Мурманская область)', 'en'),
(5487, 1829, 'Кировск (Мурманская область)', 'de'),
(5488, 1830, 'Ковдор', 'ru'),
(5489, 1830, 'Ковдор', 'en'),
(5490, 1830, 'Ковдор', 'de'),
(5491, 1831, 'Кола', 'ru'),
(5492, 1831, 'Кола', 'en'),
(5493, 1831, 'Кола', 'de'),
(5494, 1832, 'Мончегорск', 'ru'),
(5495, 1832, 'Мончегорск', 'en'),
(5496, 1832, 'Мончегорск', 'de'),
(5497, 1833, 'Мурманск', 'ru'),
(5498, 1833, 'Мурманск', 'en'),
(5499, 1833, 'Мурманск', 'de'),
(5500, 1834, 'Оленегорск', 'ru'),
(5501, 1834, 'Оленегорск', 'en'),
(5502, 1834, 'Оленегорск', 'de'),
(5503, 1835, 'Островной', 'ru'),
(5504, 1835, 'Островной', 'en'),
(5505, 1835, 'Островной', 'de'),
(5506, 1836, 'Полярные Зори', 'ru'),
(5507, 1836, 'Полярные Зори', 'en'),
(5508, 1836, 'Полярные Зори', 'de'),
(5509, 1837, 'Полярный', 'ru'),
(5510, 1837, 'Полярный', 'en'),
(5511, 1837, 'Полярный', 'de'),
(5512, 1838, 'Североморск', 'ru'),
(5513, 1838, 'Североморск', 'en'),
(5514, 1838, 'Североморск', 'de'),
(5515, 1839, 'Снежногорск', 'ru'),
(5516, 1839, 'Снежногорск', 'en'),
(5517, 1839, 'Снежногорск', 'de'),
(5518, 1840, 'Нарьян-Мар', 'ru'),
(5519, 1840, 'Нарьян-Мар', 'en'),
(5520, 1840, 'Нарьян-Мар', 'de'),
(5521, 1841, 'Боровичи', 'ru'),
(5522, 1841, 'Боровичи', 'en'),
(5523, 1841, 'Боровичи', 'de'),
(5524, 1842, 'Валдай', 'ru'),
(5525, 1842, 'Валдай', 'en'),
(5526, 1842, 'Валдай', 'de'),
(5527, 1843, 'Великий Новгород', 'ru'),
(5528, 1843, 'Великий Новгород', 'en'),
(5529, 1843, 'Великий Новгород', 'de'),
(5530, 1844, 'Малая Вишера', 'ru'),
(5531, 1844, 'Малая Вишера', 'en'),
(5532, 1844, 'Малая Вишера', 'de'),
(5533, 1845, 'Окуловка', 'ru'),
(5534, 1845, 'Окуловка', 'en'),
(5535, 1845, 'Окуловка', 'de'),
(5536, 1846, 'Пестово', 'ru'),
(5537, 1846, 'Пестово', 'en'),
(5538, 1846, 'Пестово', 'de'),
(5539, 1847, 'Сольцы', 'ru'),
(5540, 1847, 'Сольцы', 'en'),
(5541, 1847, 'Сольцы', 'de'),
(5542, 1848, 'Старая Русса', 'ru'),
(5543, 1848, 'Старая Русса', 'en'),
(5544, 1848, 'Старая Русса', 'de'),
(5545, 1849, 'Холм', 'ru'),
(5546, 1849, 'Холм', 'en'),
(5547, 1849, 'Холм', 'de'),
(5548, 1850, 'Чудово', 'ru'),
(5549, 1850, 'Чудово', 'en'),
(5550, 1850, 'Чудово', 'de'),
(5551, 1851, 'Великие Луки', 'ru'),
(5552, 1851, 'Великие Луки', 'en'),
(5553, 1851, 'Великие Луки', 'de'),
(5554, 1852, 'Гдов', 'ru'),
(5555, 1852, 'Гдов', 'en'),
(5556, 1852, 'Гдов', 'de'),
(5557, 1853, 'Дно', 'ru'),
(5558, 1853, 'Дно', 'en'),
(5559, 1853, 'Дно', 'de'),
(5560, 1854, 'Невель', 'ru'),
(5561, 1854, 'Невель', 'en'),
(5562, 1854, 'Невель', 'de'),
(5563, 1855, 'Новоржев', 'ru'),
(5564, 1855, 'Новоржев', 'en'),
(5565, 1855, 'Новоржев', 'de'),
(5566, 1856, 'Новосокольники', 'ru'),
(5567, 1856, 'Новосокольники', 'en'),
(5568, 1856, 'Новосокольники', 'de'),
(5569, 1857, 'Опочка', 'ru'),
(5570, 1857, 'Опочка', 'en'),
(5571, 1857, 'Опочка', 'de'),
(5572, 1858, 'Остров', 'ru'),
(5573, 1858, 'Остров', 'en'),
(5574, 1858, 'Остров', 'de'),
(5575, 1859, 'Печоры', 'ru'),
(5576, 1859, 'Печоры', 'en'),
(5577, 1859, 'Печоры', 'de'),
(5578, 1860, 'Порхов', 'ru'),
(5579, 1860, 'Порхов', 'en'),
(5580, 1860, 'Порхов', 'de'),
(5581, 1861, 'Псков', 'ru'),
(5582, 1861, 'Псков', 'en'),
(5583, 1861, 'Псков', 'de'),
(5584, 1862, 'Пустошка', 'ru'),
(5585, 1862, 'Пустошка', 'en'),
(5586, 1862, 'Пустошка', 'de'),
(5587, 1863, 'Пыталово', 'ru'),
(5588, 1863, 'Пыталово', 'en'),
(5589, 1863, 'Пыталово', 'de'),
(5590, 1864, 'Себеж', 'ru'),
(5591, 1864, 'Себеж', 'en'),
(5592, 1864, 'Себеж', 'de'),
(5593, 1865, 'Беломорск', 'ru'),
(5594, 1865, 'Беломорск', 'en'),
(5595, 1865, 'Беломорск', 'de'),
(5596, 1866, 'Кемь', 'ru'),
(5597, 1866, 'Кемь', 'en'),
(5598, 1866, 'Кемь', 'de'),
(5599, 1867, 'Кондопога', 'ru'),
(5600, 1867, 'Кондопога', 'en'),
(5601, 1867, 'Кондопога', 'de'),
(5602, 1868, 'Костомукша', 'ru'),
(5603, 1868, 'Костомукша', 'en'),
(5604, 1868, 'Костомукша', 'de'),
(5605, 1869, 'Лахденпохья', 'ru'),
(5606, 1869, 'Лахденпохья', 'en'),
(5607, 1869, 'Лахденпохья', 'de'),
(5608, 1870, 'Медвежьегорск', 'ru'),
(5609, 1870, 'Медвежьегорск', 'en'),
(5610, 1870, 'Медвежьегорск', 'de'),
(5611, 1871, 'Надвоицы', 'ru'),
(5612, 1871, 'Надвоицы', 'en'),
(5613, 1871, 'Надвоицы', 'de'),
(5614, 1872, 'Олонец', 'ru'),
(5615, 1872, 'Олонец', 'en'),
(5616, 1872, 'Олонец', 'de'),
(5617, 1873, 'Петрозаводск', 'ru'),
(5618, 1873, 'Петрозаводск', 'en'),
(5619, 1873, 'Петрозаводск', 'de'),
(5620, 1874, 'Питкяранта', 'ru'),
(5621, 1874, 'Питкяранта', 'en'),
(5622, 1874, 'Питкяранта', 'de'),
(5623, 1875, 'Пудож', 'ru'),
(5624, 1875, 'Пудож', 'en'),
(5625, 1875, 'Пудож', 'de'),
(5626, 1876, 'Сегежа', 'ru'),
(5627, 1876, 'Сегежа', 'en'),
(5628, 1876, 'Сегежа', 'de'),
(5629, 1877, 'Сортавала', 'ru'),
(5630, 1877, 'Сортавала', 'en'),
(5631, 1877, 'Сортавала', 'de'),
(5632, 1878, 'Суоярви', 'ru'),
(5633, 1878, 'Суоярви', 'en'),
(5634, 1878, 'Суоярви', 'de'),
(5635, 1879, 'Воркута', 'ru'),
(5636, 1879, 'Воркута', 'en'),
(5637, 1879, 'Воркута', 'de'),
(5638, 1880, 'Вуктыл', 'ru'),
(5639, 1880, 'Вуктыл', 'en'),
(5640, 1880, 'Вуктыл', 'de'),
(5641, 1881, 'Емва', 'ru'),
(5642, 1881, 'Емва', 'en'),
(5643, 1881, 'Емва', 'de'),
(5644, 1882, 'Инта', 'ru'),
(5645, 1882, 'Инта', 'en'),
(5646, 1882, 'Инта', 'de'),
(5647, 1883, 'Микунь', 'ru'),
(5648, 1883, 'Микунь', 'en'),
(5649, 1883, 'Микунь', 'de'),
(5650, 1884, 'Печора', 'ru'),
(5651, 1884, 'Печора', 'en'),
(5652, 1884, 'Печора', 'de'),
(5653, 1885, 'Сосногорск', 'ru'),
(5654, 1885, 'Сосногорск', 'en'),
(5655, 1885, 'Сосногорск', 'de'),
(5656, 1886, 'Сыктывкар', 'ru'),
(5657, 1886, 'Сыктывкар', 'en'),
(5658, 1886, 'Сыктывкар', 'de'),
(5659, 1887, 'Усинск', 'ru'),
(5660, 1887, 'Усинск', 'en'),
(5661, 1887, 'Усинск', 'de'),
(5662, 1888, 'Ухта', 'ru'),
(5663, 1888, 'Ухта', 'en'),
(5664, 1888, 'Ухта', 'de'),
(5665, 1889, 'Велиж', 'ru'),
(5666, 1889, 'Велиж', 'en'),
(5667, 1889, 'Велиж', 'de'),
(5668, 1890, 'Вязьма', 'ru'),
(5669, 1890, 'Вязьма', 'en'),
(5670, 1890, 'Вязьма', 'de'),
(5671, 1891, 'Гагарин', 'ru'),
(5672, 1891, 'Гагарин', 'en'),
(5673, 1891, 'Гагарин', 'de'),
(5674, 1892, 'Демидов', 'ru'),
(5675, 1892, 'Демидов', 'en'),
(5676, 1892, 'Демидов', 'de'),
(5677, 1893, 'Десногорск', 'ru'),
(5678, 1893, 'Десногорск', 'en'),
(5679, 1893, 'Десногорск', 'de'),
(5680, 1894, 'Дорогобуж', 'ru'),
(5681, 1894, 'Дорогобуж', 'en'),
(5682, 1894, 'Дорогобуж', 'de'),
(5683, 1895, 'Духовщина', 'ru'),
(5684, 1895, 'Духовщина', 'en'),
(5685, 1895, 'Духовщина', 'de'),
(5686, 1896, 'Ельня', 'ru'),
(5687, 1896, 'Ельня', 'en'),
(5688, 1896, 'Ельня', 'de'),
(5689, 1897, 'Починок', 'ru'),
(5690, 1897, 'Починок', 'en'),
(5691, 1897, 'Починок', 'de'),
(5692, 1898, 'Рославль', 'ru'),
(5693, 1898, 'Рославль', 'en'),
(5694, 1898, 'Рославль', 'de'),
(5695, 1899, 'Рудня', 'ru'),
(5696, 1899, 'Рудня', 'en'),
(5697, 1899, 'Рудня', 'de'),
(5698, 1900, 'Сафоново', 'ru'),
(5699, 1900, 'Сафоново', 'en'),
(5700, 1900, 'Сафоново', 'de'),
(5701, 1901, 'Смоленск', 'ru'),
(5702, 1901, 'Смоленск', 'en'),
(5703, 1901, 'Смоленск', 'de'),
(5704, 1902, 'Сычевка', 'ru'),
(5705, 1902, 'Сычевка', 'en'),
(5706, 1902, 'Сычевка', 'de'),
(5707, 1903, 'Ярцево', 'ru'),
(5708, 1903, 'Ярцево', 'en'),
(5709, 1903, 'Ярцево', 'de'),
(5710, 1904, 'Александров', 'ru'),
(5711, 1904, 'Александров', 'en'),
(5712, 1904, 'Александров', 'de'),
(5713, 1905, 'Владимир', 'ru'),
(5714, 1905, 'Владимир', 'en'),
(5715, 1905, 'Владимир', 'de'),
(5716, 1906, 'Вольгинский', 'ru'),
(5717, 1906, 'Вольгинский', 'en'),
(5718, 1906, 'Вольгинский', 'de'),
(5719, 1907, 'Вязники', 'ru'),
(5720, 1907, 'Вязники', 'en'),
(5721, 1907, 'Вязники', 'de'),
(5722, 1908, 'Гороховец', 'ru'),
(5723, 1908, 'Гороховец', 'en'),
(5724, 1908, 'Гороховец', 'de'),
(5725, 1909, 'Гусь-Хрустальный', 'ru'),
(5726, 1909, 'Гусь-Хрустальный', 'en'),
(5727, 1909, 'Гусь-Хрустальный', 'de'),
(5728, 1910, 'Камешково', 'ru'),
(5729, 1910, 'Камешково', 'en'),
(5730, 1910, 'Камешково', 'de'),
(5731, 1911, 'Карабаново', 'ru'),
(5732, 1911, 'Карабаново', 'en'),
(5733, 1911, 'Карабаново', 'de'),
(5734, 1912, 'Киржач', 'ru'),
(5735, 1912, 'Киржач', 'en'),
(5736, 1912, 'Киржач', 'de'),
(5737, 1913, 'Ковров', 'ru'),
(5738, 1913, 'Ковров', 'en'),
(5739, 1913, 'Ковров', 'de'),
(5740, 1914, 'Кольчугино', 'ru'),
(5741, 1914, 'Кольчугино', 'en'),
(5742, 1914, 'Кольчугино', 'de'),
(5743, 1915, 'Костерево', 'ru'),
(5744, 1915, 'Костерево', 'en'),
(5745, 1915, 'Костерево', 'de'),
(5746, 1916, 'Курлово', 'ru'),
(5747, 1916, 'Курлово', 'en'),
(5748, 1916, 'Курлово', 'de'),
(5749, 1917, 'Лакинск', 'ru'),
(5750, 1917, 'Лакинск', 'en'),
(5751, 1917, 'Лакинск', 'de'),
(5752, 1918, 'Меленки', 'ru'),
(5753, 1918, 'Меленки', 'en'),
(5754, 1918, 'Меленки', 'de'),
(5755, 1919, 'Муром', 'ru'),
(5756, 1919, 'Муром', 'en'),
(5757, 1919, 'Муром', 'de'),
(5758, 1920, 'Петушки', 'ru'),
(5759, 1920, 'Петушки', 'en'),
(5760, 1920, 'Петушки', 'de'),
(5761, 1921, 'Покров', 'ru'),
(5762, 1921, 'Покров', 'en'),
(5763, 1921, 'Покров', 'de'),
(5764, 1922, 'Радужный (Владимирская область)', 'ru'),
(5765, 1922, 'Радужный (Владимирская область)', 'en'),
(5766, 1922, 'Радужный (Владимирская область)', 'de'),
(5767, 1923, 'Собинка', 'ru'),
(5768, 1923, 'Собинка', 'en'),
(5769, 1923, 'Собинка', 'de'),
(5770, 1924, 'Ставрово', 'ru'),
(5771, 1924, 'Ставрово', 'en'),
(5772, 1924, 'Ставрово', 'de'),
(5773, 1925, 'Струнино', 'ru'),
(5774, 1925, 'Струнино', 'en'),
(5775, 1925, 'Струнино', 'de'),
(5776, 1926, 'Судогда', 'ru'),
(5777, 1926, 'Судогда', 'en'),
(5778, 1926, 'Судогда', 'de'),
(5779, 1927, 'Суздаль', 'ru'),
(5780, 1927, 'Суздаль', 'en'),
(5781, 1927, 'Суздаль', 'de'),
(5782, 1928, 'Юрьев-Польский', 'ru'),
(5783, 1928, 'Юрьев-Польский', 'en'),
(5784, 1928, 'Юрьев-Польский', 'de'),
(5785, 1929, 'Бабаево', 'ru'),
(5786, 1929, 'Бабаево', 'en'),
(5787, 1929, 'Бабаево', 'de'),
(5788, 1930, 'Белозерск', 'ru'),
(5789, 1930, 'Белозерск', 'en'),
(5790, 1930, 'Белозерск', 'de'),
(5791, 1931, 'Великий Устюг', 'ru'),
(5792, 1931, 'Великий Устюг', 'en'),
(5793, 1931, 'Великий Устюг', 'de'),
(5794, 1932, 'Вологда', 'ru'),
(5795, 1932, 'Вологда', 'en'),
(5796, 1932, 'Вологда', 'de'),
(5797, 1933, 'Вытегра', 'ru'),
(5798, 1933, 'Вытегра', 'en'),
(5799, 1933, 'Вытегра', 'de'),
(5800, 1934, 'Грязовец', 'ru'),
(5801, 1934, 'Грязовец', 'en'),
(5802, 1934, 'Грязовец', 'de'),
(5803, 1935, 'Кадников', 'ru'),
(5804, 1935, 'Кадников', 'en'),
(5805, 1935, 'Кадников', 'de'),
(5806, 1936, 'Кириллов', 'ru'),
(5807, 1936, 'Кириллов', 'en'),
(5808, 1936, 'Кириллов', 'de'),
(5809, 1937, 'Красавино', 'ru'),
(5810, 1937, 'Красавино', 'en'),
(5811, 1937, 'Красавино', 'de'),
(5812, 1938, 'Никольск (Вологодская область)', 'ru'),
(5813, 1938, 'Никольск (Вологодская область)', 'en'),
(5814, 1938, 'Никольск (Вологодская область)', 'de'),
(5815, 1939, 'Сокол', 'ru'),
(5816, 1939, 'Сокол', 'en'),
(5817, 1939, 'Сокол', 'de'),
(5818, 1940, 'Тотьма', 'ru'),
(5819, 1940, 'Тотьма', 'en'),
(5820, 1940, 'Тотьма', 'de'),
(5821, 1941, 'Устюжна', 'ru'),
(5822, 1941, 'Устюжна', 'en'),
(5823, 1941, 'Устюжна', 'de'),
(5824, 1942, 'Харовск', 'ru'),
(5825, 1942, 'Харовск', 'en'),
(5826, 1942, 'Харовск', 'de'),
(5827, 1943, 'Чагода', 'ru'),
(5828, 1943, 'Чагода', 'en'),
(5829, 1943, 'Чагода', 'de'),
(5830, 1944, 'Череповец', 'ru'),
(5831, 1944, 'Череповец', 'en'),
(5832, 1944, 'Череповец', 'de'),
(5833, 1945, 'Шексна', 'ru'),
(5834, 1945, 'Шексна', 'en'),
(5835, 1945, 'Шексна', 'de'),
(5836, 1946, 'Вичуга', 'ru'),
(5837, 1946, 'Вичуга', 'en'),
(5838, 1946, 'Вичуга', 'de'),
(5839, 1947, 'Гаврилов Посад', 'ru'),
(5840, 1947, 'Гаврилов Посад', 'en'),
(5841, 1947, 'Гаврилов Посад', 'de'),
(5842, 1948, 'Заволжск', 'ru'),
(5843, 1948, 'Заволжск', 'en'),
(5844, 1948, 'Заволжск', 'de'),
(5845, 1949, 'Иваново (Ивановская область)', 'ru'),
(5846, 1949, 'Иваново (Ивановская область)', 'en'),
(5847, 1949, 'Иваново (Ивановская область)', 'de'),
(5848, 1950, 'Кинешма', 'ru'),
(5849, 1950, 'Кинешма', 'en'),
(5850, 1950, 'Кинешма', 'de'),
(5851, 1951, 'Комсомольск (Ивановская область)', 'ru'),
(5852, 1951, 'Комсомольск (Ивановская область)', 'en'),
(5853, 1951, 'Комсомольск (Ивановская область)', 'de'),
(5854, 1952, 'Кохма', 'ru'),
(5855, 1952, 'Кохма', 'en'),
(5856, 1952, 'Кохма', 'de'),
(5857, 1953, 'Наволоки', 'ru'),
(5858, 1953, 'Наволоки', 'en'),
(5859, 1953, 'Наволоки', 'de'),
(5860, 1954, 'Плес', 'ru'),
(5861, 1954, 'Плес', 'en'),
(5862, 1954, 'Плес', 'de'),
(5863, 1955, 'Приволжск', 'ru'),
(5864, 1955, 'Приволжск', 'en'),
(5865, 1955, 'Приволжск', 'de'),
(5866, 1956, 'Пучеж', 'ru'),
(5867, 1956, 'Пучеж', 'en'),
(5868, 1956, 'Пучеж', 'de'),
(5869, 1957, 'Родники', 'ru'),
(5870, 1957, 'Родники', 'en'),
(5871, 1957, 'Родники', 'de'),
(5872, 1958, 'Тейково', 'ru'),
(5873, 1958, 'Тейково', 'en'),
(5874, 1958, 'Тейково', 'de'),
(5875, 1959, 'Фурманов', 'ru'),
(5876, 1959, 'Фурманов', 'en'),
(5877, 1959, 'Фурманов', 'de'),
(5878, 1960, 'Шуя', 'ru'),
(5879, 1960, 'Шуя', 'en'),
(5880, 1960, 'Шуя', 'de'),
(5881, 1961, 'Южа', 'ru'),
(5882, 1961, 'Южа', 'en'),
(5883, 1961, 'Южа', 'de'),
(5884, 1962, 'Юрьевец', 'ru'),
(5885, 1962, 'Юрьевец', 'en'),
(5886, 1962, 'Юрьевец', 'de'),
(5887, 1963, 'Буй', 'ru'),
(5888, 1963, 'Буй', 'en'),
(5889, 1963, 'Буй', 'de'),
(5890, 1964, 'Волгореченск', 'ru'),
(5891, 1964, 'Волгореченск', 'en'),
(5892, 1964, 'Волгореченск', 'de'),
(5893, 1965, 'Галич', 'ru'),
(5894, 1965, 'Галич', 'en'),
(5895, 1965, 'Галич', 'de'),
(5896, 1966, 'Кологрив', 'ru'),
(5897, 1966, 'Кологрив', 'en'),
(5898, 1966, 'Кологрив', 'de'),
(5899, 1967, 'Кострома', 'ru'),
(5900, 1967, 'Кострома', 'en'),
(5901, 1967, 'Кострома', 'de'),
(5902, 1968, 'Макарьев', 'ru'),
(5903, 1968, 'Макарьев', 'en'),
(5904, 1968, 'Макарьев', 'de'),
(5905, 1969, 'Мантурово', 'ru'),
(5906, 1969, 'Мантурово', 'en'),
(5907, 1969, 'Мантурово', 'de'),
(5908, 1970, 'Нерехта', 'ru'),
(5909, 1970, 'Нерехта', 'en'),
(5910, 1970, 'Нерехта', 'de'),
(5911, 1971, 'Нея', 'ru'),
(5912, 1971, 'Нея', 'en'),
(5913, 1971, 'Нея', 'de'),
(5914, 1972, 'Солигалич', 'ru'),
(5915, 1972, 'Солигалич', 'en'),
(5916, 1972, 'Солигалич', 'de'),
(5917, 1973, 'Чухлома', 'ru'),
(5918, 1973, 'Чухлома', 'en'),
(5919, 1973, 'Чухлома', 'de'),
(5920, 1974, 'Шарья', 'ru'),
(5921, 1974, 'Шарья', 'en'),
(5922, 1974, 'Шарья', 'de'),
(5923, 1975, 'Андреаполь', 'ru'),
(5924, 1975, 'Андреаполь', 'en'),
(5925, 1975, 'Андреаполь', 'de'),
(5926, 1976, 'Бежецк', 'ru'),
(5927, 1976, 'Бежецк', 'en'),
(5928, 1976, 'Бежецк', 'de'),
(5929, 1977, 'Белый', 'ru'),
(5930, 1977, 'Белый', 'en'),
(5931, 1977, 'Белый', 'de'),
(5932, 1978, 'Бологое', 'ru'),
(5933, 1978, 'Бологое', 'en'),
(5934, 1978, 'Бологое', 'de'),
(5935, 1979, 'Весьегонск', 'ru'),
(5936, 1979, 'Весьегонск', 'en'),
(5937, 1979, 'Весьегонск', 'de'),
(5938, 1980, 'Вышний Волочек', 'ru'),
(5939, 1980, 'Вышний Волочек', 'en'),
(5940, 1980, 'Вышний Волочек', 'de'),
(5941, 1981, 'Западная Двина', 'ru'),
(5942, 1981, 'Западная Двина', 'en'),
(5943, 1981, 'Западная Двина', 'de'),
(5944, 1982, 'Зубцов', 'ru'),
(5945, 1982, 'Зубцов', 'en'),
(5946, 1982, 'Зубцов', 'de'),
(5947, 1983, 'Калязин', 'ru'),
(5948, 1983, 'Калязин', 'en'),
(5949, 1983, 'Калязин', 'de'),
(5950, 1984, 'Кашин', 'ru'),
(5951, 1984, 'Кашин', 'en'),
(5952, 1984, 'Кашин', 'de'),
(5953, 1985, 'Кимры', 'ru'),
(5954, 1985, 'Кимры', 'en'),
(5955, 1985, 'Кимры', 'de'),
(5956, 1986, 'Конаково', 'ru'),
(5957, 1986, 'Конаково', 'en'),
(5958, 1986, 'Конаково', 'de'),
(5959, 1987, 'Красный Холм', 'ru'),
(5960, 1987, 'Красный Холм', 'en'),
(5961, 1987, 'Красный Холм', 'de'),
(5962, 1988, 'Кувшиново', 'ru'),
(5963, 1988, 'Кувшиново', 'en'),
(5964, 1988, 'Кувшиново', 'de'),
(5965, 1989, 'Лихославль', 'ru'),
(5966, 1989, 'Лихославль', 'en'),
(5967, 1989, 'Лихославль', 'de'),
(5968, 1990, 'Максатиха', 'ru'),
(5969, 1990, 'Максатиха', 'en'),
(5970, 1990, 'Максатиха', 'de'),
(5971, 1991, 'Нелидово', 'ru'),
(5972, 1991, 'Нелидово', 'en'),
(5973, 1991, 'Нелидово', 'de'),
(5974, 1992, 'Осташков', 'ru'),
(5975, 1992, 'Осташков', 'en'),
(5976, 1992, 'Осташков', 'de'),
(5977, 1993, 'Рамешки', 'ru'),
(5978, 1993, 'Рамешки', 'en'),
(5979, 1993, 'Рамешки', 'de'),
(5980, 1994, 'Ржев', 'ru'),
(5981, 1994, 'Ржев', 'en'),
(5982, 1994, 'Ржев', 'de'),
(5983, 1995, 'Сонково', 'ru'),
(5984, 1995, 'Сонково', 'en'),
(5985, 1995, 'Сонково', 'de'),
(5986, 1996, 'Старица', 'ru'),
(5987, 1996, 'Старица', 'en'),
(5988, 1996, 'Старица', 'de'),
(5989, 1997, 'Тверь', 'ru'),
(5990, 1997, 'Тверь', 'en'),
(5991, 1997, 'Тверь', 'de'),
(5992, 1998, 'Торжок', 'ru'),
(5993, 1998, 'Торжок', 'en'),
(5994, 1998, 'Торжок', 'de'),
(5995, 1999, 'Торопец', 'ru'),
(5996, 1999, 'Торопец', 'en'),
(5997, 1999, 'Торопец', 'de'),
(5998, 2000, 'Удомля', 'ru'),
(5999, 2000, 'Удомля', 'en'),
(6000, 2000, 'Удомля', 'de'),
(6001, 2001, 'Гаврилов-Ям', 'ru'),
(6002, 2001, 'Гаврилов-Ям', 'en'),
(6003, 2001, 'Гаврилов-Ям', 'de'),
(6004, 2002, 'Данилов', 'ru'),
(6005, 2002, 'Данилов', 'en'),
(6006, 2002, 'Данилов', 'de'),
(6007, 2003, 'Любим', 'ru'),
(6008, 2003, 'Любим', 'en'),
(6009, 2003, 'Любим', 'de'),
(6010, 2004, 'Мышкин', 'ru'),
(6011, 2004, 'Мышкин', 'en'),
(6012, 2004, 'Мышкин', 'de'),
(6013, 2005, 'Переславль-Залесский', 'ru'),
(6014, 2005, 'Переславль-Залесский', 'en'),
(6015, 2005, 'Переславль-Залесский', 'de'),
(6016, 2006, 'Пошехонье', 'ru'),
(6017, 2006, 'Пошехонье', 'en'),
(6018, 2006, 'Пошехонье', 'de'),
(6019, 2007, 'Ростов (Ярославская область)', 'ru'),
(6020, 2007, 'Ростов (Ярославская область)', 'en'),
(6021, 2007, 'Ростов (Ярославская область)', 'de'),
(6022, 2008, 'Рыбинск', 'ru'),
(6023, 2008, 'Рыбинск', 'en'),
(6024, 2008, 'Рыбинск', 'de'),
(6025, 2009, 'Тутаев', 'ru'),
(6026, 2009, 'Тутаев', 'en'),
(6027, 2009, 'Тутаев', 'de'),
(6028, 2010, 'Углич', 'ru'),
(6029, 2010, 'Углич', 'en'),
(6030, 2010, 'Углич', 'de'),
(6031, 2011, 'Ярославль', 'ru'),
(6032, 2011, 'Ярославль', 'en'),
(6033, 2011, 'Ярославль', 'de'),
(6034, 2012, 'Абдулино', 'ru'),
(6035, 2012, 'Абдулино', 'en'),
(6036, 2012, 'Абдулино', 'de'),
(6037, 2013, 'Бугуруслан', 'ru'),
(6038, 2013, 'Бугуруслан', 'en'),
(6039, 2013, 'Бугуруслан', 'de'),
(6040, 2014, 'Бузулук', 'ru'),
(6041, 2014, 'Бузулук', 'en'),
(6042, 2014, 'Бузулук', 'de'),
(6043, 2015, 'Гай', 'ru'),
(6044, 2015, 'Гай', 'en'),
(6045, 2015, 'Гай', 'de'),
(6046, 2016, 'Кувандык', 'ru'),
(6047, 2016, 'Кувандык', 'en'),
(6048, 2016, 'Кувандык', 'de'),
(6049, 2017, 'Медногорск', 'ru'),
(6050, 2017, 'Медногорск', 'en'),
(6051, 2017, 'Медногорск', 'de'),
(6052, 2018, 'Новотроицк', 'ru'),
(6053, 2018, 'Новотроицк', 'en'),
(6054, 2018, 'Новотроицк', 'de'),
(6055, 2019, 'Оренбург', 'ru'),
(6056, 2019, 'Оренбург', 'en'),
(6057, 2019, 'Оренбург', 'de'),
(6058, 2020, 'Орск', 'ru'),
(6059, 2020, 'Орск', 'en'),
(6060, 2020, 'Орск', 'de'),
(6061, 2021, 'Соль-Илецк', 'ru'),
(6062, 2021, 'Соль-Илецк', 'en'),
(6063, 2021, 'Соль-Илецк', 'de'),
(6064, 2022, 'Сорочинск', 'ru'),
(6065, 2022, 'Сорочинск', 'en'),
(6066, 2022, 'Сорочинск', 'de'),
(6067, 2023, 'Ясный', 'ru'),
(6068, 2023, 'Ясный', 'en'),
(6069, 2023, 'Ясный', 'de'),
(6070, 2024, 'Белинский', 'ru'),
(6071, 2024, 'Белинский', 'en'),
(6072, 2024, 'Белинский', 'de'),
(6073, 2025, 'Городище', 'ru'),
(6074, 2025, 'Городище', 'en'),
(6075, 2025, 'Городище', 'de'),
(6076, 2026, 'Заречный (Пензенская область)', 'ru'),
(6077, 2026, 'Заречный (Пензенская область)', 'en'),
(6078, 2026, 'Заречный (Пензенская область)', 'de'),
(6079, 2027, 'Каменка (Пензенская область)', 'ru'),
(6080, 2027, 'Каменка (Пензенская область)', 'en'),
(6081, 2027, 'Каменка (Пензенская область)', 'de'),
(6082, 2028, 'Кузнецк', 'ru'),
(6083, 2028, 'Кузнецк', 'en'),
(6084, 2028, 'Кузнецк', 'de'),
(6085, 2029, 'Нижний Ломов', 'ru'),
(6086, 2029, 'Нижний Ломов', 'en'),
(6087, 2029, 'Нижний Ломов', 'de'),
(6088, 2030, 'Никольск (Пензенская область)', 'ru'),
(6089, 2030, 'Никольск (Пензенская область)', 'en'),
(6090, 2030, 'Никольск (Пензенская область)', 'de'),
(6091, 2031, 'Пенза', 'ru'),
(6092, 2031, 'Пенза', 'en'),
(6093, 2031, 'Пенза', 'de'),
(6094, 2032, 'Сердобск', 'ru'),
(6095, 2032, 'Сердобск', 'en'),
(6096, 2032, 'Сердобск', 'de'),
(6097, 2033, 'Спасск', 'ru'),
(6098, 2033, 'Спасск', 'en'),
(6099, 2033, 'Спасск', 'de'),
(6100, 2034, 'Сурск', 'ru'),
(6101, 2034, 'Сурск', 'en'),
(6102, 2034, 'Сурск', 'de'),
(6103, 2035, 'Ардатов', 'ru'),
(6104, 2035, 'Ардатов', 'en'),
(6105, 2035, 'Ардатов', 'de'),
(6106, 2036, 'Атяшево', 'ru'),
(6107, 2036, 'Атяшево', 'en'),
(6108, 2036, 'Атяшево', 'de'),
(6109, 2037, 'Инсар', 'ru'),
(6110, 2037, 'Инсар', 'en'),
(6111, 2037, 'Инсар', 'de'),
(6112, 2038, 'Ковылкино', 'ru'),
(6113, 2038, 'Ковылкино', 'en'),
(6114, 2038, 'Ковылкино', 'de'),
(6115, 2039, 'Краснослободск (Республика Мордовия)', 'ru'),
(6116, 2039, 'Краснослободск (Республика Мордовия)', 'en'),
(6117, 2039, 'Краснослободск (Республика Мордовия)', 'de'),
(6118, 2040, 'Рузаевка', 'ru'),
(6119, 2040, 'Рузаевка', 'en'),
(6120, 2040, 'Рузаевка', 'de'),
(6121, 2041, 'Саранск', 'ru'),
(6122, 2041, 'Саранск', 'en'),
(6123, 2041, 'Саранск', 'de'),
(6124, 2042, 'Темников', 'ru'),
(6125, 2042, 'Темников', 'en'),
(6126, 2042, 'Темников', 'de'),
(6127, 2043, 'Безенчук', 'ru'),
(6128, 2043, 'Безенчук', 'en'),
(6129, 2043, 'Безенчук', 'de'),
(6130, 2044, 'Жигулевск', 'ru'),
(6131, 2044, 'Жигулевск', 'en'),
(6132, 2044, 'Жигулевск', 'de'),
(6133, 2045, 'Кинель', 'ru'),
(6134, 2045, 'Кинель', 'en'),
(6135, 2045, 'Кинель', 'de'),
(6136, 2046, 'Кинель-Черкассы', 'ru'),
(6137, 2046, 'Кинель-Черкассы', 'en'),
(6138, 2046, 'Кинель-Черкассы', 'de'),
(6139, 2047, 'Нефтегорск', 'ru'),
(6140, 2047, 'Нефтегорск', 'en'),
(6141, 2047, 'Нефтегорск', 'de'),
(6142, 2048, 'Новокуйбышевск', 'ru'),
(6143, 2048, 'Новокуйбышевск', 'en'),
(6144, 2048, 'Новокуйбышевск', 'de'),
(6145, 2049, 'Октябрьск', 'ru'),
(6146, 2049, 'Октябрьск', 'en'),
(6147, 2049, 'Октябрьск', 'de'),
(6148, 2050, 'Отрадный', 'ru'),
(6149, 2050, 'Отрадный', 'en'),
(6150, 2050, 'Отрадный', 'de'),
(6151, 2051, 'Похвистнево', 'ru'),
(6152, 2051, 'Похвистнево', 'en'),
(6153, 2051, 'Похвистнево', 'de'),
(6154, 2052, 'Самара', 'ru'),
(6155, 2052, 'Самара', 'en'),
(6156, 2052, 'Самара', 'de'),
(6157, 2053, 'Сызрань', 'ru'),
(6158, 2053, 'Сызрань', 'en'),
(6159, 2053, 'Сызрань', 'de'),
(6160, 2054, 'Тольятти', 'ru'),
(6161, 2054, 'Тольятти', 'en'),
(6162, 2054, 'Тольятти', 'de'),
(6163, 2055, 'Чапаевск', 'ru'),
(6164, 2055, 'Чапаевск', 'en'),
(6165, 2055, 'Чапаевск', 'de'),
(6166, 2056, 'Аркадак', 'ru'),
(6167, 2056, 'Аркадак', 'en'),
(6168, 2056, 'Аркадак', 'de'),
(6169, 2057, 'Аткарск', 'ru'),
(6170, 2057, 'Аткарск', 'en'),
(6171, 2057, 'Аткарск', 'de'),
(6172, 2058, 'Базарный Карабулак', 'ru'),
(6173, 2058, 'Базарный Карабулак', 'en'),
(6174, 2058, 'Базарный Карабулак', 'de'),
(6175, 2059, 'Балаково', 'ru'),
(6176, 2059, 'Балаково', 'en'),
(6177, 2059, 'Балаково', 'de'),
(6178, 2060, 'Балашов', 'ru'),
(6179, 2060, 'Балашов', 'en'),
(6180, 2060, 'Балашов', 'de'),
(6181, 2061, 'Вольск', 'ru'),
(6182, 2061, 'Вольск', 'en'),
(6183, 2061, 'Вольск', 'de'),
(6184, 2062, 'Ершов', 'ru'),
(6185, 2062, 'Ершов', 'en'),
(6186, 2062, 'Ершов', 'de'),
(6187, 2063, 'Калининск', 'ru'),
(6188, 2063, 'Калининск', 'en'),
(6189, 2063, 'Калининск', 'de'),
(6190, 2064, 'Красноармейск (Саратовская область)', 'ru'),
(6191, 2064, 'Красноармейск (Саратовская область)', 'en'),
(6192, 2064, 'Красноармейск (Саратовская область)', 'de'),
(6193, 2065, 'Красный Кут', 'ru'),
(6194, 2065, 'Красный Кут', 'en'),
(6195, 2065, 'Красный Кут', 'de'),
(6196, 2066, 'Маркс', 'ru'),
(6197, 2066, 'Маркс', 'en'),
(6198, 2066, 'Маркс', 'de'),
(6199, 2067, 'Новоузенск', 'ru'),
(6200, 2067, 'Новоузенск', 'en'),
(6201, 2067, 'Новоузенск', 'de'),
(6202, 2068, 'Озинки', 'ru'),
(6203, 2068, 'Озинки', 'en'),
(6204, 2068, 'Озинки', 'de'),
(6205, 2069, 'Петровск', 'ru'),
(6206, 2069, 'Петровск', 'en'),
(6207, 2069, 'Петровск', 'de'),
(6208, 2070, 'Приволжский', 'ru'),
(6209, 2070, 'Приволжский', 'en'),
(6210, 2070, 'Приволжский', 'de'),
(6211, 2071, 'Пугачев', 'ru'),
(6212, 2071, 'Пугачев', 'en'),
(6213, 2071, 'Пугачев', 'de'),
(6214, 2072, 'Ртищево', 'ru'),
(6215, 2072, 'Ртищево', 'en'),
(6216, 2072, 'Ртищево', 'de'),
(6217, 2073, 'Саратов', 'ru'),
(6218, 2073, 'Саратов', 'en'),
(6219, 2073, 'Саратов', 'de'),
(6220, 2074, 'Хвалынск', 'ru'),
(6221, 2074, 'Хвалынск', 'en'),
(6222, 2074, 'Хвалынск', 'de'),
(6223, 2075, 'Шиханы', 'ru'),
(6224, 2075, 'Шиханы', 'en'),
(6225, 2075, 'Шиханы', 'de'),
(6226, 2076, 'Энгельс', 'ru'),
(6227, 2076, 'Энгельс', 'en'),
(6228, 2076, 'Энгельс', 'de'),
(6229, 2077, 'Барыш', 'ru'),
(6230, 2077, 'Барыш', 'en'),
(6231, 2077, 'Барыш', 'de'),
(6232, 2078, 'Димитровград', 'ru'),
(6233, 2078, 'Димитровград', 'en'),
(6234, 2078, 'Димитровград', 'de'),
(6235, 2079, 'Инза', 'ru'),
(6236, 2079, 'Инза', 'en'),
(6237, 2079, 'Инза', 'de'),
(6238, 2080, 'Новоульяновск', 'ru'),
(6239, 2080, 'Новоульяновск', 'en'),
(6240, 2080, 'Новоульяновск', 'de'),
(6241, 2081, 'Сенгилей', 'ru'),
(6242, 2081, 'Сенгилей', 'en'),
(6243, 2081, 'Сенгилей', 'de'),
(6244, 2082, 'Ульяновск', 'ru'),
(6245, 2082, 'Ульяновск', 'en'),
(6246, 2082, 'Ульяновск', 'de'),
(6247, 2083, 'Далматово', 'ru'),
(6248, 2083, 'Далматово', 'en'),
(6249, 2083, 'Далматово', 'de'),
(6250, 2084, 'Каргаполье', 'ru'),
(6251, 2084, 'Каргаполье', 'en'),
(6252, 2084, 'Каргаполье', 'de');
INSERT INTO `odj_city_translation` (`id`, `translatable_id`, `title`, `locale`) VALUES
(6253, 2085, 'Катайск', 'ru'),
(6254, 2085, 'Катайск', 'en'),
(6255, 2085, 'Катайск', 'de'),
(6256, 2086, 'Курган', 'ru'),
(6257, 2086, 'Курган', 'en'),
(6258, 2086, 'Курган', 'de'),
(6259, 2087, 'Куртамыш', 'ru'),
(6260, 2087, 'Куртамыш', 'en'),
(6261, 2087, 'Куртамыш', 'de'),
(6262, 2088, 'Макушино', 'ru'),
(6263, 2088, 'Макушино', 'en'),
(6264, 2088, 'Макушино', 'de'),
(6265, 2089, 'Медвежье озеро', 'ru'),
(6266, 2089, 'Медвежье озеро', 'en'),
(6267, 2089, 'Медвежье озеро', 'de'),
(6268, 2090, 'Мишкино', 'ru'),
(6269, 2090, 'Мишкино', 'en'),
(6270, 2090, 'Мишкино', 'de'),
(6271, 2091, 'Петухово', 'ru'),
(6272, 2091, 'Петухово', 'en'),
(6273, 2091, 'Петухово', 'de'),
(6274, 2092, 'Шадринск', 'ru'),
(6275, 2092, 'Шадринск', 'en'),
(6276, 2092, 'Шадринск', 'de'),
(6277, 2093, 'Шумиха', 'ru'),
(6278, 2093, 'Шумиха', 'en'),
(6279, 2093, 'Шумиха', 'de'),
(6280, 2094, 'Щучье', 'ru'),
(6281, 2094, 'Щучье', 'en'),
(6282, 2094, 'Щучье', 'de'),
(6283, 2095, 'Юргамыш', 'ru'),
(6284, 2095, 'Юргамыш', 'en'),
(6285, 2095, 'Юргамыш', 'de'),
(6286, 2096, 'Александровск', 'ru'),
(6287, 2096, 'Александровск', 'en'),
(6288, 2096, 'Александровск', 'de'),
(6289, 2097, 'Барда (Пермский край)', 'ru'),
(6290, 2097, 'Барда (Пермский край)', 'en'),
(6291, 2097, 'Барда (Пермский край)', 'de'),
(6292, 2098, 'Березники', 'ru'),
(6293, 2098, 'Березники', 'en'),
(6294, 2098, 'Березники', 'de'),
(6295, 2099, 'Верещагино', 'ru'),
(6296, 2099, 'Верещагино', 'en'),
(6297, 2099, 'Верещагино', 'de'),
(6298, 2100, 'Горнозаводск', 'ru'),
(6299, 2100, 'Горнозаводск', 'en'),
(6300, 2100, 'Горнозаводск', 'de'),
(6301, 2101, 'Гремячинск', 'ru'),
(6302, 2101, 'Гремячинск', 'en'),
(6303, 2101, 'Гремячинск', 'de'),
(6304, 2102, 'Губаха', 'ru'),
(6305, 2102, 'Губаха', 'en'),
(6306, 2102, 'Губаха', 'de'),
(6307, 2103, 'Добрянка', 'ru'),
(6308, 2103, 'Добрянка', 'en'),
(6309, 2103, 'Добрянка', 'de'),
(6310, 2104, 'Кизел', 'ru'),
(6311, 2104, 'Кизел', 'en'),
(6312, 2104, 'Кизел', 'de'),
(6313, 2105, 'Красновишерск', 'ru'),
(6314, 2105, 'Красновишерск', 'en'),
(6315, 2105, 'Красновишерск', 'de'),
(6316, 2106, 'Краснокамск', 'ru'),
(6317, 2106, 'Краснокамск', 'en'),
(6318, 2106, 'Краснокамск', 'de'),
(6319, 2107, 'Кудымкар', 'ru'),
(6320, 2107, 'Кудымкар', 'en'),
(6321, 2107, 'Кудымкар', 'de'),
(6322, 2108, 'Кунгур', 'ru'),
(6323, 2108, 'Кунгур', 'en'),
(6324, 2108, 'Кунгур', 'de'),
(6325, 2109, 'Лысьва', 'ru'),
(6326, 2109, 'Лысьва', 'en'),
(6327, 2109, 'Лысьва', 'de'),
(6328, 2110, 'Нытва', 'ru'),
(6329, 2110, 'Нытва', 'en'),
(6330, 2110, 'Нытва', 'de'),
(6331, 2111, 'Оса', 'ru'),
(6332, 2111, 'Оса', 'en'),
(6333, 2111, 'Оса', 'de'),
(6334, 2112, 'Оханск', 'ru'),
(6335, 2112, 'Оханск', 'en'),
(6336, 2112, 'Оханск', 'de'),
(6337, 2113, 'Очер', 'ru'),
(6338, 2113, 'Очер', 'en'),
(6339, 2113, 'Очер', 'de'),
(6340, 2114, 'Пермь', 'ru'),
(6341, 2114, 'Пермь', 'en'),
(6342, 2114, 'Пермь', 'de'),
(6343, 2115, 'Соликамск', 'ru'),
(6344, 2115, 'Соликамск', 'en'),
(6345, 2115, 'Соликамск', 'de'),
(6346, 2116, 'Суксун', 'ru'),
(6347, 2116, 'Суксун', 'en'),
(6348, 2116, 'Суксун', 'de'),
(6349, 2117, 'Усолье', 'ru'),
(6350, 2117, 'Усолье', 'en'),
(6351, 2117, 'Усолье', 'de'),
(6352, 2118, 'Чайковский', 'ru'),
(6353, 2118, 'Чайковский', 'en'),
(6354, 2118, 'Чайковский', 'de'),
(6355, 2119, 'Чердынь', 'ru'),
(6356, 2119, 'Чердынь', 'en'),
(6357, 2119, 'Чердынь', 'de'),
(6358, 2120, 'Чермоз', 'ru'),
(6359, 2120, 'Чермоз', 'en'),
(6360, 2120, 'Чермоз', 'de'),
(6361, 2121, 'Чернушка', 'ru'),
(6362, 2121, 'Чернушка', 'en'),
(6363, 2121, 'Чернушка', 'de'),
(6364, 2122, 'Чусовой', 'ru'),
(6365, 2122, 'Чусовой', 'en'),
(6366, 2122, 'Чусовой', 'de'),
(6367, 2123, 'Агидель', 'ru'),
(6368, 2123, 'Агидель', 'en'),
(6369, 2123, 'Агидель', 'de'),
(6370, 2124, 'Баймак', 'ru'),
(6371, 2124, 'Баймак', 'en'),
(6372, 2124, 'Баймак', 'de'),
(6373, 2125, 'Белебей', 'ru'),
(6374, 2125, 'Белебей', 'en'),
(6375, 2125, 'Белебей', 'de'),
(6376, 2126, 'Белорецк', 'ru'),
(6377, 2126, 'Белорецк', 'en'),
(6378, 2126, 'Белорецк', 'de'),
(6379, 2127, 'Бижбуляк', 'ru'),
(6380, 2127, 'Бижбуляк', 'en'),
(6381, 2127, 'Бижбуляк', 'de'),
(6382, 2128, 'Бирск', 'ru'),
(6383, 2128, 'Бирск', 'en'),
(6384, 2128, 'Бирск', 'de'),
(6385, 2129, 'Благовещенск (Республика Башкортостан)', 'ru'),
(6386, 2129, 'Благовещенск (Республика Башкортостан)', 'en'),
(6387, 2129, 'Благовещенск (Республика Башкортостан)', 'de'),
(6388, 2130, 'Давлеканово', 'ru'),
(6389, 2130, 'Давлеканово', 'en'),
(6390, 2130, 'Давлеканово', 'de'),
(6391, 2131, 'Дюртюли', 'ru'),
(6392, 2131, 'Дюртюли', 'en'),
(6393, 2131, 'Дюртюли', 'de'),
(6394, 2132, 'Ишимбай', 'ru'),
(6395, 2132, 'Ишимбай', 'en'),
(6396, 2132, 'Ишимбай', 'de'),
(6397, 2133, 'Кумертау', 'ru'),
(6398, 2133, 'Кумертау', 'en'),
(6399, 2133, 'Кумертау', 'de'),
(6400, 2134, 'Межгорье', 'ru'),
(6401, 2134, 'Межгорье', 'en'),
(6402, 2134, 'Межгорье', 'de'),
(6403, 2135, 'Мелеуз', 'ru'),
(6404, 2135, 'Мелеуз', 'en'),
(6405, 2135, 'Мелеуз', 'de'),
(6406, 2136, 'Нефтекамск', 'ru'),
(6407, 2136, 'Нефтекамск', 'en'),
(6408, 2136, 'Нефтекамск', 'de'),
(6409, 2137, 'Октябрьский (Республика Башкортостан)', 'ru'),
(6410, 2137, 'Октябрьский (Республика Башкортостан)', 'en'),
(6411, 2137, 'Октябрьский (Республика Башкортостан)', 'de'),
(6412, 2138, 'Приютово', 'ru'),
(6413, 2138, 'Приютово', 'en'),
(6414, 2138, 'Приютово', 'de'),
(6415, 2139, 'Салават', 'ru'),
(6416, 2139, 'Салават', 'en'),
(6417, 2139, 'Салават', 'de'),
(6418, 2140, 'Сибай', 'ru'),
(6419, 2140, 'Сибай', 'en'),
(6420, 2140, 'Сибай', 'de'),
(6421, 2141, 'Стерлитамак', 'ru'),
(6422, 2141, 'Стерлитамак', 'en'),
(6423, 2141, 'Стерлитамак', 'de'),
(6424, 2142, 'Туймазы', 'ru'),
(6425, 2142, 'Туймазы', 'en'),
(6426, 2142, 'Туймазы', 'de'),
(6427, 2143, 'Уфа', 'ru'),
(6428, 2143, 'Уфа', 'en'),
(6429, 2143, 'Уфа', 'de'),
(6430, 2144, 'Учалы', 'ru'),
(6431, 2144, 'Учалы', 'en'),
(6432, 2144, 'Учалы', 'de'),
(6433, 2145, 'Чекмагуш', 'ru'),
(6434, 2145, 'Чекмагуш', 'en'),
(6435, 2145, 'Чекмагуш', 'de'),
(6436, 2146, 'Чишмы', 'ru'),
(6437, 2146, 'Чишмы', 'en'),
(6438, 2146, 'Чишмы', 'de'),
(6439, 2147, 'Янаул', 'ru'),
(6440, 2147, 'Янаул', 'en'),
(6441, 2147, 'Янаул', 'de'),
(6442, 2148, 'Алапаевск', 'ru'),
(6443, 2148, 'Алапаевск', 'en'),
(6444, 2148, 'Алапаевск', 'de'),
(6445, 2149, 'Арамиль', 'ru'),
(6446, 2149, 'Арамиль', 'en'),
(6447, 2149, 'Арамиль', 'de'),
(6448, 2150, 'Артемовский', 'ru'),
(6449, 2150, 'Артемовский', 'en'),
(6450, 2150, 'Артемовский', 'de'),
(6451, 2151, 'Асбест', 'ru'),
(6452, 2151, 'Асбест', 'en'),
(6453, 2151, 'Асбест', 'de'),
(6454, 2152, 'Березовский (Свердловская область)', 'ru'),
(6455, 2152, 'Березовский (Свердловская область)', 'en'),
(6456, 2152, 'Березовский (Свердловская область)', 'de'),
(6457, 2153, 'Богданович', 'ru'),
(6458, 2153, 'Богданович', 'en'),
(6459, 2153, 'Богданович', 'de'),
(6460, 2154, 'Верхний Тагил', 'ru'),
(6461, 2154, 'Верхний Тагил', 'en'),
(6462, 2154, 'Верхний Тагил', 'de'),
(6463, 2155, 'Верхняя Пышма', 'ru'),
(6464, 2155, 'Верхняя Пышма', 'en'),
(6465, 2155, 'Верхняя Пышма', 'de'),
(6466, 2156, 'Верхняя Салда', 'ru'),
(6467, 2156, 'Верхняя Салда', 'en'),
(6468, 2156, 'Верхняя Салда', 'de'),
(6469, 2157, 'Верхняя Тура', 'ru'),
(6470, 2157, 'Верхняя Тура', 'en'),
(6471, 2157, 'Верхняя Тура', 'de'),
(6472, 2158, 'Верхотурье', 'ru'),
(6473, 2158, 'Верхотурье', 'en'),
(6474, 2158, 'Верхотурье', 'de'),
(6475, 2159, 'Волчанск', 'ru'),
(6476, 2159, 'Волчанск', 'en'),
(6477, 2159, 'Волчанск', 'de'),
(6478, 2160, 'Дегтярск', 'ru'),
(6479, 2160, 'Дегтярск', 'en'),
(6480, 2160, 'Дегтярск', 'de'),
(6481, 2161, 'Екатеринбург', 'ru'),
(6482, 2161, 'Екатеринбург', 'en'),
(6483, 2161, 'Екатеринбург', 'de'),
(6484, 2162, 'Заречный (Свердловская область)', 'ru'),
(6485, 2162, 'Заречный (Свердловская область)', 'en'),
(6486, 2162, 'Заречный (Свердловская область)', 'de'),
(6487, 2163, 'Ивдель', 'ru'),
(6488, 2163, 'Ивдель', 'en'),
(6489, 2163, 'Ивдель', 'de'),
(6490, 2164, 'Ирбит', 'ru'),
(6491, 2164, 'Ирбит', 'en'),
(6492, 2164, 'Ирбит', 'de'),
(6493, 2165, 'Каменск-Уральский', 'ru'),
(6494, 2165, 'Каменск-Уральский', 'en'),
(6495, 2165, 'Каменск-Уральский', 'de'),
(6496, 2166, 'Камышлов', 'ru'),
(6497, 2166, 'Камышлов', 'en'),
(6498, 2166, 'Камышлов', 'de'),
(6499, 2167, 'Карпинск', 'ru'),
(6500, 2167, 'Карпинск', 'en'),
(6501, 2167, 'Карпинск', 'de'),
(6502, 2168, 'Качканар', 'ru'),
(6503, 2168, 'Качканар', 'en'),
(6504, 2168, 'Качканар', 'de'),
(6505, 2169, 'Кировград', 'ru'),
(6506, 2169, 'Кировград', 'en'),
(6507, 2169, 'Кировград', 'de'),
(6508, 2170, 'Краснотурьинск', 'ru'),
(6509, 2170, 'Краснотурьинск', 'en'),
(6510, 2170, 'Краснотурьинск', 'de'),
(6511, 2171, 'Красноуральск', 'ru'),
(6512, 2171, 'Красноуральск', 'en'),
(6513, 2171, 'Красноуральск', 'de'),
(6514, 2172, 'Красноуфимск', 'ru'),
(6515, 2172, 'Красноуфимск', 'en'),
(6516, 2172, 'Красноуфимск', 'de'),
(6517, 2173, 'Кушва', 'ru'),
(6518, 2173, 'Кушва', 'en'),
(6519, 2173, 'Кушва', 'de'),
(6520, 2174, 'Лесной', 'ru'),
(6521, 2174, 'Лесной', 'en'),
(6522, 2174, 'Лесной', 'de'),
(6523, 2175, 'Михайловск (Свердловская область)', 'ru'),
(6524, 2175, 'Михайловск (Свердловская область)', 'en'),
(6525, 2175, 'Михайловск (Свердловская область)', 'de'),
(6526, 2176, 'Невьянск', 'ru'),
(6527, 2176, 'Невьянск', 'en'),
(6528, 2176, 'Невьянск', 'de'),
(6529, 2177, 'Нижние Серги', 'ru'),
(6530, 2177, 'Нижние Серги', 'en'),
(6531, 2177, 'Нижние Серги', 'de'),
(6532, 2178, 'Нижний Тагил', 'ru'),
(6533, 2178, 'Нижний Тагил', 'en'),
(6534, 2178, 'Нижний Тагил', 'de'),
(6535, 2179, 'Нижняя Салда', 'ru'),
(6536, 2179, 'Нижняя Салда', 'en'),
(6537, 2179, 'Нижняя Салда', 'de'),
(6538, 2180, 'Нижняя Тура', 'ru'),
(6539, 2180, 'Нижняя Тура', 'en'),
(6540, 2180, 'Нижняя Тура', 'de'),
(6541, 2181, 'Новая Ляля', 'ru'),
(6542, 2181, 'Новая Ляля', 'en'),
(6543, 2181, 'Новая Ляля', 'de'),
(6544, 2182, 'Новоуральск', 'ru'),
(6545, 2182, 'Новоуральск', 'en'),
(6546, 2182, 'Новоуральск', 'de'),
(6547, 2183, 'Первоуральск', 'ru'),
(6548, 2183, 'Первоуральск', 'en'),
(6549, 2183, 'Первоуральск', 'de'),
(6550, 2184, 'Полевской', 'ru'),
(6551, 2184, 'Полевской', 'en'),
(6552, 2184, 'Полевской', 'de'),
(6553, 2185, 'Ревда', 'ru'),
(6554, 2185, 'Ревда', 'en'),
(6555, 2185, 'Ревда', 'de'),
(6556, 2186, 'Реж', 'ru'),
(6557, 2186, 'Реж', 'en'),
(6558, 2186, 'Реж', 'de'),
(6559, 2187, 'Рефтинский', 'ru'),
(6560, 2187, 'Рефтинский', 'en'),
(6561, 2187, 'Рефтинский', 'de'),
(6562, 2188, 'Североуральск', 'ru'),
(6563, 2188, 'Североуральск', 'en'),
(6564, 2188, 'Североуральск', 'de'),
(6565, 2189, 'Серов', 'ru'),
(6566, 2189, 'Серов', 'en'),
(6567, 2189, 'Серов', 'de'),
(6568, 2190, 'Среднеуральск', 'ru'),
(6569, 2190, 'Среднеуральск', 'en'),
(6570, 2190, 'Среднеуральск', 'de'),
(6571, 2191, 'Сухой Лог', 'ru'),
(6572, 2191, 'Сухой Лог', 'en'),
(6573, 2191, 'Сухой Лог', 'de'),
(6574, 2192, 'Сысерть', 'ru'),
(6575, 2192, 'Сысерть', 'en'),
(6576, 2192, 'Сысерть', 'de'),
(6577, 2193, 'Тавда', 'ru'),
(6578, 2193, 'Тавда', 'en'),
(6579, 2193, 'Тавда', 'de'),
(6580, 2194, 'Талица', 'ru'),
(6581, 2194, 'Талица', 'en'),
(6582, 2194, 'Талица', 'de'),
(6583, 2195, 'Туринск', 'ru'),
(6584, 2195, 'Туринск', 'en'),
(6585, 2195, 'Туринск', 'de'),
(6586, 2196, 'Голышманово', 'ru'),
(6587, 2196, 'Голышманово', 'en'),
(6588, 2196, 'Голышманово', 'de'),
(6589, 2197, 'Заводоуковск', 'ru'),
(6590, 2197, 'Заводоуковск', 'en'),
(6591, 2197, 'Заводоуковск', 'de'),
(6592, 2198, 'Ишим', 'ru'),
(6593, 2198, 'Ишим', 'en'),
(6594, 2198, 'Ишим', 'de'),
(6595, 2199, 'Тобольск', 'ru'),
(6596, 2199, 'Тобольск', 'en'),
(6597, 2199, 'Тобольск', 'de'),
(6598, 2200, 'Тюмень', 'ru'),
(6599, 2200, 'Тюмень', 'en'),
(6600, 2200, 'Тюмень', 'de'),
(6601, 2201, 'Ялуторовск', 'ru'),
(6602, 2201, 'Ялуторовск', 'en'),
(6603, 2201, 'Ялуторовск', 'de'),
(6604, 2202, 'Белоярский', 'ru'),
(6605, 2202, 'Белоярский', 'en'),
(6606, 2202, 'Белоярский', 'de'),
(6607, 2203, 'Излучинск', 'ru'),
(6608, 2203, 'Излучинск', 'en'),
(6609, 2203, 'Излучинск', 'de'),
(6610, 2204, 'Когалым', 'ru'),
(6611, 2204, 'Когалым', 'en'),
(6612, 2204, 'Когалым', 'de'),
(6613, 2205, 'Лангепас', 'ru'),
(6614, 2205, 'Лангепас', 'en'),
(6615, 2205, 'Лангепас', 'de'),
(6616, 2206, 'Лянтор', 'ru'),
(6617, 2206, 'Лянтор', 'en'),
(6618, 2206, 'Лянтор', 'de'),
(6619, 2207, 'Мегион', 'ru'),
(6620, 2207, 'Мегион', 'en'),
(6621, 2207, 'Мегион', 'de'),
(6622, 2208, 'Нефтеюганск', 'ru'),
(6623, 2208, 'Нефтеюганск', 'en'),
(6624, 2208, 'Нефтеюганск', 'de'),
(6625, 2209, 'Нижневартовск', 'ru'),
(6626, 2209, 'Нижневартовск', 'en'),
(6627, 2209, 'Нижневартовск', 'de'),
(6628, 2210, 'Нягань', 'ru'),
(6629, 2210, 'Нягань', 'en'),
(6630, 2210, 'Нягань', 'de'),
(6631, 2211, 'Покачи', 'ru'),
(6632, 2211, 'Покачи', 'en'),
(6633, 2211, 'Покачи', 'de'),
(6634, 2212, 'Пыть-Ях', 'ru'),
(6635, 2212, 'Пыть-Ях', 'en'),
(6636, 2212, 'Пыть-Ях', 'de'),
(6637, 2213, 'Радужный (Ханты-Мансийский АО - Югра)', 'ru'),
(6638, 2213, 'Радужный (Ханты-Мансийский АО - Югра)', 'en'),
(6639, 2213, 'Радужный (Ханты-Мансийский АО - Югра)', 'de'),
(6640, 2214, 'Советский (Ханты-Мансийский АО)', 'ru'),
(6641, 2214, 'Советский (Ханты-Мансийский АО)', 'en'),
(6642, 2214, 'Советский (Ханты-Мансийский АО)', 'de'),
(6643, 2215, 'Сургут', 'ru'),
(6644, 2215, 'Сургут', 'en'),
(6645, 2215, 'Сургут', 'de'),
(6646, 2216, 'Урай', 'ru'),
(6647, 2216, 'Урай', 'en'),
(6648, 2216, 'Урай', 'de'),
(6649, 2217, 'Федоровский', 'ru'),
(6650, 2217, 'Федоровский', 'en'),
(6651, 2217, 'Федоровский', 'de'),
(6652, 2218, 'Ханты-Мансийск', 'ru'),
(6653, 2218, 'Ханты-Мансийск', 'en'),
(6654, 2218, 'Ханты-Мансийск', 'de'),
(6655, 2219, 'Югорск', 'ru'),
(6656, 2219, 'Югорск', 'en'),
(6657, 2219, 'Югорск', 'de'),
(6658, 2220, 'Аша', 'ru'),
(6659, 2220, 'Аша', 'en'),
(6660, 2220, 'Аша', 'de'),
(6661, 2221, 'Бакал', 'ru'),
(6662, 2221, 'Бакал', 'en'),
(6663, 2221, 'Бакал', 'de'),
(6664, 2222, 'Верхнеуральск', 'ru'),
(6665, 2222, 'Верхнеуральск', 'en'),
(6666, 2222, 'Верхнеуральск', 'de'),
(6667, 2223, 'Верхний Уфалей', 'ru'),
(6668, 2223, 'Верхний Уфалей', 'en'),
(6669, 2223, 'Верхний Уфалей', 'de'),
(6670, 2224, 'Еманжелинск', 'ru'),
(6671, 2224, 'Еманжелинск', 'en'),
(6672, 2224, 'Еманжелинск', 'de'),
(6673, 2225, 'Еткуль', 'ru'),
(6674, 2225, 'Еткуль', 'en'),
(6675, 2225, 'Еткуль', 'de'),
(6676, 2226, 'Златоуст', 'ru'),
(6677, 2226, 'Златоуст', 'en'),
(6678, 2226, 'Златоуст', 'de'),
(6679, 2227, 'Карабаш', 'ru'),
(6680, 2227, 'Карабаш', 'en'),
(6681, 2227, 'Карабаш', 'de'),
(6682, 2228, 'Карталы', 'ru'),
(6683, 2228, 'Карталы', 'en'),
(6684, 2228, 'Карталы', 'de'),
(6685, 2229, 'Касли', 'ru'),
(6686, 2229, 'Касли', 'en'),
(6687, 2229, 'Касли', 'de'),
(6688, 2230, 'Катав-Ивановск', 'ru'),
(6689, 2230, 'Катав-Ивановск', 'en'),
(6690, 2230, 'Катав-Ивановск', 'de'),
(6691, 2231, 'Копейск', 'ru'),
(6692, 2231, 'Копейск', 'en'),
(6693, 2231, 'Копейск', 'de'),
(6694, 2232, 'Коркино', 'ru'),
(6695, 2232, 'Коркино', 'en'),
(6696, 2232, 'Коркино', 'de'),
(6697, 2233, 'Куса', 'ru'),
(6698, 2233, 'Куса', 'en'),
(6699, 2233, 'Куса', 'de'),
(6700, 2234, 'Кыштым', 'ru'),
(6701, 2234, 'Кыштым', 'en'),
(6702, 2234, 'Кыштым', 'de'),
(6703, 2235, 'Магнитогорск', 'ru'),
(6704, 2235, 'Магнитогорск', 'en'),
(6705, 2235, 'Магнитогорск', 'de'),
(6706, 2236, 'Миасс', 'ru'),
(6707, 2236, 'Миасс', 'en'),
(6708, 2236, 'Миасс', 'de'),
(6709, 2237, 'Миньяр', 'ru'),
(6710, 2237, 'Миньяр', 'en'),
(6711, 2237, 'Миньяр', 'de'),
(6712, 2238, 'Нязепетровск', 'ru'),
(6713, 2238, 'Нязепетровск', 'en'),
(6714, 2238, 'Нязепетровск', 'de'),
(6715, 2239, 'Озерск (Челябинская область)', 'ru'),
(6716, 2239, 'Озерск (Челябинская область)', 'en'),
(6717, 2239, 'Озерск (Челябинская область)', 'de'),
(6718, 2240, 'Пласт', 'ru'),
(6719, 2240, 'Пласт', 'en'),
(6720, 2240, 'Пласт', 'de'),
(6721, 2241, 'Сатка', 'ru'),
(6722, 2241, 'Сатка', 'en'),
(6723, 2241, 'Сатка', 'de'),
(6724, 2242, 'Сим', 'ru'),
(6725, 2242, 'Сим', 'en'),
(6726, 2242, 'Сим', 'de'),
(6727, 2243, 'Снежинск', 'ru'),
(6728, 2243, 'Снежинск', 'en'),
(6729, 2243, 'Снежинск', 'de'),
(6730, 2244, 'Трехгорный', 'ru'),
(6731, 2244, 'Трехгорный', 'en'),
(6732, 2244, 'Трехгорный', 'de'),
(6733, 2245, 'Троицк (Челябинская область)', 'ru'),
(6734, 2245, 'Троицк (Челябинская область)', 'en'),
(6735, 2245, 'Троицк (Челябинская область)', 'de'),
(6736, 2246, 'Усть-Катав', 'ru'),
(6737, 2246, 'Усть-Катав', 'en'),
(6738, 2246, 'Усть-Катав', 'de'),
(6739, 2247, 'Чебаркуль', 'ru'),
(6740, 2247, 'Чебаркуль', 'en'),
(6741, 2247, 'Чебаркуль', 'de'),
(6742, 2248, 'Челябинск', 'ru'),
(6743, 2248, 'Челябинск', 'en'),
(6744, 2248, 'Челябинск', 'de'),
(6745, 2249, 'Южноуральск', 'ru'),
(6746, 2249, 'Южноуральск', 'en'),
(6747, 2249, 'Южноуральск', 'de'),
(6748, 2250, 'Юрюзань', 'ru'),
(6749, 2250, 'Юрюзань', 'en'),
(6750, 2250, 'Юрюзань', 'de'),
(6751, 2251, 'Губкинский', 'ru'),
(6752, 2251, 'Губкинский', 'en'),
(6753, 2251, 'Губкинский', 'de'),
(6754, 2252, 'Лабытнанги', 'ru'),
(6755, 2252, 'Лабытнанги', 'en'),
(6756, 2252, 'Лабытнанги', 'de'),
(6757, 2253, 'Муравленко', 'ru'),
(6758, 2253, 'Муравленко', 'en'),
(6759, 2253, 'Муравленко', 'de'),
(6760, 2254, 'Надым', 'ru'),
(6761, 2254, 'Надым', 'en'),
(6762, 2254, 'Надым', 'de'),
(6763, 2255, 'Новый Уренгой', 'ru'),
(6764, 2255, 'Новый Уренгой', 'en'),
(6765, 2255, 'Новый Уренгой', 'de'),
(6766, 2256, 'Ноябрьск', 'ru'),
(6767, 2256, 'Ноябрьск', 'en'),
(6768, 2256, 'Ноябрьск', 'de'),
(6769, 2257, 'Салехард', 'ru'),
(6770, 2257, 'Салехард', 'en'),
(6771, 2257, 'Салехард', 'de'),
(6772, 2258, 'Тарко-Сале', 'ru'),
(6773, 2258, 'Тарко-Сале', 'en'),
(6774, 2258, 'Тарко-Сале', 'de'),
(6775, 2259, 'Уренгой', 'ru'),
(6776, 2259, 'Уренгой', 'en'),
(6777, 2259, 'Уренгой', 'de'),
(6778, 2260, 'Харп', 'ru'),
(6779, 2260, 'Харп', 'en'),
(6780, 2260, 'Харп', 'de'),
(6781, 2261, 'Баксан', 'ru'),
(6782, 2261, 'Баксан', 'en'),
(6783, 2261, 'Баксан', 'de'),
(6784, 2262, 'Майский', 'ru'),
(6785, 2262, 'Майский', 'en'),
(6786, 2262, 'Майский', 'de'),
(6787, 2263, 'Нальчик', 'ru'),
(6788, 2263, 'Нальчик', 'en'),
(6789, 2263, 'Нальчик', 'de'),
(6790, 2264, 'Нарткала', 'ru'),
(6791, 2264, 'Нарткала', 'en'),
(6792, 2264, 'Нарткала', 'de'),
(6793, 2265, 'Прохладный', 'ru'),
(6794, 2265, 'Прохладный', 'en'),
(6795, 2265, 'Прохладный', 'de'),
(6796, 2266, 'Терек', 'ru'),
(6797, 2266, 'Терек', 'en'),
(6798, 2266, 'Терек', 'de'),
(6799, 2267, 'Тырныауз', 'ru'),
(6800, 2267, 'Тырныауз', 'en'),
(6801, 2267, 'Тырныауз', 'de'),
(6802, 2268, 'Чегем', 'ru'),
(6803, 2268, 'Чегем', 'en'),
(6804, 2268, 'Чегем', 'de'),
(6805, 2269, 'Карачаевск', 'ru'),
(6806, 2269, 'Карачаевск', 'en'),
(6807, 2269, 'Карачаевск', 'de'),
(6808, 2270, 'Теберда', 'ru'),
(6809, 2270, 'Теберда', 'en'),
(6810, 2270, 'Теберда', 'de'),
(6811, 2271, 'Усть-Джегута', 'ru'),
(6812, 2271, 'Усть-Джегута', 'en'),
(6813, 2271, 'Усть-Джегута', 'de'),
(6814, 2272, 'Черкесск', 'ru'),
(6815, 2272, 'Черкесск', 'en'),
(6816, 2272, 'Черкесск', 'de'),
(6817, 2273, 'Абинск', 'ru'),
(6818, 2273, 'Абинск', 'en'),
(6819, 2273, 'Абинск', 'de'),
(6820, 2274, 'Адлер', 'ru'),
(6821, 2274, 'Адлер', 'en'),
(6822, 2274, 'Адлер', 'de'),
(6823, 2275, 'Анапа', 'ru'),
(6824, 2275, 'Анапа', 'en'),
(6825, 2275, 'Анапа', 'de'),
(6826, 2276, 'Апшеронск', 'ru'),
(6827, 2276, 'Апшеронск', 'en'),
(6828, 2276, 'Апшеронск', 'de'),
(6829, 2277, 'Армавир', 'ru'),
(6830, 2277, 'Армавир', 'en'),
(6831, 2277, 'Армавир', 'de'),
(6832, 2278, 'Архипо-Осиповка', 'ru'),
(6833, 2278, 'Архипо-Осиповка', 'en'),
(6834, 2278, 'Архипо-Осиповка', 'de'),
(6835, 2279, 'Афипский', 'ru'),
(6836, 2279, 'Афипский', 'en'),
(6837, 2279, 'Афипский', 'de'),
(6838, 2280, 'Белореченск', 'ru'),
(6839, 2280, 'Белореченск', 'en'),
(6840, 2280, 'Белореченск', 'de'),
(6841, 2281, 'Брюховецкая станица', 'ru'),
(6842, 2281, 'Брюховецкая станица', 'en'),
(6843, 2281, 'Брюховецкая станица', 'de'),
(6844, 2282, 'Выселки', 'ru'),
(6845, 2282, 'Выселки', 'en'),
(6846, 2282, 'Выселки', 'de'),
(6847, 2283, 'Геленджик', 'ru'),
(6848, 2283, 'Геленджик', 'en'),
(6849, 2283, 'Геленджик', 'de'),
(6850, 2284, 'Горячий Ключ', 'ru'),
(6851, 2284, 'Горячий Ключ', 'en'),
(6852, 2284, 'Горячий Ключ', 'de'),
(6853, 2285, 'Гулькевичи', 'ru'),
(6854, 2285, 'Гулькевичи', 'en'),
(6855, 2285, 'Гулькевичи', 'de'),
(6856, 2286, 'Дивноморское', 'ru'),
(6857, 2286, 'Дивноморское', 'en'),
(6858, 2286, 'Дивноморское', 'de'),
(6859, 2287, 'Динская станица', 'ru'),
(6860, 2287, 'Динская станица', 'en'),
(6861, 2287, 'Динская станица', 'de'),
(6862, 2288, 'Ейск', 'ru'),
(6863, 2288, 'Ейск', 'en'),
(6864, 2288, 'Ейск', 'de'),
(6865, 2289, 'Кабардинка', 'ru'),
(6866, 2289, 'Кабардинка', 'en'),
(6867, 2289, 'Кабардинка', 'de'),
(6868, 2290, 'Каневская', 'ru'),
(6869, 2290, 'Каневская', 'en'),
(6870, 2290, 'Каневская', 'de'),
(6871, 2291, 'Кореновск', 'ru'),
(6872, 2291, 'Кореновск', 'en'),
(6873, 2291, 'Кореновск', 'de'),
(6874, 2292, 'Красная Поляна', 'ru'),
(6875, 2292, 'Красная Поляна', 'en'),
(6876, 2292, 'Красная Поляна', 'de'),
(6877, 2293, 'Краснодар', 'ru'),
(6878, 2293, 'Краснодар', 'en'),
(6879, 2293, 'Краснодар', 'de'),
(6880, 2294, 'Кропоткин', 'ru'),
(6881, 2294, 'Кропоткин', 'en'),
(6882, 2294, 'Кропоткин', 'de'),
(6883, 2295, 'Крыловская станица', 'ru'),
(6884, 2295, 'Крыловская станица', 'en'),
(6885, 2295, 'Крыловская станица', 'de'),
(6886, 2296, 'Крымск', 'ru'),
(6887, 2296, 'Крымск', 'en'),
(6888, 2296, 'Крымск', 'de'),
(6889, 2297, 'Курганинск', 'ru'),
(6890, 2297, 'Курганинск', 'en'),
(6891, 2297, 'Курганинск', 'de'),
(6892, 2298, 'Кущевская станица', 'ru'),
(6893, 2298, 'Кущевская станица', 'en'),
(6894, 2298, 'Кущевская станица', 'de'),
(6895, 2299, 'Лабинск', 'ru'),
(6896, 2299, 'Лабинск', 'en'),
(6897, 2299, 'Лабинск', 'de'),
(6898, 2300, 'Ленинградская станица', 'ru'),
(6899, 2300, 'Ленинградская станица', 'en'),
(6900, 2300, 'Ленинградская станица', 'de'),
(6901, 2301, 'Мостовской', 'ru'),
(6902, 2301, 'Мостовской', 'en'),
(6903, 2301, 'Мостовской', 'de'),
(6904, 2302, 'Новокубанск', 'ru'),
(6905, 2302, 'Новокубанск', 'en'),
(6906, 2302, 'Новокубанск', 'de'),
(6907, 2303, 'Новороссийск', 'ru'),
(6908, 2303, 'Новороссийск', 'en'),
(6909, 2303, 'Новороссийск', 'de'),
(6910, 2304, 'Новотитаровская', 'ru'),
(6911, 2304, 'Новотитаровская', 'en'),
(6912, 2304, 'Новотитаровская', 'de'),
(6913, 2305, 'Павловская', 'ru'),
(6914, 2305, 'Павловская', 'en'),
(6915, 2305, 'Павловская', 'de'),
(6916, 2306, 'Приморско-Ахтарск', 'ru'),
(6917, 2306, 'Приморско-Ахтарск', 'en'),
(6918, 2306, 'Приморско-Ахтарск', 'de'),
(6919, 2307, 'Северская станица', 'ru'),
(6920, 2307, 'Северская станица', 'en'),
(6921, 2307, 'Северская станица', 'de'),
(6922, 2308, 'Славянск-на-Кубани', 'ru'),
(6923, 2308, 'Славянск-на-Кубани', 'en'),
(6924, 2308, 'Славянск-на-Кубани', 'de'),
(6925, 2309, 'Сочи', 'ru'),
(6926, 2309, 'Сочи', 'en'),
(6927, 2309, 'Сочи', 'de'),
(6928, 2310, 'Старовеличковская', 'ru'),
(6929, 2310, 'Старовеличковская', 'en'),
(6930, 2310, 'Старовеличковская', 'de'),
(6931, 2311, 'Староминская', 'ru'),
(6932, 2311, 'Староминская', 'en'),
(6933, 2311, 'Староминская', 'de'),
(6934, 2312, 'Тбилисская', 'ru'),
(6935, 2312, 'Тбилисская', 'en'),
(6936, 2312, 'Тбилисская', 'de'),
(6937, 2313, 'Темрюк', 'ru'),
(6938, 2313, 'Темрюк', 'en'),
(6939, 2313, 'Темрюк', 'de'),
(6940, 2314, 'Тимашевск', 'ru'),
(6941, 2314, 'Тимашевск', 'en'),
(6942, 2314, 'Тимашевск', 'de'),
(6943, 2315, 'Тихорецк', 'ru'),
(6944, 2315, 'Тихорецк', 'en'),
(6945, 2315, 'Тихорецк', 'de'),
(6946, 2316, 'Туапсе', 'ru'),
(6947, 2316, 'Туапсе', 'en'),
(6948, 2316, 'Туапсе', 'de'),
(6949, 2317, 'Усть-Лабинск', 'ru'),
(6950, 2317, 'Усть-Лабинск', 'en'),
(6951, 2317, 'Усть-Лабинск', 'de'),
(6952, 2318, 'Хадыженск', 'ru'),
(6953, 2318, 'Хадыженск', 'en'),
(6954, 2318, 'Хадыженск', 'de'),
(6955, 2319, 'Адыгейск', 'ru'),
(6956, 2319, 'Адыгейск', 'en'),
(6957, 2319, 'Адыгейск', 'de'),
(6958, 2320, 'Майкоп', 'ru'),
(6959, 2320, 'Майкоп', 'en'),
(6960, 2320, 'Майкоп', 'de'),
(6961, 2321, 'Энем', 'ru'),
(6962, 2321, 'Энем', 'en'),
(6963, 2321, 'Энем', 'de'),
(6964, 2322, 'Яблоновский', 'ru'),
(6965, 2322, 'Яблоновский', 'en'),
(6966, 2322, 'Яблоновский', 'de'),
(6967, 2323, 'Буйнакск', 'ru'),
(6968, 2323, 'Буйнакск', 'en'),
(6969, 2323, 'Буйнакск', 'de'),
(6970, 2324, 'Дагестанские Огни', 'ru'),
(6971, 2324, 'Дагестанские Огни', 'en'),
(6972, 2324, 'Дагестанские Огни', 'de'),
(6973, 2325, 'Дербент', 'ru'),
(6974, 2325, 'Дербент', 'en'),
(6975, 2325, 'Дербент', 'de'),
(6976, 2326, 'Избербаш', 'ru'),
(6977, 2326, 'Избербаш', 'en'),
(6978, 2326, 'Избербаш', 'de'),
(6979, 2327, 'Каспийск', 'ru'),
(6980, 2327, 'Каспийск', 'en'),
(6981, 2327, 'Каспийск', 'de'),
(6982, 2328, 'Кизилюрт', 'ru'),
(6983, 2328, 'Кизилюрт', 'en'),
(6984, 2328, 'Кизилюрт', 'de'),
(6985, 2329, 'Кизляр', 'ru'),
(6986, 2329, 'Кизляр', 'en'),
(6987, 2329, 'Кизляр', 'de'),
(6988, 2330, 'Махачкала', 'ru'),
(6989, 2330, 'Махачкала', 'en'),
(6990, 2330, 'Махачкала', 'de'),
(6991, 2331, 'Хасавюрт', 'ru'),
(6992, 2331, 'Хасавюрт', 'en'),
(6993, 2331, 'Хасавюрт', 'de'),
(6994, 2332, 'Южно-Сухокумск', 'ru'),
(6995, 2332, 'Южно-Сухокумск', 'en'),
(6996, 2332, 'Южно-Сухокумск', 'de'),
(6997, 2333, 'Карабулак', 'ru'),
(6998, 2333, 'Карабулак', 'en'),
(6999, 2333, 'Карабулак', 'de'),
(7000, 2334, 'Магас', 'ru'),
(7001, 2334, 'Магас', 'en'),
(7002, 2334, 'Магас', 'de'),
(7003, 2335, 'Малгобек', 'ru'),
(7004, 2335, 'Малгобек', 'en'),
(7005, 2335, 'Малгобек', 'de'),
(7006, 2336, 'Назрань', 'ru'),
(7007, 2336, 'Назрань', 'en'),
(7008, 2336, 'Назрань', 'de'),
(7009, 2337, 'Алагир', 'ru'),
(7010, 2337, 'Алагир', 'en'),
(7011, 2337, 'Алагир', 'de'),
(7012, 2338, 'Ардон', 'ru'),
(7013, 2338, 'Ардон', 'en'),
(7014, 2338, 'Ардон', 'de'),
(7015, 2339, 'Беслан', 'ru'),
(7016, 2339, 'Беслан', 'en'),
(7017, 2339, 'Беслан', 'de'),
(7018, 2340, 'Владикавказ', 'ru'),
(7019, 2340, 'Владикавказ', 'en'),
(7020, 2340, 'Владикавказ', 'de'),
(7021, 2341, 'Дигора', 'ru'),
(7022, 2341, 'Дигора', 'en'),
(7023, 2341, 'Дигора', 'de'),
(7024, 2342, 'Моздок', 'ru'),
(7025, 2342, 'Моздок', 'en'),
(7026, 2342, 'Моздок', 'de'),
(7027, 2343, 'Благодарный', 'ru'),
(7028, 2343, 'Благодарный', 'en'),
(7029, 2343, 'Благодарный', 'de'),
(7030, 2344, 'Буденновск', 'ru'),
(7031, 2344, 'Буденновск', 'en'),
(7032, 2344, 'Буденновск', 'de'),
(7033, 2345, 'Георгиевск', 'ru'),
(7034, 2345, 'Георгиевск', 'en'),
(7035, 2345, 'Георгиевск', 'de'),
(7036, 2346, 'Ессентуки', 'ru'),
(7037, 2346, 'Ессентуки', 'en'),
(7038, 2346, 'Ессентуки', 'de'),
(7039, 2347, 'Железноводск', 'ru'),
(7040, 2347, 'Железноводск', 'en'),
(7041, 2347, 'Железноводск', 'de'),
(7042, 2348, 'Зеленокумск', 'ru'),
(7043, 2348, 'Зеленокумск', 'en'),
(7044, 2348, 'Зеленокумск', 'de'),
(7045, 2349, 'Изобильный', 'ru'),
(7046, 2349, 'Изобильный', 'en'),
(7047, 2349, 'Изобильный', 'de'),
(7048, 2350, 'Ипатово', 'ru'),
(7049, 2350, 'Ипатово', 'en'),
(7050, 2350, 'Ипатово', 'de'),
(7051, 2351, 'Кисловодск', 'ru'),
(7052, 2351, 'Кисловодск', 'en'),
(7053, 2351, 'Кисловодск', 'de'),
(7054, 2352, 'Курсавка', 'ru'),
(7055, 2352, 'Курсавка', 'en'),
(7056, 2352, 'Курсавка', 'de'),
(7057, 2353, 'Лермонтов', 'ru'),
(7058, 2353, 'Лермонтов', 'en'),
(7059, 2353, 'Лермонтов', 'de'),
(7060, 2354, 'Минеральные Воды', 'ru'),
(7061, 2354, 'Минеральные Воды', 'en'),
(7062, 2354, 'Минеральные Воды', 'de'),
(7063, 2355, 'Михайловск (Ставропольский край)', 'ru'),
(7064, 2355, 'Михайловск (Ставропольский край)', 'en'),
(7065, 2355, 'Михайловск (Ставропольский край)', 'de'),
(7066, 2356, 'Невинномысск', 'ru'),
(7067, 2356, 'Невинномысск', 'en'),
(7068, 2356, 'Невинномысск', 'de'),
(7069, 2357, 'Нефтекумск', 'ru'),
(7070, 2357, 'Нефтекумск', 'en'),
(7071, 2357, 'Нефтекумск', 'de'),
(7072, 2358, 'Новоалександровск', 'ru'),
(7073, 2358, 'Новоалександровск', 'en'),
(7074, 2358, 'Новоалександровск', 'de'),
(7075, 2359, 'Новопавловск', 'ru'),
(7076, 2359, 'Новопавловск', 'en'),
(7077, 2359, 'Новопавловск', 'de'),
(7078, 2360, 'Пятигорск', 'ru'),
(7079, 2360, 'Пятигорск', 'en'),
(7080, 2360, 'Пятигорск', 'de'),
(7081, 2361, 'Светлоград', 'ru'),
(7082, 2361, 'Светлоград', 'en'),
(7083, 2361, 'Светлоград', 'de'),
(7084, 2362, 'Ставрополь', 'ru'),
(7085, 2362, 'Ставрополь', 'en'),
(7086, 2362, 'Ставрополь', 'de'),
(7087, 2363, 'Аргун', 'ru'),
(7088, 2363, 'Аргун', 'en'),
(7089, 2363, 'Аргун', 'de'),
(7090, 2364, 'Грозный', 'ru'),
(7091, 2364, 'Грозный', 'en'),
(7092, 2364, 'Грозный', 'de'),
(7093, 2365, 'Гудермес', 'ru'),
(7094, 2365, 'Гудермес', 'en'),
(7095, 2365, 'Гудермес', 'de'),
(7096, 2366, 'Урус-Мартан', 'ru'),
(7097, 2366, 'Урус-Мартан', 'en'),
(7098, 2366, 'Урус-Мартан', 'de'),
(7099, 2367, 'Шали', 'ru'),
(7100, 2367, 'Шали', 'en'),
(7101, 2367, 'Шали', 'de'),
(7102, 2368, 'Алексеевка', 'ru'),
(7103, 2368, 'Алексеевка', 'en'),
(7104, 2368, 'Алексеевка', 'de'),
(7105, 2369, 'Белгород', 'ru'),
(7106, 2369, 'Белгород', 'en'),
(7107, 2369, 'Белгород', 'de'),
(7108, 2370, 'Бирюч', 'ru'),
(7109, 2370, 'Бирюч', 'en'),
(7110, 2370, 'Бирюч', 'de'),
(7111, 2371, 'Валуйки', 'ru'),
(7112, 2371, 'Валуйки', 'en'),
(7113, 2371, 'Валуйки', 'de'),
(7114, 2372, 'Грайворон', 'ru'),
(7115, 2372, 'Грайворон', 'en'),
(7116, 2372, 'Грайворон', 'de'),
(7117, 2373, 'Губкин', 'ru'),
(7118, 2373, 'Губкин', 'en'),
(7119, 2373, 'Губкин', 'de'),
(7120, 2374, 'Короча', 'ru'),
(7121, 2374, 'Короча', 'en'),
(7122, 2374, 'Короча', 'de'),
(7123, 2375, 'Новый Оскол', 'ru'),
(7124, 2375, 'Новый Оскол', 'en'),
(7125, 2375, 'Новый Оскол', 'de'),
(7126, 2376, 'Старый Оскол', 'ru'),
(7127, 2376, 'Старый Оскол', 'en'),
(7128, 2376, 'Старый Оскол', 'de'),
(7129, 2377, 'Строитель', 'ru'),
(7130, 2377, 'Строитель', 'en'),
(7131, 2377, 'Строитель', 'de'),
(7132, 2378, 'Шебекино', 'ru'),
(7133, 2378, 'Шебекино', 'en'),
(7134, 2378, 'Шебекино', 'de'),
(7135, 2379, 'Брянск', 'ru'),
(7136, 2379, 'Брянск', 'en'),
(7137, 2379, 'Брянск', 'de'),
(7138, 2380, 'Дятьково', 'ru'),
(7139, 2380, 'Дятьково', 'en'),
(7140, 2380, 'Дятьково', 'de'),
(7141, 2381, 'Жуковка (Брянская область)', 'ru'),
(7142, 2381, 'Жуковка (Брянская область)', 'en'),
(7143, 2381, 'Жуковка (Брянская область)', 'de'),
(7144, 2382, 'Злынка', 'ru'),
(7145, 2382, 'Злынка', 'en'),
(7146, 2382, 'Злынка', 'de'),
(7147, 2383, 'Карачев', 'ru'),
(7148, 2383, 'Карачев', 'en'),
(7149, 2383, 'Карачев', 'de'),
(7150, 2384, 'Клетня', 'ru'),
(7151, 2384, 'Клетня', 'en'),
(7152, 2384, 'Клетня', 'de'),
(7153, 2385, 'Клинцы', 'ru'),
(7154, 2385, 'Клинцы', 'en'),
(7155, 2385, 'Клинцы', 'de'),
(7156, 2386, 'Мглин', 'ru'),
(7157, 2386, 'Мглин', 'en'),
(7158, 2386, 'Мглин', 'de'),
(7159, 2387, 'Новозыбков', 'ru'),
(7160, 2387, 'Новозыбков', 'en'),
(7161, 2387, 'Новозыбков', 'de'),
(7162, 2388, 'Почеп', 'ru'),
(7163, 2388, 'Почеп', 'en'),
(7164, 2388, 'Почеп', 'de'),
(7165, 2389, 'Севск', 'ru'),
(7166, 2389, 'Севск', 'en'),
(7167, 2389, 'Севск', 'de'),
(7168, 2390, 'Сельцо', 'ru'),
(7169, 2390, 'Сельцо', 'en'),
(7170, 2390, 'Сельцо', 'de'),
(7171, 2391, 'Стародуб', 'ru'),
(7172, 2391, 'Стародуб', 'en'),
(7173, 2391, 'Стародуб', 'de'),
(7174, 2392, 'Сураж', 'ru'),
(7175, 2392, 'Сураж', 'en'),
(7176, 2392, 'Сураж', 'de'),
(7177, 2393, 'Трубчевск', 'ru'),
(7178, 2393, 'Трубчевск', 'en'),
(7179, 2393, 'Трубчевск', 'de'),
(7180, 2394, 'Унеча', 'ru'),
(7181, 2394, 'Унеча', 'en'),
(7182, 2394, 'Унеча', 'de'),
(7183, 2395, 'Фокино (Брянская область)', 'ru'),
(7184, 2395, 'Фокино (Брянская область)', 'en'),
(7185, 2395, 'Фокино (Брянская область)', 'de'),
(7186, 2396, 'Анна', 'ru'),
(7187, 2396, 'Анна', 'en'),
(7188, 2396, 'Анна', 'de'),
(7189, 2397, 'Бобров', 'ru'),
(7190, 2397, 'Бобров', 'en'),
(7191, 2397, 'Бобров', 'de'),
(7192, 2398, 'Богучар', 'ru'),
(7193, 2398, 'Богучар', 'en'),
(7194, 2398, 'Богучар', 'de'),
(7195, 2399, 'Борисоглебск', 'ru'),
(7196, 2399, 'Борисоглебск', 'en'),
(7197, 2399, 'Борисоглебск', 'de'),
(7198, 2400, 'Бутурлиновка', 'ru'),
(7199, 2400, 'Бутурлиновка', 'en'),
(7200, 2400, 'Бутурлиновка', 'de'),
(7201, 2401, 'Верхняя Хава', 'ru'),
(7202, 2401, 'Верхняя Хава', 'en'),
(7203, 2401, 'Верхняя Хава', 'de'),
(7204, 2402, 'Воронеж', 'ru'),
(7205, 2402, 'Воронеж', 'en'),
(7206, 2402, 'Воронеж', 'de'),
(7207, 2403, 'Грибановский', 'ru'),
(7208, 2403, 'Грибановский', 'en'),
(7209, 2403, 'Грибановский', 'de'),
(7210, 2404, 'Калач', 'ru'),
(7211, 2404, 'Калач', 'en'),
(7212, 2404, 'Калач', 'de'),
(7213, 2405, 'Каменка (Воронежская область)', 'ru'),
(7214, 2405, 'Каменка (Воронежская область)', 'en'),
(7215, 2405, 'Каменка (Воронежская область)', 'de'),
(7216, 2406, 'Кантемировка', 'ru'),
(7217, 2406, 'Кантемировка', 'en'),
(7218, 2406, 'Кантемировка', 'de'),
(7219, 2407, 'Лиски', 'ru'),
(7220, 2407, 'Лиски', 'en'),
(7221, 2407, 'Лиски', 'de'),
(7222, 2408, 'Новая Усмань', 'ru'),
(7223, 2408, 'Новая Усмань', 'en'),
(7224, 2408, 'Новая Усмань', 'de'),
(7225, 2409, 'Нововоронеж', 'ru'),
(7226, 2409, 'Нововоронеж', 'en'),
(7227, 2409, 'Нововоронеж', 'de'),
(7228, 2410, 'Новохоперск', 'ru'),
(7229, 2410, 'Новохоперск', 'en'),
(7230, 2410, 'Новохоперск', 'de'),
(7231, 2411, 'Ольховатка', 'ru'),
(7232, 2411, 'Ольховатка', 'en'),
(7233, 2411, 'Ольховатка', 'de'),
(7234, 2412, 'Острогожск', 'ru'),
(7235, 2412, 'Острогожск', 'en'),
(7236, 2412, 'Острогожск', 'de'),
(7237, 2413, 'Павловск (Воронежская область)', 'ru'),
(7238, 2413, 'Павловск (Воронежская область)', 'en'),
(7239, 2413, 'Павловск (Воронежская область)', 'de'),
(7240, 2414, 'Поворино', 'ru'),
(7241, 2414, 'Поворино', 'en'),
(7242, 2414, 'Поворино', 'de'),
(7243, 2415, 'Подгоренский', 'ru'),
(7244, 2415, 'Подгоренский', 'en'),
(7245, 2415, 'Подгоренский', 'de'),
(7246, 2416, 'Рамонь', 'ru'),
(7247, 2416, 'Рамонь', 'en'),
(7248, 2416, 'Рамонь', 'de'),
(7249, 2417, 'Россошь', 'ru'),
(7250, 2417, 'Россошь', 'en'),
(7251, 2417, 'Россошь', 'de'),
(7252, 2418, 'Семилуки', 'ru'),
(7253, 2418, 'Семилуки', 'en'),
(7254, 2418, 'Семилуки', 'de'),
(7255, 2419, 'Таловая', 'ru'),
(7256, 2419, 'Таловая', 'en'),
(7257, 2419, 'Таловая', 'de'),
(7258, 2420, 'Хохольский', 'ru'),
(7259, 2420, 'Хохольский', 'en'),
(7260, 2420, 'Хохольский', 'de'),
(7261, 2421, 'Эртиль', 'ru'),
(7262, 2421, 'Эртиль', 'en'),
(7263, 2421, 'Эртиль', 'de'),
(7264, 2422, 'Балабаново', 'ru'),
(7265, 2422, 'Балабаново', 'en'),
(7266, 2422, 'Балабаново', 'de'),
(7267, 2423, 'Белоусово', 'ru'),
(7268, 2423, 'Белоусово', 'en'),
(7269, 2423, 'Белоусово', 'de'),
(7270, 2424, 'Боровск', 'ru'),
(7271, 2424, 'Боровск', 'en'),
(7272, 2424, 'Боровск', 'de'),
(7273, 2425, 'Думиничи', 'ru'),
(7274, 2425, 'Думиничи', 'en'),
(7275, 2425, 'Думиничи', 'de'),
(7276, 2426, 'Ермолино', 'ru'),
(7277, 2426, 'Ермолино', 'en'),
(7278, 2426, 'Ермолино', 'de'),
(7279, 2427, 'Жиздра', 'ru'),
(7280, 2427, 'Жиздра', 'en'),
(7281, 2427, 'Жиздра', 'de'),
(7282, 2428, 'Жуков', 'ru'),
(7283, 2428, 'Жуков', 'en'),
(7284, 2428, 'Жуков', 'de'),
(7285, 2429, 'Калуга', 'ru'),
(7286, 2429, 'Калуга', 'en'),
(7287, 2429, 'Калуга', 'de'),
(7288, 2430, 'Киров (Калужская область)', 'ru'),
(7289, 2430, 'Киров (Калужская область)', 'en'),
(7290, 2430, 'Киров (Калужская область)', 'de'),
(7291, 2431, 'Козельск', 'ru'),
(7292, 2431, 'Козельск', 'en'),
(7293, 2431, 'Козельск', 'de'),
(7294, 2432, 'Кондрово', 'ru'),
(7295, 2432, 'Кондрово', 'en'),
(7296, 2432, 'Кондрово', 'de'),
(7297, 2433, 'Кременки', 'ru'),
(7298, 2433, 'Кременки', 'en'),
(7299, 2433, 'Кременки', 'de'),
(7300, 2434, 'Людиново', 'ru'),
(7301, 2434, 'Людиново', 'en'),
(7302, 2434, 'Людиново', 'de'),
(7303, 2435, 'Малоярославец', 'ru'),
(7304, 2435, 'Малоярославец', 'en'),
(7305, 2435, 'Малоярославец', 'de'),
(7306, 2436, 'Медынь', 'ru'),
(7307, 2436, 'Медынь', 'en'),
(7308, 2436, 'Медынь', 'de'),
(7309, 2437, 'Мещовск', 'ru'),
(7310, 2437, 'Мещовск', 'en'),
(7311, 2437, 'Мещовск', 'de'),
(7312, 2438, 'Мосальск', 'ru'),
(7313, 2438, 'Мосальск', 'en'),
(7314, 2438, 'Мосальск', 'de'),
(7315, 2439, 'Обнинск', 'ru'),
(7316, 2439, 'Обнинск', 'en'),
(7317, 2439, 'Обнинск', 'de'),
(7318, 2440, 'Сосенский', 'ru'),
(7319, 2440, 'Сосенский', 'en'),
(7320, 2440, 'Сосенский', 'de'),
(7321, 2441, 'Спас-Деменск', 'ru'),
(7322, 2441, 'Спас-Деменск', 'en'),
(7323, 2441, 'Спас-Деменск', 'de'),
(7324, 2442, 'Сухиничи', 'ru'),
(7325, 2442, 'Сухиничи', 'en'),
(7326, 2442, 'Сухиничи', 'de'),
(7327, 2443, 'Таруса', 'ru'),
(7328, 2443, 'Таруса', 'en'),
(7329, 2443, 'Таруса', 'de'),
(7330, 2444, 'Ферзиково', 'ru'),
(7331, 2444, 'Ферзиково', 'en'),
(7332, 2444, 'Ферзиково', 'de'),
(7333, 2445, 'Юхнов', 'ru'),
(7334, 2445, 'Юхнов', 'en'),
(7335, 2445, 'Юхнов', 'de'),
(7336, 2446, 'Дмитриев-Льговский', 'ru'),
(7337, 2446, 'Дмитриев-Льговский', 'en'),
(7338, 2446, 'Дмитриев-Льговский', 'de'),
(7339, 2447, 'Железногорск (Курская область)', 'ru'),
(7340, 2447, 'Железногорск (Курская область)', 'en'),
(7341, 2447, 'Железногорск (Курская область)', 'de'),
(7342, 2448, 'Курск', 'ru'),
(7343, 2448, 'Курск', 'en'),
(7344, 2448, 'Курск', 'de'),
(7345, 2449, 'Курчатов', 'ru'),
(7346, 2449, 'Курчатов', 'en'),
(7347, 2449, 'Курчатов', 'de'),
(7348, 2450, 'Льгов', 'ru'),
(7349, 2450, 'Льгов', 'en'),
(7350, 2450, 'Льгов', 'de'),
(7351, 2451, 'Обоянь', 'ru'),
(7352, 2451, 'Обоянь', 'en'),
(7353, 2451, 'Обоянь', 'de'),
(7354, 2452, 'Рыльск', 'ru'),
(7355, 2452, 'Рыльск', 'en'),
(7356, 2452, 'Рыльск', 'de'),
(7357, 2453, 'Суджа', 'ru'),
(7358, 2453, 'Суджа', 'en'),
(7359, 2453, 'Суджа', 'de'),
(7360, 2454, 'Фатеж', 'ru'),
(7361, 2454, 'Фатеж', 'en'),
(7362, 2454, 'Фатеж', 'de'),
(7363, 2455, 'Щигры', 'ru'),
(7364, 2455, 'Щигры', 'en'),
(7365, 2455, 'Щигры', 'de'),
(7366, 2456, 'Грязи', 'ru'),
(7367, 2456, 'Грязи', 'en'),
(7368, 2456, 'Грязи', 'de'),
(7369, 2457, 'Данков', 'ru'),
(7370, 2457, 'Данков', 'en'),
(7371, 2457, 'Данков', 'de'),
(7372, 2458, 'Елец', 'ru'),
(7373, 2458, 'Елец', 'en'),
(7374, 2458, 'Елец', 'de'),
(7375, 2459, 'Задонск', 'ru'),
(7376, 2459, 'Задонск', 'en'),
(7377, 2459, 'Задонск', 'de'),
(7378, 2460, 'Лебедянь', 'ru'),
(7379, 2460, 'Лебедянь', 'en'),
(7380, 2460, 'Лебедянь', 'de'),
(7381, 2461, 'Липецк', 'ru'),
(7382, 2461, 'Липецк', 'en'),
(7383, 2461, 'Липецк', 'de'),
(7384, 2462, 'Усмань', 'ru'),
(7385, 2462, 'Усмань', 'en'),
(7386, 2462, 'Усмань', 'de'),
(7387, 2463, 'Чаплыгин', 'ru'),
(7388, 2463, 'Чаплыгин', 'en'),
(7389, 2463, 'Чаплыгин', 'de'),
(7390, 2464, 'Болхов', 'ru'),
(7391, 2464, 'Болхов', 'en'),
(7392, 2464, 'Болхов', 'de'),
(7393, 2465, 'Верховье', 'ru'),
(7394, 2465, 'Верховье', 'en'),
(7395, 2465, 'Верховье', 'de'),
(7396, 2466, 'Глазуновка', 'ru'),
(7397, 2466, 'Глазуновка', 'en'),
(7398, 2466, 'Глазуновка', 'de'),
(7399, 2467, 'Дмитровск', 'ru'),
(7400, 2467, 'Дмитровск', 'en'),
(7401, 2467, 'Дмитровск', 'de'),
(7402, 2468, 'Колпна', 'ru'),
(7403, 2468, 'Колпна', 'en'),
(7404, 2468, 'Колпна', 'de'),
(7405, 2469, 'Ливны', 'ru'),
(7406, 2469, 'Ливны', 'en'),
(7407, 2469, 'Ливны', 'de'),
(7408, 2470, 'Малоархангельск', 'ru'),
(7409, 2470, 'Малоархангельск', 'en'),
(7410, 2470, 'Малоархангельск', 'de'),
(7411, 2471, 'Мценск', 'ru'),
(7412, 2471, 'Мценск', 'en'),
(7413, 2471, 'Мценск', 'de'),
(7414, 2472, 'Нарышкино', 'ru'),
(7415, 2472, 'Нарышкино', 'en'),
(7416, 2472, 'Нарышкино', 'de'),
(7417, 2473, 'Новосиль', 'ru'),
(7418, 2473, 'Новосиль', 'en'),
(7419, 2473, 'Новосиль', 'de'),
(7420, 2474, 'Орел', 'ru'),
(7421, 2474, 'Орел', 'en'),
(7422, 2474, 'Орел', 'de'),
(7423, 2475, 'Бондари', 'ru'),
(7424, 2475, 'Бондари', 'en'),
(7425, 2475, 'Бондари', 'de'),
(7426, 2476, 'Жердевка', 'ru'),
(7427, 2476, 'Жердевка', 'en'),
(7428, 2476, 'Жердевка', 'de'),
(7429, 2477, 'Инжавино', 'ru'),
(7430, 2477, 'Инжавино', 'en'),
(7431, 2477, 'Инжавино', 'de'),
(7432, 2478, 'Кирсанов', 'ru'),
(7433, 2478, 'Кирсанов', 'en'),
(7434, 2478, 'Кирсанов', 'de'),
(7435, 2479, 'Котовск', 'ru'),
(7436, 2479, 'Котовск', 'en'),
(7437, 2479, 'Котовск', 'de'),
(7438, 2480, 'Мичуринск', 'ru'),
(7439, 2480, 'Мичуринск', 'en'),
(7440, 2480, 'Мичуринск', 'de'),
(7441, 2481, 'Моршанск', 'ru'),
(7442, 2481, 'Моршанск', 'en'),
(7443, 2481, 'Моршанск', 'de'),
(7444, 2482, 'Первомайский', 'ru'),
(7445, 2482, 'Первомайский', 'en'),
(7446, 2482, 'Первомайский', 'de'),
(7447, 2483, 'Рассказово', 'ru'),
(7448, 2483, 'Рассказово', 'en'),
(7449, 2483, 'Рассказово', 'de'),
(7450, 2484, 'Тамбов', 'ru'),
(7451, 2484, 'Тамбов', 'en'),
(7452, 2484, 'Тамбов', 'de'),
(7453, 2485, 'Уварово', 'ru'),
(7454, 2485, 'Уварово', 'en'),
(7455, 2485, 'Уварово', 'de'),
(7456, 2486, 'Алексин', 'ru'),
(7457, 2486, 'Алексин', 'en'),
(7458, 2486, 'Алексин', 'de'),
(7459, 2487, 'Белев', 'ru'),
(7460, 2487, 'Белев', 'en'),
(7461, 2487, 'Белев', 'de'),
(7462, 2488, 'Богородицк', 'ru'),
(7463, 2488, 'Богородицк', 'en'),
(7464, 2488, 'Богородицк', 'de'),
(7465, 2489, 'Болохово', 'ru'),
(7466, 2489, 'Болохово', 'en'),
(7467, 2489, 'Болохово', 'de'),
(7468, 2490, 'Венев', 'ru'),
(7469, 2490, 'Венев', 'en'),
(7470, 2490, 'Венев', 'de'),
(7471, 2491, 'Донской', 'ru'),
(7472, 2491, 'Донской', 'en'),
(7473, 2491, 'Донской', 'de'),
(7474, 2492, 'Ефремов', 'ru'),
(7475, 2492, 'Ефремов', 'en'),
(7476, 2492, 'Ефремов', 'de'),
(7477, 2493, 'Заокский', 'ru'),
(7478, 2493, 'Заокский', 'en'),
(7479, 2493, 'Заокский', 'de'),
(7480, 2494, 'Кимовск', 'ru'),
(7481, 2494, 'Кимовск', 'en'),
(7482, 2494, 'Кимовск', 'de'),
(7483, 2495, 'Киреевск', 'ru'),
(7484, 2495, 'Киреевск', 'en'),
(7485, 2495, 'Киреевск', 'de'),
(7486, 2496, 'Липки', 'ru'),
(7487, 2496, 'Липки', 'en'),
(7488, 2496, 'Липки', 'de');
INSERT INTO `odj_city_translation` (`id`, `translatable_id`, `title`, `locale`) VALUES
(7489, 2497, 'Новомосковск (Тульская область)', 'ru'),
(7490, 2497, 'Новомосковск (Тульская область)', 'en'),
(7491, 2497, 'Новомосковск (Тульская область)', 'de'),
(7492, 2498, 'Плавск', 'ru'),
(7493, 2498, 'Плавск', 'en'),
(7494, 2498, 'Плавск', 'de'),
(7495, 2499, 'Советск (Тульская область)', 'ru'),
(7496, 2499, 'Советск (Тульская область)', 'en'),
(7497, 2499, 'Советск (Тульская область)', 'de'),
(7498, 2500, 'Суворов', 'ru'),
(7499, 2500, 'Суворов', 'en'),
(7500, 2500, 'Суворов', 'de'),
(7501, 2501, 'Тула', 'ru'),
(7502, 2501, 'Тула', 'en'),
(7503, 2501, 'Тула', 'de'),
(7504, 2502, 'Узловая', 'ru'),
(7505, 2502, 'Узловая', 'en'),
(7506, 2502, 'Узловая', 'de'),
(7507, 2503, 'Чекалин', 'ru'),
(7508, 2503, 'Чекалин', 'en'),
(7509, 2503, 'Чекалин', 'de'),
(7510, 2504, 'Щекино', 'ru'),
(7511, 2504, 'Щекино', 'en'),
(7512, 2504, 'Щекино', 'de'),
(7513, 2505, 'Ясногорск', 'ru'),
(7514, 2505, 'Ясногорск', 'en'),
(7515, 2505, 'Ясногорск', 'de'),
(7516, 2506, 'Астрахань', 'ru'),
(7517, 2506, 'Астрахань', 'en'),
(7518, 2506, 'Астрахань', 'de'),
(7519, 2507, 'Ахтубинск', 'ru'),
(7520, 2507, 'Ахтубинск', 'en'),
(7521, 2507, 'Ахтубинск', 'de'),
(7522, 2508, 'Знаменск', 'ru'),
(7523, 2508, 'Знаменск', 'en'),
(7524, 2508, 'Знаменск', 'de'),
(7525, 2509, 'Камызяк', 'ru'),
(7526, 2509, 'Камызяк', 'en'),
(7527, 2509, 'Камызяк', 'de'),
(7528, 2510, 'Нариманов', 'ru'),
(7529, 2510, 'Нариманов', 'en'),
(7530, 2510, 'Нариманов', 'de'),
(7531, 2511, 'Харабали', 'ru'),
(7532, 2511, 'Харабали', 'en'),
(7533, 2511, 'Харабали', 'de'),
(7534, 2512, 'Волгоград', 'ru'),
(7535, 2512, 'Волгоград', 'en'),
(7536, 2512, 'Волгоград', 'de'),
(7537, 2513, 'Волжский', 'ru'),
(7538, 2513, 'Волжский', 'en'),
(7539, 2513, 'Волжский', 'de'),
(7540, 2514, 'Дубовка', 'ru'),
(7541, 2514, 'Дубовка', 'en'),
(7542, 2514, 'Дубовка', 'de'),
(7543, 2515, 'Жирновск', 'ru'),
(7544, 2515, 'Жирновск', 'en'),
(7545, 2515, 'Жирновск', 'de'),
(7546, 2516, 'Иловля', 'ru'),
(7547, 2516, 'Иловля', 'en'),
(7548, 2516, 'Иловля', 'de'),
(7549, 2517, 'Калач-на-Дону', 'ru'),
(7550, 2517, 'Калач-на-Дону', 'en'),
(7551, 2517, 'Калач-на-Дону', 'de'),
(7552, 2518, 'Камышин', 'ru'),
(7553, 2518, 'Камышин', 'en'),
(7554, 2518, 'Камышин', 'de'),
(7555, 2519, 'Котельниково', 'ru'),
(7556, 2519, 'Котельниково', 'en'),
(7557, 2519, 'Котельниково', 'de'),
(7558, 2520, 'Котово', 'ru'),
(7559, 2520, 'Котово', 'en'),
(7560, 2520, 'Котово', 'de'),
(7561, 2521, 'Краснослободск (Волгоградская область)', 'ru'),
(7562, 2521, 'Краснослободск (Волгоградская область)', 'en'),
(7563, 2521, 'Краснослободск (Волгоградская область)', 'de'),
(7564, 2522, 'Ленинск', 'ru'),
(7565, 2522, 'Ленинск', 'en'),
(7566, 2522, 'Ленинск', 'de'),
(7567, 2523, 'Михайловка', 'ru'),
(7568, 2523, 'Михайловка', 'en'),
(7569, 2523, 'Михайловка', 'de'),
(7570, 2524, 'Николаевск', 'ru'),
(7571, 2524, 'Николаевск', 'en'),
(7572, 2524, 'Николаевск', 'de'),
(7573, 2525, 'Новоаннинский', 'ru'),
(7574, 2525, 'Новоаннинский', 'en'),
(7575, 2525, 'Новоаннинский', 'de'),
(7576, 2526, 'Палласовка', 'ru'),
(7577, 2526, 'Палласовка', 'en'),
(7578, 2526, 'Палласовка', 'de'),
(7579, 2527, 'Петров Вал', 'ru'),
(7580, 2527, 'Петров Вал', 'en'),
(7581, 2527, 'Петров Вал', 'de'),
(7582, 2528, 'Рудня (Волгоградская область)', 'ru'),
(7583, 2528, 'Рудня (Волгоградская область)', 'en'),
(7584, 2528, 'Рудня (Волгоградская область)', 'de'),
(7585, 2529, 'Светлый Яр', 'ru'),
(7586, 2529, 'Светлый Яр', 'en'),
(7587, 2529, 'Светлый Яр', 'de'),
(7588, 2530, 'Серафимович', 'ru'),
(7589, 2530, 'Серафимович', 'en'),
(7590, 2530, 'Серафимович', 'de'),
(7591, 2531, 'Суровикино', 'ru'),
(7592, 2531, 'Суровикино', 'en'),
(7593, 2531, 'Суровикино', 'de'),
(7594, 2532, 'Урюпинск', 'ru'),
(7595, 2532, 'Урюпинск', 'en'),
(7596, 2532, 'Урюпинск', 'de'),
(7597, 2533, 'Фролово', 'ru'),
(7598, 2533, 'Фролово', 'en'),
(7599, 2533, 'Фролово', 'de'),
(7600, 2534, 'Городовиковск', 'ru'),
(7601, 2534, 'Городовиковск', 'en'),
(7602, 2534, 'Городовиковск', 'de'),
(7603, 2535, 'Лагань', 'ru'),
(7604, 2535, 'Лагань', 'en'),
(7605, 2535, 'Лагань', 'de'),
(7606, 2536, 'Элиста', 'ru'),
(7607, 2536, 'Элиста', 'en'),
(7608, 2536, 'Элиста', 'de'),
(7609, 2537, 'Азов', 'ru'),
(7610, 2537, 'Азов', 'en'),
(7611, 2537, 'Азов', 'de'),
(7612, 2538, 'Аксай (Ростовская область)', 'ru'),
(7613, 2538, 'Аксай (Ростовская область)', 'en'),
(7614, 2538, 'Аксай (Ростовская область)', 'de'),
(7615, 2539, 'Батайск', 'ru'),
(7616, 2539, 'Батайск', 'en'),
(7617, 2539, 'Батайск', 'de'),
(7618, 2540, 'Белая Калитва', 'ru'),
(7619, 2540, 'Белая Калитва', 'en'),
(7620, 2540, 'Белая Калитва', 'de'),
(7621, 2541, 'Волгодонск', 'ru'),
(7622, 2541, 'Волгодонск', 'en'),
(7623, 2541, 'Волгодонск', 'de'),
(7624, 2542, 'Гуково', 'ru'),
(7625, 2542, 'Гуково', 'en'),
(7626, 2542, 'Гуково', 'de'),
(7627, 2543, 'Донецк (Ростовская область)', 'ru'),
(7628, 2543, 'Донецк (Ростовская область)', 'en'),
(7629, 2543, 'Донецк (Ростовская область)', 'de'),
(7630, 2544, 'Егорлыкская', 'ru'),
(7631, 2544, 'Егорлыкская', 'en'),
(7632, 2544, 'Егорлыкская', 'de'),
(7633, 2545, 'Зверево', 'ru'),
(7634, 2545, 'Зверево', 'en'),
(7635, 2545, 'Зверево', 'de'),
(7636, 2546, 'Зерноград', 'ru'),
(7637, 2546, 'Зерноград', 'en'),
(7638, 2546, 'Зерноград', 'de'),
(7639, 2547, 'Каменск-Шахтинский', 'ru'),
(7640, 2547, 'Каменск-Шахтинский', 'en'),
(7641, 2547, 'Каменск-Шахтинский', 'de'),
(7642, 2548, 'Константиновск', 'ru'),
(7643, 2548, 'Константиновск', 'en'),
(7644, 2548, 'Константиновск', 'de'),
(7645, 2549, 'Красный Сулин', 'ru'),
(7646, 2549, 'Красный Сулин', 'en'),
(7647, 2549, 'Красный Сулин', 'de'),
(7648, 2550, 'Миллерово', 'ru'),
(7649, 2550, 'Миллерово', 'en'),
(7650, 2550, 'Миллерово', 'de'),
(7651, 2551, 'Морозовск', 'ru'),
(7652, 2551, 'Морозовск', 'en'),
(7653, 2551, 'Морозовск', 'de'),
(7654, 2552, 'Новочеркасск', 'ru'),
(7655, 2552, 'Новочеркасск', 'en'),
(7656, 2552, 'Новочеркасск', 'de'),
(7657, 2553, 'Новошахтинск', 'ru'),
(7658, 2553, 'Новошахтинск', 'en'),
(7659, 2553, 'Новошахтинск', 'de'),
(7660, 2554, 'Орловский', 'ru'),
(7661, 2554, 'Орловский', 'en'),
(7662, 2554, 'Орловский', 'de'),
(7663, 2555, 'Пролетарск', 'ru'),
(7664, 2555, 'Пролетарск', 'en'),
(7665, 2555, 'Пролетарск', 'de'),
(7666, 2556, 'Ростов-на-Дону', 'ru'),
(7667, 2556, 'Ростов-на-Дону', 'en'),
(7668, 2556, 'Ростов-на-Дону', 'de'),
(7669, 2557, 'Сальск', 'ru'),
(7670, 2557, 'Сальск', 'en'),
(7671, 2557, 'Сальск', 'de'),
(7672, 2558, 'Семикаракорск', 'ru'),
(7673, 2558, 'Семикаракорск', 'en'),
(7674, 2558, 'Семикаракорск', 'de'),
(7675, 2559, 'Таганрог', 'ru'),
(7676, 2559, 'Таганрог', 'en'),
(7677, 2559, 'Таганрог', 'de'),
(7678, 2560, 'Тацинская', 'ru'),
(7679, 2560, 'Тацинская', 'en'),
(7680, 2560, 'Тацинская', 'de'),
(7681, 2561, 'Цимлянск', 'ru'),
(7682, 2561, 'Цимлянск', 'en'),
(7683, 2561, 'Цимлянск', 'de'),
(7684, 2562, 'Шахты', 'ru'),
(7685, 2562, 'Шахты', 'en'),
(7686, 2562, 'Шахты', 'de'),
(7687, 2563, 'Винница', 'ru'),
(7688, 2563, 'Винница', 'en'),
(7689, 2563, 'Винница', 'de'),
(7690, 2564, 'Ковель', 'ru'),
(7691, 2564, 'Ковель', 'en'),
(7692, 2564, 'Ковель', 'de'),
(7693, 2565, 'Луцк', 'ru'),
(7694, 2565, 'Луцк', 'en'),
(7695, 2565, 'Луцк', 'de'),
(7696, 2566, 'Верхнеднепровск', 'ru'),
(7697, 2566, 'Верхнеднепровск', 'en'),
(7698, 2566, 'Верхнеднепровск', 'de'),
(7699, 2567, 'Вольногорск', 'ru'),
(7700, 2567, 'Вольногорск', 'en'),
(7701, 2567, 'Вольногорск', 'de'),
(7702, 2568, 'Днепродзержинск', 'ru'),
(7703, 2568, 'Днепродзержинск', 'en'),
(7704, 2568, 'Днепродзержинск', 'de'),
(7705, 2569, 'Днепропетровск', 'ru'),
(7706, 2569, 'Днепропетровск', 'en'),
(7707, 2569, 'Днепропетровск', 'de'),
(7708, 2570, 'Желтые Воды', 'ru'),
(7709, 2570, 'Желтые Воды', 'en'),
(7710, 2570, 'Желтые Воды', 'de'),
(7711, 2571, 'Кривой Рог', 'ru'),
(7712, 2571, 'Кривой Рог', 'en'),
(7713, 2571, 'Кривой Рог', 'de'),
(7714, 2572, 'Никополь', 'ru'),
(7715, 2572, 'Никополь', 'en'),
(7716, 2572, 'Никополь', 'de'),
(7717, 2573, 'Новомосковск (Днепропетровская область)', 'ru'),
(7718, 2573, 'Новомосковск (Днепропетровская область)', 'en'),
(7719, 2573, 'Новомосковск (Днепропетровская область)', 'de'),
(7720, 2574, 'Павлоград', 'ru'),
(7721, 2574, 'Павлоград', 'en'),
(7722, 2574, 'Павлоград', 'de'),
(7723, 2575, 'Артемовск (Украина)', 'ru'),
(7724, 2575, 'Артемовск (Украина)', 'en'),
(7725, 2575, 'Артемовск (Украина)', 'de'),
(7726, 2576, 'Горловка', 'ru'),
(7727, 2576, 'Горловка', 'en'),
(7728, 2576, 'Горловка', 'de'),
(7729, 2577, 'Донецк (Украина)', 'ru'),
(7730, 2577, 'Донецк (Украина)', 'en'),
(7731, 2577, 'Донецк (Украина)', 'de'),
(7732, 2578, 'Дружковка', 'ru'),
(7733, 2578, 'Дружковка', 'en'),
(7734, 2578, 'Дружковка', 'de'),
(7735, 2579, 'Енакиево', 'ru'),
(7736, 2579, 'Енакиево', 'en'),
(7737, 2579, 'Енакиево', 'de'),
(7738, 2580, 'Константиновка', 'ru'),
(7739, 2580, 'Константиновка', 'en'),
(7740, 2580, 'Константиновка', 'de'),
(7741, 2581, 'Краматорск', 'ru'),
(7742, 2581, 'Краматорск', 'en'),
(7743, 2581, 'Краматорск', 'de'),
(7744, 2582, 'Макеевка', 'ru'),
(7745, 2582, 'Макеевка', 'en'),
(7746, 2582, 'Макеевка', 'de'),
(7747, 2583, 'Мариуполь', 'ru'),
(7748, 2583, 'Мариуполь', 'en'),
(7749, 2583, 'Мариуполь', 'de'),
(7750, 2584, 'Славянск', 'ru'),
(7751, 2584, 'Славянск', 'en'),
(7752, 2584, 'Славянск', 'de'),
(7753, 2585, 'Снежное', 'ru'),
(7754, 2585, 'Снежное', 'en'),
(7755, 2585, 'Снежное', 'de'),
(7756, 2586, 'Торез', 'ru'),
(7757, 2586, 'Торез', 'en'),
(7758, 2586, 'Торез', 'de'),
(7759, 2587, 'Харцызск', 'ru'),
(7760, 2587, 'Харцызск', 'en'),
(7761, 2587, 'Харцызск', 'de'),
(7762, 2588, 'Шахтерск (Украина)', 'ru'),
(7763, 2588, 'Шахтерск (Украина)', 'en'),
(7764, 2588, 'Шахтерск (Украина)', 'de'),
(7765, 2589, 'Ясиноватая', 'ru'),
(7766, 2589, 'Ясиноватая', 'en'),
(7767, 2589, 'Ясиноватая', 'de'),
(7768, 2590, 'Бердичев', 'ru'),
(7769, 2590, 'Бердичев', 'en'),
(7770, 2590, 'Бердичев', 'de'),
(7771, 2591, 'Житомир', 'ru'),
(7772, 2591, 'Житомир', 'en'),
(7773, 2591, 'Житомир', 'de'),
(7774, 2592, 'Коростень', 'ru'),
(7775, 2592, 'Коростень', 'en'),
(7776, 2592, 'Коростень', 'de'),
(7777, 2593, 'Новоград-Волынский', 'ru'),
(7778, 2593, 'Новоград-Волынский', 'en'),
(7779, 2593, 'Новоград-Волынский', 'de'),
(7780, 2594, 'Радомышль', 'ru'),
(7781, 2594, 'Радомышль', 'en'),
(7782, 2594, 'Радомышль', 'de'),
(7783, 2595, 'Мукачево', 'ru'),
(7784, 2595, 'Мукачево', 'en'),
(7785, 2595, 'Мукачево', 'de'),
(7786, 2596, 'Ужгород', 'ru'),
(7787, 2596, 'Ужгород', 'en'),
(7788, 2596, 'Ужгород', 'de'),
(7789, 2597, 'Бердянск', 'ru'),
(7790, 2597, 'Бердянск', 'en'),
(7791, 2597, 'Бердянск', 'de'),
(7792, 2598, 'Гуляйполе', 'ru'),
(7793, 2598, 'Гуляйполе', 'en'),
(7794, 2598, 'Гуляйполе', 'de'),
(7795, 2599, 'Запорожье', 'ru'),
(7796, 2599, 'Запорожье', 'en'),
(7797, 2599, 'Запорожье', 'de'),
(7798, 2600, 'Куйбышево', 'ru'),
(7799, 2600, 'Куйбышево', 'en'),
(7800, 2600, 'Куйбышево', 'de'),
(7801, 2601, 'Мелитополь', 'ru'),
(7802, 2601, 'Мелитополь', 'en'),
(7803, 2601, 'Мелитополь', 'de'),
(7804, 2602, 'Новониколаевка', 'ru'),
(7805, 2602, 'Новониколаевка', 'en'),
(7806, 2602, 'Новониколаевка', 'de'),
(7807, 2603, 'Розовка', 'ru'),
(7808, 2603, 'Розовка', 'en'),
(7809, 2603, 'Розовка', 'de'),
(7810, 2604, 'Энергодар', 'ru'),
(7811, 2604, 'Энергодар', 'en'),
(7812, 2604, 'Энергодар', 'de'),
(7813, 2605, 'Калуш', 'ru'),
(7814, 2605, 'Калуш', 'en'),
(7815, 2605, 'Калуш', 'de'),
(7816, 2606, 'Коломыя', 'ru'),
(7817, 2606, 'Коломыя', 'en'),
(7818, 2606, 'Коломыя', 'de'),
(7819, 2607, 'Ивано-Франковск', 'ru'),
(7820, 2607, 'Ивано-Франковск', 'en'),
(7821, 2607, 'Ивано-Франковск', 'de'),
(7822, 2608, 'Белая Церковь', 'ru'),
(7823, 2608, 'Белая Церковь', 'en'),
(7824, 2608, 'Белая Церковь', 'de'),
(7825, 2609, 'Борисполь', 'ru'),
(7826, 2609, 'Борисполь', 'en'),
(7827, 2609, 'Борисполь', 'de'),
(7828, 2610, 'Боярка', 'ru'),
(7829, 2610, 'Боярка', 'en'),
(7830, 2610, 'Боярка', 'de'),
(7831, 2611, 'Бровары', 'ru'),
(7832, 2611, 'Бровары', 'en'),
(7833, 2611, 'Бровары', 'de'),
(7834, 2612, 'Гостомель', 'ru'),
(7835, 2612, 'Гостомель', 'en'),
(7836, 2612, 'Гостомель', 'de'),
(7837, 2613, 'Кагарлык', 'ru'),
(7838, 2613, 'Кагарлык', 'en'),
(7839, 2613, 'Кагарлык', 'de'),
(7840, 2614, 'Обухов', 'ru'),
(7841, 2614, 'Обухов', 'en'),
(7842, 2614, 'Обухов', 'de'),
(7843, 2615, 'Ржищев', 'ru'),
(7844, 2615, 'Ржищев', 'en'),
(7845, 2615, 'Ржищев', 'de'),
(7846, 2616, 'Украинка', 'ru'),
(7847, 2616, 'Украинка', 'en'),
(7848, 2616, 'Украинка', 'de'),
(7849, 2617, 'Фастов', 'ru'),
(7850, 2617, 'Фастов', 'en'),
(7851, 2617, 'Фастов', 'de'),
(7852, 2618, 'Александрия', 'ru'),
(7853, 2618, 'Александрия', 'en'),
(7854, 2618, 'Александрия', 'de'),
(7855, 2619, 'Знаменка', 'ru'),
(7856, 2619, 'Знаменка', 'en'),
(7857, 2619, 'Знаменка', 'de'),
(7858, 2620, 'Кировоград', 'ru'),
(7859, 2620, 'Кировоград', 'en'),
(7860, 2620, 'Кировоград', 'de'),
(7861, 2621, 'Светловодск', 'ru'),
(7862, 2621, 'Светловодск', 'en'),
(7863, 2621, 'Светловодск', 'de'),
(7864, 2622, 'Алчевск', 'ru'),
(7865, 2622, 'Алчевск', 'en'),
(7866, 2622, 'Алчевск', 'de'),
(7867, 2623, 'Красный Луч', 'ru'),
(7868, 2623, 'Красный Луч', 'en'),
(7869, 2623, 'Красный Луч', 'de'),
(7870, 2624, 'Лисичанск', 'ru'),
(7871, 2624, 'Лисичанск', 'en'),
(7872, 2624, 'Лисичанск', 'de'),
(7873, 2625, 'Луганск', 'ru'),
(7874, 2625, 'Луганск', 'en'),
(7875, 2625, 'Луганск', 'de'),
(7876, 2626, 'Рубежное', 'ru'),
(7877, 2626, 'Рубежное', 'en'),
(7878, 2626, 'Рубежное', 'de'),
(7879, 2627, 'Свердловск', 'ru'),
(7880, 2627, 'Свердловск', 'en'),
(7881, 2627, 'Свердловск', 'de'),
(7882, 2628, 'Северодонецк', 'ru'),
(7883, 2628, 'Северодонецк', 'en'),
(7884, 2628, 'Северодонецк', 'de'),
(7885, 2629, 'Стаханов', 'ru'),
(7886, 2629, 'Стаханов', 'en'),
(7887, 2629, 'Стаханов', 'de'),
(7888, 2630, 'Дрогобыч', 'ru'),
(7889, 2630, 'Дрогобыч', 'en'),
(7890, 2630, 'Дрогобыч', 'de'),
(7891, 2631, 'Каменка-Бугская', 'ru'),
(7892, 2631, 'Каменка-Бугская', 'en'),
(7893, 2631, 'Каменка-Бугская', 'de'),
(7894, 2632, 'Львов', 'ru'),
(7895, 2632, 'Львов', 'en'),
(7896, 2632, 'Львов', 'de'),
(7897, 2633, 'Стрый', 'ru'),
(7898, 2633, 'Стрый', 'en'),
(7899, 2633, 'Стрый', 'de'),
(7900, 2634, 'Червоноград', 'ru'),
(7901, 2634, 'Червоноград', 'en'),
(7902, 2634, 'Червоноград', 'de'),
(7903, 2635, 'Еланец', 'ru'),
(7904, 2635, 'Еланец', 'en'),
(7905, 2635, 'Еланец', 'de'),
(7906, 2636, 'Николаев', 'ru'),
(7907, 2636, 'Николаев', 'en'),
(7908, 2636, 'Николаев', 'de'),
(7909, 2637, 'Первомайск (Украина)', 'ru'),
(7910, 2637, 'Первомайск (Украина)', 'en'),
(7911, 2637, 'Первомайск (Украина)', 'de'),
(7912, 2638, 'Южноукраинск', 'ru'),
(7913, 2638, 'Южноукраинск', 'en'),
(7914, 2638, 'Южноукраинск', 'de'),
(7915, 2639, 'Белгород-Днестровский', 'ru'),
(7916, 2639, 'Белгород-Днестровский', 'en'),
(7917, 2639, 'Белгород-Днестровский', 'de'),
(7918, 2640, 'Измаил', 'ru'),
(7919, 2640, 'Измаил', 'en'),
(7920, 2640, 'Измаил', 'de'),
(7921, 2641, 'Ильичевск', 'ru'),
(7922, 2641, 'Ильичевск', 'en'),
(7923, 2641, 'Ильичевск', 'de'),
(7924, 2642, 'Одесса', 'ru'),
(7925, 2642, 'Одесса', 'en'),
(7926, 2642, 'Одесса', 'de'),
(7927, 2643, 'Комсомольск (Украина)', 'ru'),
(7928, 2643, 'Комсомольск (Украина)', 'en'),
(7929, 2643, 'Комсомольск (Украина)', 'de'),
(7930, 2644, 'Кременчуг', 'ru'),
(7931, 2644, 'Кременчуг', 'en'),
(7932, 2644, 'Кременчуг', 'de'),
(7933, 2645, 'Лубны', 'ru'),
(7934, 2645, 'Лубны', 'en'),
(7935, 2645, 'Лубны', 'de'),
(7936, 2646, 'Миргород', 'ru'),
(7937, 2646, 'Миргород', 'en'),
(7938, 2646, 'Миргород', 'de'),
(7939, 2647, 'Полтава', 'ru'),
(7940, 2647, 'Полтава', 'en'),
(7941, 2647, 'Полтава', 'de'),
(7942, 2648, 'Кузнецовск', 'ru'),
(7943, 2648, 'Кузнецовск', 'en'),
(7944, 2648, 'Кузнецовск', 'de'),
(7945, 2649, 'Ровно', 'ru'),
(7946, 2649, 'Ровно', 'en'),
(7947, 2649, 'Ровно', 'de'),
(7948, 2650, 'Ахтырка', 'ru'),
(7949, 2650, 'Ахтырка', 'en'),
(7950, 2650, 'Ахтырка', 'de'),
(7951, 2651, 'Конотоп', 'ru'),
(7952, 2651, 'Конотоп', 'en'),
(7953, 2651, 'Конотоп', 'de'),
(7954, 2652, 'Ромны', 'ru'),
(7955, 2652, 'Ромны', 'en'),
(7956, 2652, 'Ромны', 'de'),
(7957, 2653, 'Сумы', 'ru'),
(7958, 2653, 'Сумы', 'en'),
(7959, 2653, 'Сумы', 'de'),
(7960, 2654, 'Шостка', 'ru'),
(7961, 2654, 'Шостка', 'en'),
(7962, 2654, 'Шостка', 'de'),
(7963, 2655, 'Бережаны', 'ru'),
(7964, 2655, 'Бережаны', 'en'),
(7965, 2655, 'Бережаны', 'de'),
(7966, 2656, 'Борщев', 'ru'),
(7967, 2656, 'Борщев', 'en'),
(7968, 2656, 'Борщев', 'de'),
(7969, 2657, 'Тернополь', 'ru'),
(7970, 2657, 'Тернополь', 'en'),
(7971, 2657, 'Тернополь', 'de'),
(7972, 2658, 'Изюм', 'ru'),
(7973, 2658, 'Изюм', 'en'),
(7974, 2658, 'Изюм', 'de'),
(7975, 2659, 'Харьков', 'ru'),
(7976, 2659, 'Харьков', 'en'),
(7977, 2659, 'Харьков', 'de'),
(7978, 2660, 'Новая Каховка', 'ru'),
(7979, 2660, 'Новая Каховка', 'en'),
(7980, 2660, 'Новая Каховка', 'de'),
(7981, 2661, 'Херсон', 'ru'),
(7982, 2661, 'Херсон', 'en'),
(7983, 2661, 'Херсон', 'de'),
(7984, 2662, 'Каменец-Подольский', 'ru'),
(7985, 2662, 'Каменец-Подольский', 'en'),
(7986, 2662, 'Каменец-Подольский', 'de'),
(7987, 2663, 'Славута', 'ru'),
(7988, 2663, 'Славута', 'en'),
(7989, 2663, 'Славута', 'de'),
(7990, 2664, 'Хмельницкий', 'ru'),
(7991, 2664, 'Хмельницкий', 'en'),
(7992, 2664, 'Хмельницкий', 'de'),
(7993, 2665, 'Шепетовка', 'ru'),
(7994, 2665, 'Шепетовка', 'en'),
(7995, 2665, 'Шепетовка', 'de'),
(7996, 2666, 'Жашков', 'ru'),
(7997, 2666, 'Жашков', 'en'),
(7998, 2666, 'Жашков', 'de'),
(7999, 2667, 'Смела', 'ru'),
(8000, 2667, 'Смела', 'en'),
(8001, 2667, 'Смела', 'de'),
(8002, 2668, 'Умань', 'ru'),
(8003, 2668, 'Умань', 'en'),
(8004, 2668, 'Умань', 'de'),
(8005, 2669, 'Черкассы', 'ru'),
(8006, 2669, 'Черкассы', 'en'),
(8007, 2669, 'Черкассы', 'de'),
(8008, 2670, 'Нежин', 'ru'),
(8009, 2670, 'Нежин', 'en'),
(8010, 2670, 'Нежин', 'de'),
(8011, 2671, 'Прилуки', 'ru'),
(8012, 2671, 'Прилуки', 'en'),
(8013, 2671, 'Прилуки', 'de'),
(8014, 2672, 'Чернигов', 'ru'),
(8015, 2672, 'Чернигов', 'en'),
(8016, 2672, 'Чернигов', 'de'),
(8017, 2673, 'Черновцы', 'ru'),
(8018, 2673, 'Черновцы', 'en'),
(8019, 2673, 'Черновцы', 'de'),
(8020, 2674, 'Акколь', 'ru'),
(8021, 2674, 'Акколь', 'en'),
(8022, 2674, 'Акколь', 'de'),
(8023, 2675, 'Аксай (Казахстан)', 'ru'),
(8024, 2675, 'Аксай (Казахстан)', 'en'),
(8025, 2675, 'Аксай (Казахстан)', 'de'),
(8026, 2676, 'Аксу (Павлодар.обл)', 'ru'),
(8027, 2676, 'Аксу (Павлодар.обл)', 'en'),
(8028, 2676, 'Аксу (Павлодар.обл)', 'de'),
(8029, 2677, 'Актау', 'ru'),
(8030, 2677, 'Актау', 'en'),
(8031, 2677, 'Актау', 'de'),
(8032, 2678, 'Актобе', 'ru'),
(8033, 2678, 'Актобе', 'en'),
(8034, 2678, 'Актобе', 'de'),
(8035, 2679, 'Алга (Актюбинская обл)', 'ru'),
(8036, 2679, 'Алга (Актюбинская обл)', 'en'),
(8037, 2679, 'Алга (Актюбинская обл)', 'de'),
(8038, 2680, 'Алматы', 'ru'),
(8039, 2680, 'Алматы', 'en'),
(8040, 2680, 'Алматы', 'de'),
(8041, 2681, 'Аральск', 'ru'),
(8042, 2681, 'Аральск', 'en'),
(8043, 2681, 'Аральск', 'de'),
(8044, 2682, 'Аркалык', 'ru'),
(8045, 2682, 'Аркалык', 'en'),
(8046, 2682, 'Аркалык', 'de'),
(8047, 2683, 'Арысь (ЮКО)', 'ru'),
(8048, 2683, 'Арысь (ЮКО)', 'en'),
(8049, 2683, 'Арысь (ЮКО)', 'de'),
(8050, 2684, 'Астана', 'ru'),
(8051, 2684, 'Астана', 'en'),
(8052, 2684, 'Астана', 'de'),
(8053, 2685, 'Атырау', 'ru'),
(8054, 2685, 'Атырау', 'en'),
(8055, 2685, 'Атырау', 'de'),
(8056, 2686, 'Аягоз (ВКО)', 'ru'),
(8057, 2686, 'Аягоз (ВКО)', 'en'),
(8058, 2686, 'Аягоз (ВКО)', 'de'),
(8059, 2687, 'Байконур (Кызылорд. обл)', 'ru'),
(8060, 2687, 'Байконур (Кызылорд. обл)', 'en'),
(8061, 2687, 'Байконур (Кызылорд. обл)', 'de'),
(8062, 2688, 'Балхаш', 'ru'),
(8063, 2688, 'Балхаш', 'en'),
(8064, 2688, 'Балхаш', 'de'),
(8065, 2689, 'Баутино', 'ru'),
(8066, 2689, 'Баутино', 'en'),
(8067, 2689, 'Баутино', 'de'),
(8068, 2690, 'Бейнеу (Мангистауская обл)', 'ru'),
(8069, 2690, 'Бейнеу (Мангистауская обл)', 'en'),
(8070, 2690, 'Бейнеу (Мангистауская обл)', 'de'),
(8071, 2691, 'Ерейментау (Акмол.обл)', 'ru'),
(8072, 2691, 'Ерейментау (Акмол.обл)', 'en'),
(8073, 2691, 'Ерейментау (Акмол.обл)', 'de'),
(8074, 2692, 'Жанаозен', 'ru'),
(8075, 2692, 'Жанаозен', 'en'),
(8076, 2692, 'Жанаозен', 'de'),
(8077, 2693, 'Жанатас', 'ru'),
(8078, 2693, 'Жанатас', 'en'),
(8079, 2693, 'Жанатас', 'de'),
(8080, 2694, 'Жезказган', 'ru'),
(8081, 2694, 'Жезказган', 'en'),
(8082, 2694, 'Жезказган', 'de'),
(8083, 2695, 'Жетысай', 'ru'),
(8084, 2695, 'Жетысай', 'en'),
(8085, 2695, 'Жетысай', 'de'),
(8086, 2696, 'Зайсан', 'ru'),
(8087, 2696, 'Зайсан', 'en'),
(8088, 2696, 'Зайсан', 'de'),
(8089, 2697, 'Зыряновск', 'ru'),
(8090, 2697, 'Зыряновск', 'en'),
(8091, 2697, 'Зыряновск', 'de'),
(8092, 2698, 'Иссык', 'ru'),
(8093, 2698, 'Иссык', 'en'),
(8094, 2698, 'Иссык', 'de'),
(8095, 2699, 'Казалы (Кызылорд. обл)', 'ru'),
(8096, 2699, 'Казалы (Кызылорд. обл)', 'en'),
(8097, 2699, 'Казалы (Кызылорд. обл)', 'de'),
(8098, 2700, 'Капчагай', 'ru'),
(8099, 2700, 'Капчагай', 'en'),
(8100, 2700, 'Капчагай', 'de'),
(8101, 2701, 'Караганда', 'ru'),
(8102, 2701, 'Караганда', 'en'),
(8103, 2701, 'Караганда', 'de'),
(8104, 2702, 'Каратау', 'ru'),
(8105, 2702, 'Каратау', 'en'),
(8106, 2702, 'Каратау', 'de'),
(8107, 2703, 'Каскелен', 'ru'),
(8108, 2703, 'Каскелен', 'en'),
(8109, 2703, 'Каскелен', 'de'),
(8110, 2704, 'Кентау (ЮКО)', 'ru'),
(8111, 2704, 'Кентау (ЮКО)', 'en'),
(8112, 2704, 'Кентау (ЮКО)', 'de'),
(8113, 2705, 'Кокшетау', 'ru'),
(8114, 2705, 'Кокшетау', 'en'),
(8115, 2705, 'Кокшетау', 'de'),
(8116, 2706, 'Костанай', 'ru'),
(8117, 2706, 'Костанай', 'en'),
(8118, 2706, 'Костанай', 'de'),
(8119, 2707, 'Кызылорда', 'ru'),
(8120, 2707, 'Кызылорда', 'en'),
(8121, 2707, 'Кызылорда', 'de'),
(8122, 2708, 'Ленгер (ЮКО)', 'ru'),
(8123, 2708, 'Ленгер (ЮКО)', 'en'),
(8124, 2708, 'Ленгер (ЮКО)', 'de'),
(8125, 2709, 'Макинск', 'ru'),
(8126, 2709, 'Макинск', 'en'),
(8127, 2709, 'Макинск', 'de'),
(8128, 2710, 'Павлодар', 'ru'),
(8129, 2710, 'Павлодар', 'en'),
(8130, 2710, 'Павлодар', 'de'),
(8131, 2711, 'Петропавловск', 'ru'),
(8132, 2711, 'Петропавловск', 'en'),
(8133, 2711, 'Петропавловск', 'de'),
(8134, 2712, 'Риддер (ВКО)', 'ru'),
(8135, 2712, 'Риддер (ВКО)', 'en'),
(8136, 2712, 'Риддер (ВКО)', 'de'),
(8137, 2713, 'Рудный', 'ru'),
(8138, 2713, 'Рудный', 'en'),
(8139, 2713, 'Рудный', 'de'),
(8140, 2714, 'Сарыагаш', 'ru'),
(8141, 2714, 'Сарыагаш', 'en'),
(8142, 2714, 'Сарыагаш', 'de'),
(8143, 2715, 'Сатпаев', 'ru'),
(8144, 2715, 'Сатпаев', 'en'),
(8145, 2715, 'Сатпаев', 'de'),
(8146, 2716, 'Семей', 'ru'),
(8147, 2716, 'Семей', 'en'),
(8148, 2716, 'Семей', 'de'),
(8149, 2717, 'Серебрянск', 'ru'),
(8150, 2717, 'Серебрянск', 'en'),
(8151, 2717, 'Серебрянск', 'de'),
(8152, 2718, 'Солнечный (ПГТ, Павлодарская обл)', 'ru'),
(8153, 2718, 'Солнечный (ПГТ, Павлодарская обл)', 'en'),
(8154, 2718, 'Солнечный (ПГТ, Павлодарская обл)', 'de'),
(8155, 2719, 'Степногорск', 'ru'),
(8156, 2719, 'Степногорск', 'en'),
(8157, 2719, 'Степногорск', 'de'),
(8158, 2720, 'Талдыкорган', 'ru'),
(8159, 2720, 'Талдыкорган', 'en'),
(8160, 2720, 'Талдыкорган', 'de'),
(8161, 2721, 'Тараз', 'ru'),
(8162, 2721, 'Тараз', 'en'),
(8163, 2721, 'Тараз', 'de'),
(8164, 2722, 'Текели', 'ru'),
(8165, 2722, 'Текели', 'en'),
(8166, 2722, 'Текели', 'de'),
(8167, 2723, 'Темиртау', 'ru'),
(8168, 2723, 'Темиртау', 'en'),
(8169, 2723, 'Темиртау', 'de'),
(8170, 2724, 'Торгай', 'ru'),
(8171, 2724, 'Торгай', 'en'),
(8172, 2724, 'Торгай', 'de'),
(8173, 2725, 'Туркестан', 'ru'),
(8174, 2725, 'Туркестан', 'en'),
(8175, 2725, 'Туркестан', 'de'),
(8176, 2726, 'Уральск', 'ru'),
(8177, 2726, 'Уральск', 'en'),
(8178, 2726, 'Уральск', 'de'),
(8179, 2727, 'Усть-Каменогорск', 'ru'),
(8180, 2727, 'Усть-Каменогорск', 'en'),
(8181, 2727, 'Усть-Каменогорск', 'de'),
(8182, 2728, 'Хромтау', 'ru'),
(8183, 2728, 'Хромтау', 'en'),
(8184, 2728, 'Хромтау', 'de'),
(8185, 2729, 'Шемонаиха (ВКО)', 'ru'),
(8186, 2729, 'Шемонаиха (ВКО)', 'en'),
(8187, 2729, 'Шемонаиха (ВКО)', 'de'),
(8188, 2730, 'Шу', 'ru'),
(8189, 2730, 'Шу', 'en'),
(8190, 2730, 'Шу', 'de'),
(8191, 2731, 'Шымкент', 'ru'),
(8192, 2731, 'Шымкент', 'en'),
(8193, 2731, 'Шымкент', 'de'),
(8194, 2732, 'Щучинск', 'ru'),
(8195, 2732, 'Щучинск', 'en'),
(8196, 2732, 'Щучинск', 'de'),
(8197, 2733, 'Экибастуз', 'ru'),
(8198, 2733, 'Экибастуз', 'en'),
(8199, 2733, 'Экибастуз', 'de'),
(8200, 2734, 'Агдаш', 'ru'),
(8201, 2734, 'Агдаш', 'en'),
(8202, 2734, 'Агдаш', 'de'),
(8203, 2735, 'Агджабеди', 'ru'),
(8204, 2735, 'Агджабеди', 'en'),
(8205, 2735, 'Агджабеди', 'de'),
(8206, 2736, 'Агсу', 'ru'),
(8207, 2736, 'Агсу', 'en'),
(8208, 2736, 'Агсу', 'de'),
(8209, 2737, 'Аджигабул', 'ru'),
(8210, 2737, 'Аджигабул', 'en'),
(8211, 2737, 'Аджигабул', 'de'),
(8212, 2738, 'Акстафа', 'ru'),
(8213, 2738, 'Акстафа', 'en'),
(8214, 2738, 'Акстафа', 'de'),
(8215, 2739, 'Астара', 'ru'),
(8216, 2739, 'Астара', 'en'),
(8217, 2739, 'Астара', 'de'),
(8218, 2740, 'Баку', 'ru'),
(8219, 2740, 'Баку', 'en'),
(8220, 2740, 'Баку', 'de'),
(8221, 2741, 'Барда', 'ru'),
(8222, 2741, 'Барда', 'en'),
(8223, 2741, 'Барда', 'de'),
(8224, 2742, 'Бейлаган', 'ru'),
(8225, 2742, 'Бейлаган', 'en'),
(8226, 2742, 'Бейлаган', 'de'),
(8227, 2743, 'Билясувар', 'ru'),
(8228, 2743, 'Билясувар', 'en'),
(8229, 2743, 'Билясувар', 'de'),
(8230, 2744, 'Габала', 'ru'),
(8231, 2744, 'Габала', 'en'),
(8232, 2744, 'Габала', 'de'),
(8233, 2745, 'Газах', 'ru'),
(8234, 2745, 'Газах', 'en'),
(8235, 2745, 'Газах', 'de'),
(8236, 2746, 'Геранбой', 'ru'),
(8237, 2746, 'Геранбой', 'en'),
(8238, 2746, 'Геранбой', 'de'),
(8239, 2747, 'Гёйгёль', 'ru'),
(8240, 2747, 'Гёйгёль', 'en'),
(8241, 2747, 'Гёйгёль', 'de'),
(8242, 2748, 'Гёйтепе', 'ru'),
(8243, 2748, 'Гёйтепе', 'en'),
(8244, 2748, 'Гёйтепе', 'de'),
(8245, 2749, 'Гёйчай', 'ru'),
(8246, 2749, 'Гёйчай', 'en'),
(8247, 2749, 'Гёйчай', 'de'),
(8248, 2750, 'Гянджа', 'ru'),
(8249, 2750, 'Гянджа', 'en'),
(8250, 2750, 'Гянджа', 'de'),
(8251, 2751, 'Дашкесан', 'ru'),
(8252, 2751, 'Дашкесан', 'en'),
(8253, 2751, 'Дашкесан', 'de'),
(8254, 2752, 'Джалилабад', 'ru'),
(8255, 2752, 'Джалилабад', 'en'),
(8256, 2752, 'Джалилабад', 'de'),
(8257, 2753, 'Джульфа', 'ru'),
(8258, 2753, 'Джульфа', 'en'),
(8259, 2753, 'Джульфа', 'de'),
(8260, 2754, 'Евлах', 'ru'),
(8261, 2754, 'Евлах', 'en'),
(8262, 2754, 'Евлах', 'de'),
(8263, 2755, 'Закаталы', 'ru'),
(8264, 2755, 'Закаталы', 'en'),
(8265, 2755, 'Закаталы', 'de'),
(8266, 2756, 'Зардоб', 'ru'),
(8267, 2756, 'Зардоб', 'en'),
(8268, 2756, 'Зардоб', 'de'),
(8269, 2757, 'Имишли', 'ru'),
(8270, 2757, 'Имишли', 'en'),
(8271, 2757, 'Имишли', 'de'),
(8272, 2758, 'Исмаиллы', 'ru'),
(8273, 2758, 'Исмаиллы', 'en'),
(8274, 2758, 'Исмаиллы', 'de'),
(8275, 2759, 'Казах', 'ru'),
(8276, 2759, 'Казах', 'en'),
(8277, 2759, 'Казах', 'de'),
(8278, 2760, 'Кахи', 'ru'),
(8279, 2760, 'Кахи', 'en'),
(8280, 2760, 'Кахи', 'de'),
(8281, 2761, 'Кедабек', 'ru'),
(8282, 2761, 'Кедабек', 'en'),
(8283, 2761, 'Кедабек', 'de'),
(8284, 2762, 'Куба (Азербайджан)', 'ru'),
(8285, 2762, 'Куба (Азербайджан)', 'en'),
(8286, 2762, 'Куба (Азербайджан)', 'de'),
(8287, 2763, 'Кусары', 'ru'),
(8288, 2763, 'Кусары', 'en'),
(8289, 2763, 'Кусары', 'de'),
(8290, 2764, 'Кюрдамир', 'ru'),
(8291, 2764, 'Кюрдамир', 'en'),
(8292, 2764, 'Кюрдамир', 'de'),
(8293, 2765, 'Ленкорань', 'ru'),
(8294, 2765, 'Ленкорань', 'en'),
(8295, 2765, 'Ленкорань', 'de'),
(8296, 2766, 'Лиман', 'ru'),
(8297, 2766, 'Лиман', 'en'),
(8298, 2766, 'Лиман', 'de'),
(8299, 2767, 'Мингечаур', 'ru'),
(8300, 2767, 'Мингечаур', 'en'),
(8301, 2767, 'Мингечаур', 'de'),
(8302, 2768, 'Нахичевань', 'ru'),
(8303, 2768, 'Нахичевань', 'en'),
(8304, 2768, 'Нахичевань', 'de'),
(8305, 2769, 'Нефтечала', 'ru'),
(8306, 2769, 'Нефтечала', 'en'),
(8307, 2769, 'Нефтечала', 'de'),
(8308, 2770, 'Ордубад', 'ru'),
(8309, 2770, 'Ордубад', 'en'),
(8310, 2770, 'Ордубад', 'de'),
(8311, 2771, 'Саатлы', 'ru'),
(8312, 2771, 'Саатлы', 'en'),
(8313, 2771, 'Саатлы', 'de'),
(8314, 2772, 'Сабирабад', 'ru'),
(8315, 2772, 'Сабирабад', 'en'),
(8316, 2772, 'Сабирабад', 'de'),
(8317, 2773, 'Сальяны', 'ru'),
(8318, 2773, 'Сальяны', 'en'),
(8319, 2773, 'Сальяны', 'de'),
(8320, 2774, 'Сиазань', 'ru'),
(8321, 2774, 'Сиазань', 'en'),
(8322, 2774, 'Сиазань', 'de'),
(8323, 2775, 'Сумгаит', 'ru'),
(8324, 2775, 'Сумгаит', 'en'),
(8325, 2775, 'Сумгаит', 'de'),
(8326, 2776, 'Тауз', 'ru'),
(8327, 2776, 'Тауз', 'en'),
(8328, 2776, 'Тауз', 'de'),
(8329, 2777, 'Тертер', 'ru'),
(8330, 2777, 'Тертер', 'en'),
(8331, 2777, 'Тертер', 'de'),
(8332, 2778, 'Уджары', 'ru'),
(8333, 2778, 'Уджары', 'en'),
(8334, 2778, 'Уджары', 'de'),
(8335, 2779, 'Хачмаз', 'ru'),
(8336, 2779, 'Хачмаз', 'en'),
(8337, 2779, 'Хачмаз', 'de'),
(8338, 2780, 'Худат', 'ru'),
(8339, 2780, 'Худат', 'en'),
(8340, 2780, 'Худат', 'de'),
(8341, 2781, 'Хырдалан', 'ru'),
(8342, 2781, 'Хырдалан', 'en'),
(8343, 2781, 'Хырдалан', 'de'),
(8344, 2782, 'Шабран', 'ru'),
(8345, 2782, 'Шабран', 'en'),
(8346, 2782, 'Шабран', 'de'),
(8347, 2783, 'Шамкир', 'ru'),
(8348, 2783, 'Шамкир', 'en'),
(8349, 2783, 'Шамкир', 'de'),
(8350, 2784, 'Шеки', 'ru'),
(8351, 2784, 'Шеки', 'en'),
(8352, 2784, 'Шеки', 'de'),
(8353, 2785, 'Шемаха', 'ru'),
(8354, 2785, 'Шемаха', 'en'),
(8355, 2785, 'Шемаха', 'de'),
(8356, 2786, 'Ширван', 'ru'),
(8357, 2786, 'Ширван', 'en'),
(8358, 2786, 'Ширван', 'de'),
(8359, 2787, 'Брест', 'ru'),
(8360, 2787, 'Брест', 'en'),
(8361, 2787, 'Брест', 'de'),
(8362, 2788, 'Брестская область', 'ru'),
(8363, 2788, 'Брестская область', 'en'),
(8364, 2788, 'Брестская область', 'de'),
(8365, 2789, 'Витебск', 'ru'),
(8366, 2789, 'Витебск', 'en'),
(8367, 2789, 'Витебск', 'de'),
(8368, 2790, 'Витебская область', 'ru'),
(8369, 2790, 'Витебская область', 'en'),
(8370, 2790, 'Витебская область', 'de'),
(8371, 2791, 'Гомель', 'ru'),
(8372, 2791, 'Гомель', 'en'),
(8373, 2791, 'Гомель', 'de'),
(8374, 2792, 'Гомельская область', 'ru'),
(8375, 2792, 'Гомельская область', 'en'),
(8376, 2792, 'Гомельская область', 'de'),
(8377, 2793, 'Гродненская область', 'ru'),
(8378, 2793, 'Гродненская область', 'en'),
(8379, 2793, 'Гродненская область', 'de'),
(8380, 2794, 'Гродно', 'ru'),
(8381, 2794, 'Гродно', 'en'),
(8382, 2794, 'Гродно', 'de'),
(8383, 2795, 'Минск', 'ru'),
(8384, 2795, 'Минск', 'en'),
(8385, 2795, 'Минск', 'de'),
(8386, 2796, 'Минская область', 'ru'),
(8387, 2796, 'Минская область', 'en'),
(8388, 2796, 'Минская область', 'de'),
(8389, 2797, 'Могилев', 'ru'),
(8390, 2797, 'Могилев', 'en'),
(8391, 2797, 'Могилев', 'de'),
(8392, 2798, 'Могилевская область', 'ru'),
(8393, 2798, 'Могилевская область', 'en'),
(8394, 2798, 'Могилевская область', 'de'),
(8395, 2799, 'Ахалцихе', 'ru'),
(8396, 2799, 'Ахалцихе', 'en'),
(8397, 2799, 'Ахалцихе', 'de'),
(8398, 2800, 'Батуми', 'ru'),
(8399, 2800, 'Батуми', 'en'),
(8400, 2800, 'Батуми', 'de'),
(8401, 2801, 'Болниси', 'ru'),
(8402, 2801, 'Болниси', 'en'),
(8403, 2801, 'Болниси', 'de'),
(8404, 2802, 'Боржоми', 'ru'),
(8405, 2802, 'Боржоми', 'en'),
(8406, 2802, 'Боржоми', 'de'),
(8407, 2803, 'Гардабани', 'ru'),
(8408, 2803, 'Гардабани', 'en'),
(8409, 2803, 'Гардабани', 'de'),
(8410, 2804, 'Гори', 'ru'),
(8411, 2804, 'Гори', 'en'),
(8412, 2804, 'Гори', 'de'),
(8413, 2805, 'Зестафони', 'ru'),
(8414, 2805, 'Зестафони', 'en'),
(8415, 2805, 'Зестафони', 'de'),
(8416, 2806, 'Зугдиди', 'ru'),
(8417, 2806, 'Зугдиди', 'en'),
(8418, 2806, 'Зугдиди', 'de'),
(8419, 2807, 'Каспи', 'ru'),
(8420, 2807, 'Каспи', 'en'),
(8421, 2807, 'Каспи', 'de'),
(8422, 2808, 'Кобулети', 'ru'),
(8423, 2808, 'Кобулети', 'en'),
(8424, 2808, 'Кобулети', 'de'),
(8425, 2809, 'Кутаиси', 'ru'),
(8426, 2809, 'Кутаиси', 'en'),
(8427, 2809, 'Кутаиси', 'de'),
(8428, 2810, 'Марнеули', 'ru'),
(8429, 2810, 'Марнеули', 'en'),
(8430, 2810, 'Марнеули', 'de'),
(8431, 2811, 'Мцхета', 'ru'),
(8432, 2811, 'Мцхета', 'en'),
(8433, 2811, 'Мцхета', 'de'),
(8434, 2812, 'Озургети', 'ru'),
(8435, 2812, 'Озургети', 'en'),
(8436, 2812, 'Озургети', 'de'),
(8437, 2813, 'Поти', 'ru'),
(8438, 2813, 'Поти', 'en'),
(8439, 2813, 'Поти', 'de'),
(8440, 2814, 'Рустави', 'ru'),
(8441, 2814, 'Рустави', 'en'),
(8442, 2814, 'Рустави', 'de'),
(8443, 2815, 'Сагареджо', 'ru'),
(8444, 2815, 'Сагареджо', 'en'),
(8445, 2815, 'Сагареджо', 'de'),
(8446, 2816, 'Самтредиа', 'ru'),
(8447, 2816, 'Самтредиа', 'en'),
(8448, 2816, 'Самтредиа', 'de'),
(8449, 2817, 'Сенаки', 'ru'),
(8450, 2817, 'Сенаки', 'en'),
(8451, 2817, 'Сенаки', 'de'),
(8452, 2818, 'Тбилиси', 'ru'),
(8453, 2818, 'Тбилиси', 'en'),
(8454, 2818, 'Тбилиси', 'de'),
(8455, 2819, 'Телави', 'ru'),
(8456, 2819, 'Телави', 'en'),
(8457, 2819, 'Телави', 'de'),
(8458, 2820, 'Ткибули', 'ru'),
(8459, 2820, 'Ткибули', 'en'),
(8460, 2820, 'Ткибули', 'de'),
(8461, 2821, 'Хашури', 'ru'),
(8462, 2821, 'Хашури', 'en'),
(8463, 2821, 'Хашури', 'de'),
(8464, 2822, 'Хони', 'ru'),
(8465, 2822, 'Хони', 'en'),
(8466, 2822, 'Хони', 'de'),
(8467, 2823, 'Цхалтубо', 'ru'),
(8468, 2823, 'Цхалтубо', 'en'),
(8469, 2823, 'Цхалтубо', 'de'),
(8470, 2824, 'Чиатура', 'ru'),
(8471, 2824, 'Чиатура', 'en'),
(8472, 2824, 'Чиатура', 'de'),
(8473, 2825, 'Балыкчы', 'ru'),
(8474, 2825, 'Балыкчы', 'en'),
(8475, 2825, 'Балыкчы', 'de'),
(8476, 2826, 'Баткен', 'ru'),
(8477, 2826, 'Баткен', 'en'),
(8478, 2826, 'Баткен', 'de'),
(8479, 2827, 'Бишкек', 'ru'),
(8480, 2827, 'Бишкек', 'en'),
(8481, 2827, 'Бишкек', 'de'),
(8482, 2828, 'Джалал-Абад', 'ru'),
(8483, 2828, 'Джалал-Абад', 'en'),
(8484, 2828, 'Джалал-Абад', 'de'),
(8485, 2829, 'Исфана', 'ru'),
(8486, 2829, 'Исфана', 'en'),
(8487, 2829, 'Исфана', 'de'),
(8488, 2830, 'Кант', 'ru'),
(8489, 2830, 'Кант', 'en'),
(8490, 2830, 'Кант', 'de'),
(8491, 2831, 'Кара-Балта', 'ru'),
(8492, 2831, 'Кара-Балта', 'en'),
(8493, 2831, 'Кара-Балта', 'de'),
(8494, 2832, 'Каракол', 'ru'),
(8495, 2832, 'Каракол', 'en'),
(8496, 2832, 'Каракол', 'de'),
(8497, 2833, 'Кара-Куль', 'ru'),
(8498, 2833, 'Кара-Куль', 'en'),
(8499, 2833, 'Кара-Куль', 'de'),
(8500, 2834, 'Кара-Суу', 'ru'),
(8501, 2834, 'Кара-Суу', 'en'),
(8502, 2834, 'Кара-Суу', 'de'),
(8503, 2835, 'Кербен', 'ru'),
(8504, 2835, 'Кербен', 'en'),
(8505, 2835, 'Кербен', 'de'),
(8506, 2836, 'Кочкор-Ата', 'ru'),
(8507, 2836, 'Кочкор-Ата', 'en'),
(8508, 2836, 'Кочкор-Ата', 'de'),
(8509, 2837, 'Кызыл-Кия', 'ru'),
(8510, 2837, 'Кызыл-Кия', 'en'),
(8511, 2837, 'Кызыл-Кия', 'de'),
(8512, 2838, 'Майлуу-Суу', 'ru'),
(8513, 2838, 'Майлуу-Суу', 'en'),
(8514, 2838, 'Майлуу-Суу', 'de'),
(8515, 2839, 'Нарын', 'ru'),
(8516, 2839, 'Нарын', 'en'),
(8517, 2839, 'Нарын', 'de'),
(8518, 2840, 'Ноокат', 'ru'),
(8519, 2840, 'Ноокат', 'en'),
(8520, 2840, 'Ноокат', 'de'),
(8521, 2841, 'Ош', 'ru'),
(8522, 2841, 'Ош', 'en'),
(8523, 2841, 'Ош', 'de'),
(8524, 2842, 'Сулюкта', 'ru'),
(8525, 2842, 'Сулюкта', 'en'),
(8526, 2842, 'Сулюкта', 'de'),
(8527, 2843, 'Талас', 'ru'),
(8528, 2843, 'Талас', 'en'),
(8529, 2843, 'Талас', 'de'),
(8530, 2844, 'Таш-Кумыр', 'ru'),
(8531, 2844, 'Таш-Кумыр', 'en'),
(8532, 2844, 'Таш-Кумыр', 'de'),
(8533, 2845, 'Токмок', 'ru'),
(8534, 2845, 'Токмок', 'en'),
(8535, 2845, 'Токмок', 'de'),
(8536, 2846, 'Токтогул', 'ru'),
(8537, 2846, 'Токтогул', 'en'),
(8538, 2846, 'Токтогул', 'de'),
(8539, 2847, 'Узген', 'ru'),
(8540, 2847, 'Узген', 'en'),
(8541, 2847, 'Узген', 'de'),
(8542, 2848, 'Чолпон-Ата', 'ru'),
(8543, 2848, 'Чолпон-Ата', 'en'),
(8544, 2848, 'Чолпон-Ата', 'de'),
(8545, 2849, 'Аккурган', 'ru'),
(8546, 2849, 'Аккурган', 'en'),
(8547, 2849, 'Аккурган', 'de'),
(8548, 2850, 'Акташ (Узбекистан)', 'ru'),
(8549, 2850, 'Акташ (Узбекистан)', 'en'),
(8550, 2850, 'Акташ (Узбекистан)', 'de'),
(8551, 2851, 'Алат (Узбекистан)', 'ru'),
(8552, 2851, 'Алат (Узбекистан)', 'en'),
(8553, 2851, 'Алат (Узбекистан)', 'de'),
(8554, 2852, 'Алмалык', 'ru'),
(8555, 2852, 'Алмалык', 'en'),
(8556, 2852, 'Алмалык', 'de'),
(8557, 2853, 'Ангрен', 'ru'),
(8558, 2853, 'Ангрен', 'en'),
(8559, 2853, 'Ангрен', 'de'),
(8560, 2854, 'Андижан', 'ru'),
(8561, 2854, 'Андижан', 'en'),
(8562, 2854, 'Андижан', 'de'),
(8563, 2855, 'Асака', 'ru'),
(8564, 2855, 'Асака', 'en'),
(8565, 2855, 'Асака', 'de'),
(8566, 2856, 'Ахангаран', 'ru'),
(8567, 2856, 'Ахангаран', 'en'),
(8568, 2856, 'Ахангаран', 'de'),
(8569, 2857, 'Ахунбабаев', 'ru'),
(8570, 2857, 'Ахунбабаев', 'en'),
(8571, 2857, 'Ахунбабаев', 'de'),
(8572, 2858, 'Байсун', 'ru'),
(8573, 2858, 'Байсун', 'en'),
(8574, 2858, 'Байсун', 'de'),
(8575, 2859, 'Бахт', 'ru'),
(8576, 2859, 'Бахт', 'en'),
(8577, 2859, 'Бахт', 'de'),
(8578, 2860, 'Бекабад', 'ru'),
(8579, 2860, 'Бекабад', 'en'),
(8580, 2860, 'Бекабад', 'de'),
(8581, 2861, 'Беруни', 'ru'),
(8582, 2861, 'Беруни', 'en'),
(8583, 2861, 'Беруни', 'de'),
(8584, 2862, 'Бешарык', 'ru'),
(8585, 2862, 'Бешарык', 'en'),
(8586, 2862, 'Бешарык', 'de'),
(8587, 2863, 'Бешкент', 'ru'),
(8588, 2863, 'Бешкент', 'en'),
(8589, 2863, 'Бешкент', 'de'),
(8590, 2864, 'Бука', 'ru'),
(8591, 2864, 'Бука', 'en'),
(8592, 2864, 'Бука', 'de'),
(8593, 2865, 'Булунгур', 'ru'),
(8594, 2865, 'Булунгур', 'en'),
(8595, 2865, 'Булунгур', 'de'),
(8596, 2866, 'Бустан', 'ru'),
(8597, 2866, 'Бустан', 'en'),
(8598, 2866, 'Бустан', 'de'),
(8599, 2867, 'Бухара', 'ru'),
(8600, 2867, 'Бухара', 'en'),
(8601, 2867, 'Бухара', 'de'),
(8602, 2868, 'Вабкент', 'ru'),
(8603, 2868, 'Вабкент', 'en'),
(8604, 2868, 'Вабкент', 'de'),
(8605, 2869, 'Гагарин (Узбекистан)', 'ru'),
(8606, 2869, 'Гагарин (Узбекистан)', 'en'),
(8607, 2869, 'Гагарин (Узбекистан)', 'de'),
(8608, 2870, 'Газалкент', 'ru'),
(8609, 2870, 'Газалкент', 'en'),
(8610, 2870, 'Газалкент', 'de'),
(8611, 2871, 'Газли', 'ru'),
(8612, 2871, 'Газли', 'en'),
(8613, 2871, 'Газли', 'de'),
(8614, 2872, 'Галаасия', 'ru'),
(8615, 2872, 'Галаасия', 'en'),
(8616, 2872, 'Галаасия', 'de'),
(8617, 2873, 'Галляарал', 'ru'),
(8618, 2873, 'Галляарал', 'en'),
(8619, 2873, 'Галляарал', 'de'),
(8620, 2874, 'Гиждуван', 'ru'),
(8621, 2874, 'Гиждуван', 'en'),
(8622, 2874, 'Гиждуван', 'de'),
(8623, 2875, 'Гузар', 'ru'),
(8624, 2875, 'Гузар', 'en'),
(8625, 2875, 'Гузар', 'de'),
(8626, 2876, 'Гулистан', 'ru'),
(8627, 2876, 'Гулистан', 'en'),
(8628, 2876, 'Гулистан', 'de'),
(8629, 2877, 'Даштабад', 'ru'),
(8630, 2877, 'Даштабад', 'en'),
(8631, 2877, 'Даштабад', 'de'),
(8632, 2878, 'Денау', 'ru'),
(8633, 2878, 'Денау', 'en'),
(8634, 2878, 'Денау', 'de'),
(8635, 2879, 'Джамбай', 'ru'),
(8636, 2879, 'Джамбай', 'en'),
(8637, 2879, 'Джамбай', 'de'),
(8638, 2880, 'Джаркурган', 'ru'),
(8639, 2880, 'Джаркурган', 'en'),
(8640, 2880, 'Джаркурган', 'de'),
(8641, 2881, 'Джизак', 'ru'),
(8642, 2881, 'Джизак', 'en'),
(8643, 2881, 'Джизак', 'de'),
(8644, 2882, 'Джума', 'ru'),
(8645, 2882, 'Джума', 'en'),
(8646, 2882, 'Джума', 'de'),
(8647, 2883, 'Дустабад', 'ru'),
(8648, 2883, 'Дустабад', 'en'),
(8649, 2883, 'Дустабад', 'de'),
(8650, 2884, 'Дустлик', 'ru'),
(8651, 2884, 'Дустлик', 'en'),
(8652, 2884, 'Дустлик', 'de'),
(8653, 2885, 'Зарафшан', 'ru'),
(8654, 2885, 'Зарафшан', 'en'),
(8655, 2885, 'Зарафшан', 'de'),
(8656, 2886, 'Иштыхан', 'ru'),
(8657, 2886, 'Иштыхан', 'en'),
(8658, 2886, 'Иштыхан', 'de'),
(8659, 2887, 'Каган', 'ru'),
(8660, 2887, 'Каган', 'en'),
(8661, 2887, 'Каган', 'de'),
(8662, 2888, 'Камаши', 'ru'),
(8663, 2888, 'Камаши', 'en'),
(8664, 2888, 'Камаши', 'de'),
(8665, 2889, 'Каракуль', 'ru'),
(8666, 2889, 'Каракуль', 'en'),
(8667, 2889, 'Каракуль', 'de'),
(8668, 2890, 'Карасу', 'ru'),
(8669, 2890, 'Карасу', 'en'),
(8670, 2890, 'Карасу', 'de'),
(8671, 2891, 'Карши', 'ru'),
(8672, 2891, 'Карши', 'en'),
(8673, 2891, 'Карши', 'de'),
(8674, 2892, 'Касан', 'ru'),
(8675, 2892, 'Касан', 'en'),
(8676, 2892, 'Касан', 'de'),
(8677, 2893, 'Касансай', 'ru'),
(8678, 2893, 'Касансай', 'en'),
(8679, 2893, 'Касансай', 'de'),
(8680, 2894, 'Каттакурган', 'ru'),
(8681, 2894, 'Каттакурган', 'en'),
(8682, 2894, 'Каттакурган', 'de'),
(8683, 2895, 'Келес', 'ru'),
(8684, 2895, 'Келес', 'en'),
(8685, 2895, 'Келес', 'de'),
(8686, 2896, 'Китаб', 'ru'),
(8687, 2896, 'Китаб', 'en'),
(8688, 2896, 'Китаб', 'de'),
(8689, 2897, 'Коканд', 'ru'),
(8690, 2897, 'Коканд', 'en'),
(8691, 2897, 'Коканд', 'de'),
(8692, 2898, 'Кува', 'ru'),
(8693, 2898, 'Кува', 'en'),
(8694, 2898, 'Кува', 'de'),
(8695, 2899, 'Кувасай', 'ru'),
(8696, 2899, 'Кувасай', 'en'),
(8697, 2899, 'Кувасай', 'de'),
(8698, 2900, 'Кумкурган', 'ru'),
(8699, 2900, 'Кумкурган', 'en'),
(8700, 2900, 'Кумкурган', 'de'),
(8701, 2901, 'Кунград', 'ru'),
(8702, 2901, 'Кунград', 'en'),
(8703, 2901, 'Кунград', 'de'),
(8704, 2902, 'Кургантепа', 'ru'),
(8705, 2902, 'Кургантепа', 'en'),
(8706, 2902, 'Кургантепа', 'de'),
(8707, 2903, 'Кызылтепа', 'ru'),
(8708, 2903, 'Кызылтепа', 'en'),
(8709, 2903, 'Кызылтепа', 'de'),
(8710, 2904, 'Мангит', 'ru'),
(8711, 2904, 'Мангит', 'en'),
(8712, 2904, 'Мангит', 'de'),
(8713, 2905, 'Маргилан', 'ru'),
(8714, 2905, 'Маргилан', 'en'),
(8715, 2905, 'Маргилан', 'de'),
(8716, 2906, 'Мархамат', 'ru'),
(8717, 2906, 'Мархамат', 'en'),
(8718, 2906, 'Мархамат', 'de'),
(8719, 2907, 'Мубарек', 'ru'),
(8720, 2907, 'Мубарек', 'en'),
(8721, 2907, 'Мубарек', 'de'),
(8722, 2908, 'Муйнак', 'ru'),
(8723, 2908, 'Муйнак', 'en'),
(8724, 2908, 'Муйнак', 'de'),
(8725, 2909, 'Навои', 'ru'),
(8726, 2909, 'Навои', 'en'),
(8727, 2909, 'Навои', 'de'),
(8728, 2910, 'Наманган', 'ru'),
(8729, 2910, 'Наманган', 'en'),
(8730, 2910, 'Наманган', 'de'),
(8731, 2911, 'Нукус', 'ru'),
(8732, 2911, 'Нукус', 'en'),
(8733, 2911, 'Нукус', 'de'),
(8734, 2912, 'Нурабад', 'ru'),
(8735, 2912, 'Нурабад', 'en'),
(8736, 2912, 'Нурабад', 'de'),
(8737, 2913, 'Нурата', 'ru'),
(8738, 2913, 'Нурата', 'en'),
(8739, 2913, 'Нурата', 'de'),
(8740, 2914, 'Пайарык', 'ru'),
(8741, 2914, 'Пайарык', 'en'),
(8742, 2914, 'Пайарык', 'de'),
(8743, 2915, 'Пайтуг', 'ru'),
(8744, 2915, 'Пайтуг', 'en'),
(8745, 2915, 'Пайтуг', 'de'),
(8746, 2916, 'Пап', 'ru'),
(8747, 2916, 'Пап', 'en'),
(8748, 2916, 'Пап', 'de'),
(8749, 2917, 'Паркент', 'ru'),
(8750, 2917, 'Паркент', 'en'),
(8751, 2917, 'Паркент', 'de'),
(8752, 2918, 'Пахтаабад', 'ru'),
(8753, 2918, 'Пахтаабад', 'en'),
(8754, 2918, 'Пахтаабад', 'de'),
(8755, 2919, 'Пахтакор', 'ru'),
(8756, 2919, 'Пахтакор', 'en'),
(8757, 2919, 'Пахтакор', 'de');
INSERT INTO `odj_city_translation` (`id`, `translatable_id`, `title`, `locale`) VALUES
(8758, 2920, 'Питнак', 'ru'),
(8759, 2920, 'Питнак', 'en'),
(8760, 2920, 'Питнак', 'de'),
(8761, 2921, 'Пскент', 'ru'),
(8762, 2921, 'Пскент', 'en'),
(8763, 2921, 'Пскент', 'de'),
(8764, 2922, 'Риштан', 'ru'),
(8765, 2922, 'Риштан', 'en'),
(8766, 2922, 'Риштан', 'de'),
(8767, 2923, 'Ромитан', 'ru'),
(8768, 2923, 'Ромитан', 'en'),
(8769, 2923, 'Ромитан', 'de'),
(8770, 2924, 'Самарканд', 'ru'),
(8771, 2924, 'Самарканд', 'en'),
(8772, 2924, 'Самарканд', 'de'),
(8773, 2925, 'Сырдарья', 'ru'),
(8774, 2925, 'Сырдарья', 'en'),
(8775, 2925, 'Сырдарья', 'de'),
(8776, 2926, 'Тахиаташ', 'ru'),
(8777, 2926, 'Тахиаташ', 'en'),
(8778, 2926, 'Тахиаташ', 'de'),
(8779, 2927, 'Ташкент', 'ru'),
(8780, 2927, 'Ташкент', 'en'),
(8781, 2927, 'Ташкент', 'de'),
(8782, 2928, 'Термез', 'ru'),
(8783, 2928, 'Термез', 'en'),
(8784, 2928, 'Термез', 'de'),
(8785, 2929, 'Тинчлик', 'ru'),
(8786, 2929, 'Тинчлик', 'en'),
(8787, 2929, 'Тинчлик', 'de'),
(8788, 2930, 'Тойтепа', 'ru'),
(8789, 2930, 'Тойтепа', 'en'),
(8790, 2930, 'Тойтепа', 'de'),
(8791, 2931, 'Туракурган', 'ru'),
(8792, 2931, 'Туракурган', 'en'),
(8793, 2931, 'Туракурган', 'de'),
(8794, 2932, 'Турткуль', 'ru'),
(8795, 2932, 'Турткуль', 'en'),
(8796, 2932, 'Турткуль', 'de'),
(8797, 2933, 'Ургенч', 'ru'),
(8798, 2933, 'Ургенч', 'en'),
(8799, 2933, 'Ургенч', 'de'),
(8800, 2934, 'Ургут', 'ru'),
(8801, 2934, 'Ургут', 'en'),
(8802, 2934, 'Ургут', 'de'),
(8803, 2935, 'Учкудук', 'ru'),
(8804, 2935, 'Учкудук', 'en'),
(8805, 2935, 'Учкудук', 'de'),
(8806, 2936, 'Учкурган', 'ru'),
(8807, 2936, 'Учкурган', 'en'),
(8808, 2936, 'Учкурган', 'de'),
(8809, 2937, 'Фергана', 'ru'),
(8810, 2937, 'Фергана', 'en'),
(8811, 2937, 'Фергана', 'de'),
(8812, 2938, 'Хаккулабад', 'ru'),
(8813, 2938, 'Хаккулабад', 'en'),
(8814, 2938, 'Хаккулабад', 'de'),
(8815, 2939, 'Ханабад', 'ru'),
(8816, 2939, 'Ханабад', 'en'),
(8817, 2939, 'Ханабад', 'de'),
(8818, 2940, 'Хива', 'ru'),
(8819, 2940, 'Хива', 'en'),
(8820, 2940, 'Хива', 'de'),
(8821, 2941, 'Ходжаабад', 'ru'),
(8822, 2941, 'Ходжаабад', 'en'),
(8823, 2941, 'Ходжаабад', 'de'),
(8824, 2942, 'Ходжейли', 'ru'),
(8825, 2942, 'Ходжейли', 'en'),
(8826, 2942, 'Ходжейли', 'de'),
(8827, 2943, 'Чартак', 'ru'),
(8828, 2943, 'Чартак', 'en'),
(8829, 2943, 'Чартак', 'de'),
(8830, 2944, 'Челек', 'ru'),
(8831, 2944, 'Челек', 'en'),
(8832, 2944, 'Челек', 'de'),
(8833, 2945, 'Чимбай', 'ru'),
(8834, 2945, 'Чимбай', 'en'),
(8835, 2945, 'Чимбай', 'de'),
(8836, 2946, 'Чиназ', 'ru'),
(8837, 2946, 'Чиназ', 'en'),
(8838, 2946, 'Чиназ', 'de'),
(8839, 2947, 'Чиракчи', 'ru'),
(8840, 2947, 'Чиракчи', 'en'),
(8841, 2947, 'Чиракчи', 'de'),
(8842, 2948, 'Чирчик', 'ru'),
(8843, 2948, 'Чирчик', 'en'),
(8844, 2948, 'Чирчик', 'de'),
(8845, 2949, 'Чуст', 'ru'),
(8846, 2949, 'Чуст', 'en'),
(8847, 2949, 'Чуст', 'de'),
(8848, 2950, 'Шаргунь', 'ru'),
(8849, 2950, 'Шаргунь', 'en'),
(8850, 2950, 'Шаргунь', 'de'),
(8851, 2951, 'Шафиркан', 'ru'),
(8852, 2951, 'Шафиркан', 'en'),
(8853, 2951, 'Шафиркан', 'de'),
(8854, 2952, 'Шахрисабз', 'ru'),
(8855, 2952, 'Шахрисабз', 'en'),
(8856, 2952, 'Шахрисабз', 'de'),
(8857, 2953, 'Шахрихан', 'ru'),
(8858, 2953, 'Шахрихан', 'en'),
(8859, 2953, 'Шахрихан', 'de'),
(8860, 2954, 'Шерабад', 'ru'),
(8861, 2954, 'Шерабад', 'en'),
(8862, 2954, 'Шерабад', 'de'),
(8863, 2955, 'Ширин', 'ru'),
(8864, 2955, 'Ширин', 'en'),
(8865, 2955, 'Ширин', 'de'),
(8866, 2956, 'Шуманай', 'ru'),
(8867, 2956, 'Шуманай', 'en'),
(8868, 2956, 'Шуманай', 'de'),
(8869, 2957, 'Шурчи', 'ru'),
(8870, 2957, 'Шурчи', 'en'),
(8871, 2957, 'Шурчи', 'de'),
(8872, 2958, 'Яйпан', 'ru'),
(8873, 2958, 'Яйпан', 'en'),
(8874, 2958, 'Яйпан', 'de'),
(8875, 2959, 'Яккабаг', 'ru'),
(8876, 2959, 'Яккабаг', 'en'),
(8877, 2959, 'Яккабаг', 'de'),
(8878, 2960, 'Янгиер', 'ru'),
(8879, 2960, 'Янгиер', 'en'),
(8880, 2960, 'Янгиер', 'de'),
(8881, 2961, 'Янги-Нишан', 'ru'),
(8882, 2961, 'Янги-Нишан', 'en'),
(8883, 2961, 'Янги-Нишан', 'de'),
(8884, 2962, 'Янгирабад', 'ru'),
(8885, 2962, 'Янгирабад', 'en'),
(8886, 2962, 'Янгирабад', 'de'),
(8887, 2963, 'Янгиюль', 'ru'),
(8888, 2963, 'Янгиюль', 'en'),
(8889, 2963, 'Янгиюль', 'de'),
(8890, 2964, 'Москва', 'ru'),
(8891, 2964, 'Москва', 'en'),
(8892, 2964, 'Москва', 'de'),
(8893, 2965, 'Санкт-Петербург', 'ru'),
(8894, 2965, 'Санкт-Петербург', 'en'),
(8895, 2965, 'Санкт-Петербург', 'de'),
(8896, 2966, 'Киев', 'ru'),
(8897, 2966, 'Киев', 'en'),
(8898, 2966, 'Киев', 'de'),
(8899, 2967, 'Минск', 'ru'),
(8900, 2967, 'Минск', 'en'),
(8901, 2967, 'Минск', 'de'),
(8902, 2968, 'Брест', 'ru'),
(8903, 2968, 'Брест', 'en'),
(8904, 2968, 'Брест', 'de'),
(8905, 2969, 'Витебск', 'ru'),
(8906, 2969, 'Витебск', 'en'),
(8907, 2969, 'Витебск', 'de'),
(8908, 2970, 'Гомель', 'ru'),
(8909, 2970, 'Гомель', 'en'),
(8910, 2970, 'Гомель', 'de'),
(8911, 2971, 'Могилев', 'ru'),
(8912, 2971, 'Могилев', 'en'),
(8913, 2971, 'Могилев', 'de'),
(8914, 2972, 'Гродно', 'ru'),
(8915, 2972, 'Гродно', 'en'),
(8916, 2972, 'Гродно', 'de');

-- --------------------------------------------------------

--
-- Table structure for table `odj_company`
--

CREATE TABLE IF NOT EXISTS `odj_company` (
  `id` int(11) NOT NULL AUTO_INCREMENT,
  `city_id` int(11) DEFAULT NULL,
  `image_id` int(11) DEFAULT NULL,
  `name` varchar(100) COLLATE utf8_unicode_ci DEFAULT NULL,
  `site` varchar(150) COLLATE utf8_unicode_ci DEFAULT NULL,
  `phone` varchar(100) COLLATE utf8_unicode_ci DEFAULT NULL,
  `description` longtext COLLATE utf8_unicode_ci,
  PRIMARY KEY (`id`),
  UNIQUE KEY `UNIQ_E73F4B793DA5256D` (`image_id`),
  KEY `IDX_E73F4B798BAC62AF` (`city_id`)
) ENGINE=InnoDB  DEFAULT CHARSET=utf8 COLLATE=utf8_unicode_ci AUTO_INCREMENT=6 ;

--
-- Dumping data for table `odj_company`
--

INSERT INTO `odj_company` (`id`, `city_id`, `image_id`, `name`, `site`, `phone`, `description`) VALUES
(2, 2964, 12, 'Dell Ink', 'http://www.dell.com/', '+74951234567', 'Dell — американская корпорация, одна из крупнейших компаний в области производства компьютеров. Входит в список Fortune 1000 по итогам 2005 года. Штаб-квартира находится в Раунд-Роке в штате Техас в США.'),
(3, 2964, 4, 'Lenovo Group Limited', 'http://www.lenovo.com/', '1-800-854-3680', 'Lenovo Group Limited — китайская компьютерная компания. Зарегистрирована в Сингапуре. Штаб-квартира компании Lenovo расположена в Перчейзе, а основные операционные офисы — в Пекине и Рейли.'),
(4, 2964, 5, 'Sharp Corporation', 'http://www.sharp.com/', '1-800-854-3680', 'Sharp Corporation — японская корпорация, производитель электроники.'),
(5, 2964, 6, 'Microsoft Corporation', 'https://www.microsoft.com', '01932 455 000', 'Microsoft Corporation — одна из крупнейших транснациональных компаний по производству проприетарного программного обеспечения для различного рода вычислительной техники — персональных компьютеров, игровых приставок, КПК, мобильных телефонов и прочего, разработчик наиболее широко распространённой на данный момент в мире программной платформы[4] — семейства операционных систем Windows.');

-- --------------------------------------------------------

--
-- Table structure for table `odj_country`
--

CREATE TABLE IF NOT EXISTS `odj_country` (
  `id` int(11) NOT NULL AUTO_INCREMENT,
  PRIMARY KEY (`id`)
) ENGINE=InnoDB  DEFAULT CHARSET=utf8 COLLATE=utf8_unicode_ci AUTO_INCREMENT=238 ;

--
-- Dumping data for table `odj_country`
--

INSERT INTO `odj_country` (`id`) VALUES
(1),
(2),
(4),
(5),
(6),
(7),
(8),
(9),
(10),
(11),
(12),
(13),
(14),
(15),
(16),
(17),
(18),
(20),
(21),
(22),
(23),
(24),
(25),
(26),
(27),
(28),
(29),
(30),
(31),
(32),
(33),
(34),
(35),
(36),
(37),
(38),
(39),
(40),
(41),
(42),
(43),
(44),
(45),
(46),
(47),
(48),
(49),
(50),
(51),
(52),
(53),
(54),
(55),
(56),
(58),
(59),
(60),
(61),
(62),
(63),
(64),
(65),
(66),
(67),
(68),
(69),
(70),
(71),
(72),
(73),
(74),
(75),
(76),
(77),
(78),
(80),
(81),
(82),
(83),
(84),
(85),
(86),
(87),
(88),
(89),
(90),
(91),
(92),
(93),
(94),
(95),
(97),
(98),
(99),
(100),
(101),
(102),
(103),
(104),
(105),
(106),
(107),
(108),
(109),
(110),
(111),
(112),
(113),
(114),
(115),
(116),
(117),
(118),
(119),
(120),
(121),
(122),
(123),
(124),
(125),
(126),
(127),
(128),
(129),
(130),
(131),
(132),
(133),
(134),
(135),
(136),
(137),
(138),
(139),
(140),
(141),
(142),
(143),
(144),
(145),
(146),
(147),
(148),
(149),
(150),
(151),
(152),
(153),
(154),
(155),
(156),
(157),
(159),
(160),
(161),
(162),
(163),
(164),
(165),
(166),
(167),
(168),
(169),
(170),
(171),
(172),
(173),
(174),
(175),
(176),
(177),
(178),
(179),
(180),
(181),
(182),
(183),
(184),
(185),
(186),
(187),
(188),
(189),
(190),
(191),
(192),
(193),
(194),
(195),
(196),
(197),
(198),
(201),
(202),
(203),
(204),
(205),
(206),
(207),
(208),
(209),
(210),
(211),
(212),
(213),
(214),
(215),
(216),
(217),
(218),
(219),
(220),
(221),
(222),
(223),
(224),
(225),
(226),
(227),
(228),
(229),
(230),
(231),
(232),
(233),
(234),
(235),
(236),
(237);

-- --------------------------------------------------------

--
-- Table structure for table `odj_country_translation`
--

CREATE TABLE IF NOT EXISTS `odj_country_translation` (
  `id` int(11) NOT NULL AUTO_INCREMENT,
  `translatable_id` int(11) DEFAULT NULL,
  `title` varchar(120) COLLATE utf8_unicode_ci NOT NULL,
  `locale` varchar(255) COLLATE utf8_unicode_ci NOT NULL,
  PRIMARY KEY (`id`),
  UNIQUE KEY `odj_country_translation_unique_translation` (`translatable_id`,`locale`),
  KEY `IDX_6DB7759B2C2AC5D3` (`translatable_id`)
) ENGINE=InnoDB  DEFAULT CHARSET=utf8 COLLATE=utf8_unicode_ci AUTO_INCREMENT=712 ;

--
-- Dumping data for table `odj_country_translation`
--

INSERT INTO `odj_country_translation` (`id`, `translatable_id`, `title`, `locale`) VALUES
(1, 1, 'Австралия', 'ru'),
(2, 1, 'Australia', 'en'),
(3, 1, 'Australien', 'de'),
(4, 2, 'Австрия', 'ru'),
(5, 2, 'Austria', 'en'),
(6, 2, 'Österreich', 'de'),
(10, 4, 'Албания', 'ru'),
(11, 4, 'Albania', 'en'),
(12, 4, 'Albanien', 'de'),
(13, 5, 'Алжир', 'ru'),
(14, 5, 'Algeria', 'en'),
(15, 5, 'Algerien', 'de'),
(16, 6, 'Американское Самоа', 'ru'),
(17, 6, 'American Samoa', 'en'),
(18, 6, 'Amerikanisch Samoa', 'de'),
(19, 7, 'Ангилья', 'ru'),
(20, 7, 'Anguilla', 'en'),
(21, 7, 'Anguilla', 'de'),
(22, 8, 'Ангола', 'ru'),
(23, 8, 'Angola', 'en'),
(24, 8, 'Angola', 'de'),
(25, 9, 'Андорра', 'ru'),
(26, 9, 'Andorra', 'en'),
(27, 9, 'Andorra', 'de'),
(28, 10, 'Антигуа и Барбуда', 'ru'),
(29, 10, 'Antigua and Barbuda', 'en'),
(30, 10, 'Antigua und Barbuda', 'de'),
(31, 11, 'Аргентина', 'ru'),
(32, 11, 'Argentina', 'en'),
(33, 11, 'Argentinien', 'de'),
(34, 12, 'Армения', 'ru'),
(35, 12, 'Armenia', 'en'),
(36, 12, 'Armenien', 'de'),
(37, 13, 'Аруба', 'ru'),
(38, 13, 'Aruba', 'en'),
(39, 13, 'Aruba', 'de'),
(40, 14, 'Афганистан', 'ru'),
(41, 14, 'Afghanistan', 'en'),
(42, 14, 'Afghanistan', 'de'),
(43, 15, 'Багамы', 'ru'),
(44, 15, 'Bahamas', 'en'),
(45, 15, 'Bahamas', 'de'),
(46, 16, 'Бангладеш', 'ru'),
(47, 16, 'Bangladesh', 'en'),
(48, 16, 'Bangladesch', 'de'),
(49, 17, 'Барбадос', 'ru'),
(50, 17, 'Barbados', 'en'),
(51, 17, 'Barbados', 'de'),
(52, 18, 'Бахрейн', 'ru'),
(53, 18, 'Bahrain', 'en'),
(54, 18, 'Bahrain', 'de'),
(58, 20, 'Белиз', 'ru'),
(59, 20, 'Belize', 'en'),
(60, 20, 'Belize', 'de'),
(61, 21, 'Бельгия', 'ru'),
(62, 21, 'Belgium', 'en'),
(63, 21, 'Belgien', 'de'),
(64, 22, 'Бенин', 'ru'),
(65, 22, 'Benin', 'en'),
(66, 22, 'Benin', 'de'),
(67, 23, 'Бермуды', 'ru'),
(68, 23, 'Bermuda', 'en'),
(69, 23, 'Bermudas', 'de'),
(70, 24, 'Болгария', 'ru'),
(71, 24, 'Bulgaria', 'en'),
(72, 24, 'Bulgarien', 'de'),
(73, 25, 'Боливия', 'ru'),
(74, 25, 'Bolivia', 'en'),
(75, 25, 'Bolivien', 'de'),
(76, 26, 'Босния и Герцеговина', 'ru'),
(77, 26, 'Bosnia and Herzegovina', 'en'),
(78, 26, 'Bosnien-Herzegowina', 'de'),
(79, 27, 'Ботсвана', 'ru'),
(80, 27, 'Botswana', 'en'),
(81, 27, 'Botswana', 'de'),
(82, 28, 'Бразилия', 'ru'),
(83, 28, 'Brazil', 'en'),
(84, 28, 'Brasilien', 'de'),
(85, 29, 'Бруней-Даруссалам', 'ru'),
(86, 29, 'Brunei Darussalam', 'en'),
(87, 29, 'Brunei Darussalam', 'de'),
(88, 30, 'Буркина-Фасо', 'ru'),
(89, 30, 'Burkina Faso', 'en'),
(90, 30, 'Burkina Faso', 'de'),
(91, 31, 'Бурунди', 'ru'),
(92, 31, 'Burundi', 'en'),
(93, 31, 'Burundi', 'de'),
(94, 32, 'Бутан', 'ru'),
(95, 32, 'Bhutan', 'en'),
(96, 32, 'Bhutan', 'de'),
(97, 33, 'Вануату', 'ru'),
(98, 33, 'Vanuatu', 'en'),
(99, 33, 'Vanuatu', 'de'),
(100, 34, 'Великобритания', 'ru'),
(101, 34, 'United Kingdom', 'en'),
(102, 34, 'Großbritannien', 'de'),
(103, 35, 'Венгрия', 'ru'),
(104, 35, 'Hungary', 'en'),
(105, 35, 'Ungarn', 'de'),
(106, 36, 'Венесуэла', 'ru'),
(107, 36, 'Venezuela', 'en'),
(108, 36, 'Venezuela', 'de'),
(109, 37, 'Виргинские острова, Британские', 'ru'),
(110, 37, 'British Virgin Islands', 'en'),
(111, 37, 'Britische Jungferninseln', 'de'),
(112, 38, 'Виргинские острова, США', 'ru'),
(113, 38, 'US Virgin Islands', 'en'),
(114, 38, 'US Jungferninseln', 'de'),
(115, 39, 'Восточный Тимор', 'ru'),
(116, 39, 'East Timor', 'en'),
(117, 39, 'Ost Timor', 'de'),
(118, 40, 'Вьетнам', 'ru'),
(119, 40, 'Vietnam', 'en'),
(120, 40, 'Vietnam', 'de'),
(121, 41, 'Габон', 'ru'),
(122, 41, 'Gabon', 'en'),
(123, 41, 'Gabon', 'de'),
(124, 42, 'Гаити', 'ru'),
(125, 42, 'Haiti', 'en'),
(126, 42, 'Haiti', 'de'),
(127, 43, 'Гайана', 'ru'),
(128, 43, 'Guyana', 'en'),
(129, 43, 'Guyana', 'de'),
(130, 44, 'Гамбия', 'ru'),
(131, 44, 'Gambia', 'en'),
(132, 44, 'Gambia', 'de'),
(133, 45, 'Гана', 'ru'),
(134, 45, 'Ghana', 'en'),
(135, 45, 'Ghana', 'de'),
(136, 46, 'Гваделупа', 'ru'),
(137, 46, 'Guadeloupe', 'en'),
(138, 46, 'Guadeloupe', 'de'),
(139, 47, 'Гватемала', 'ru'),
(140, 47, 'Guatemala', 'en'),
(141, 47, 'Guatemala', 'de'),
(142, 48, 'Гвинея', 'ru'),
(143, 48, 'Guinea', 'en'),
(144, 48, 'Guinea', 'de'),
(145, 49, 'Гвинея-Бисау', 'ru'),
(146, 49, 'Guinea-Bissau', 'en'),
(147, 49, 'Guinea-Bissau', 'de'),
(148, 50, 'Германия', 'ru'),
(149, 50, 'Germany', 'en'),
(150, 50, 'Deutschland', 'de'),
(151, 51, 'Гибралтар', 'ru'),
(152, 51, 'Gibraltar', 'en'),
(153, 51, 'Gibraltar', 'de'),
(154, 52, 'Гондурас', 'ru'),
(155, 52, 'Honduras', 'en'),
(156, 52, 'Honduras', 'de'),
(157, 53, 'Гонконг', 'ru'),
(158, 53, 'Hong Kong', 'en'),
(159, 53, 'Hong Kong', 'de'),
(160, 54, 'Гренада', 'ru'),
(161, 54, 'Grenada', 'en'),
(162, 54, 'Grenada', 'de'),
(163, 55, 'Гренландия', 'ru'),
(164, 55, 'Greenland', 'en'),
(165, 55, 'Grönland', 'de'),
(166, 56, 'Греция', 'ru'),
(167, 56, 'Greece', 'en'),
(168, 56, 'Griechenland', 'de'),
(172, 58, 'Гуам', 'ru'),
(173, 58, 'Guam', 'en'),
(174, 58, 'Guam', 'de'),
(175, 59, 'Дания', 'ru'),
(176, 59, 'Denmark', 'en'),
(177, 59, 'Dänemark', 'de'),
(178, 60, 'Джибути', 'ru'),
(179, 60, 'Djibouti', 'en'),
(180, 60, 'Djibouti', 'de'),
(181, 61, 'Доминика', 'ru'),
(182, 61, 'Dominica', 'en'),
(183, 61, 'Dominica', 'de'),
(184, 62, 'Доминиканская Республика', 'ru'),
(185, 62, 'Dominican Republic', 'en'),
(186, 62, 'Dominikanische Republik', 'de'),
(187, 63, 'Египет', 'ru'),
(188, 63, 'Egypt', 'en'),
(189, 63, 'Ägypten', 'de'),
(190, 64, 'Замбия', 'ru'),
(191, 64, 'Zambia', 'en'),
(192, 64, 'Sambia', 'de'),
(193, 65, 'Западная Сахара', 'ru'),
(194, 65, 'Western Sahara', 'en'),
(195, 65, 'Westsahara', 'de'),
(196, 66, 'Зимбабве', 'ru'),
(197, 66, 'Zimbabwe', 'en'),
(198, 66, 'Simbabwe', 'de'),
(199, 67, 'Израиль', 'ru'),
(200, 67, 'Israel', 'en'),
(201, 67, 'Israel', 'de'),
(202, 68, 'Индия', 'ru'),
(203, 68, 'India', 'en'),
(204, 68, 'Indien', 'de'),
(205, 69, 'Индонезия', 'ru'),
(206, 69, 'Indonesia', 'en'),
(207, 69, 'Indonesien', 'de'),
(208, 70, 'Иордания', 'ru'),
(209, 70, 'Jordan', 'en'),
(210, 70, 'Jordanien', 'de'),
(211, 71, 'Ирак', 'ru'),
(212, 71, 'Iraq', 'en'),
(213, 71, 'Irak', 'de'),
(214, 72, 'Иран', 'ru'),
(215, 72, 'Iran', 'en'),
(216, 72, 'Iran', 'de'),
(217, 73, 'Ирландия', 'ru'),
(218, 73, 'Ireland', 'en'),
(219, 73, 'Irland', 'de'),
(220, 74, 'Исландия', 'ru'),
(221, 74, 'Iceland', 'en'),
(222, 74, 'Island', 'de'),
(223, 75, 'Испания', 'ru'),
(224, 75, 'Spain', 'en'),
(225, 75, 'Spanien', 'de'),
(226, 76, 'Италия', 'ru'),
(227, 76, 'Italy', 'en'),
(228, 76, 'Italien', 'de'),
(229, 77, 'Йемен', 'ru'),
(230, 77, 'Yemen', 'en'),
(231, 77, 'Jemen', 'de'),
(232, 78, 'Кабо-Верде', 'ru'),
(233, 78, 'Cape Verde', 'en'),
(234, 78, 'Kap Verde', 'de'),
(238, 80, 'Камбоджа', 'ru'),
(239, 80, 'Cambodia', 'en'),
(240, 80, 'Kambodscha', 'de'),
(241, 81, 'Камерун', 'ru'),
(242, 81, 'Cameroon', 'en'),
(243, 81, 'Kamerun', 'de'),
(244, 82, 'Канада', 'ru'),
(245, 82, 'Canada', 'en'),
(246, 82, 'Kanada', 'de'),
(247, 83, 'Катар', 'ru'),
(248, 83, 'Qatar', 'en'),
(249, 83, 'Katar', 'de'),
(250, 84, 'Кения', 'ru'),
(251, 84, 'Kenya', 'en'),
(252, 84, 'Kenia', 'de'),
(253, 85, 'Кипр', 'ru'),
(254, 85, 'Cyprus', 'en'),
(255, 85, 'Zypern', 'de'),
(256, 86, 'Кирибати', 'ru'),
(257, 86, 'Kiribati', 'en'),
(258, 86, 'Kiribati', 'de'),
(259, 87, 'Китай', 'ru'),
(260, 87, 'China', 'en'),
(261, 87, 'China', 'de'),
(262, 88, 'Колумбия', 'ru'),
(263, 88, 'Colombia', 'en'),
(264, 88, 'Kolumbien', 'de'),
(265, 89, 'Коморы', 'ru'),
(266, 89, 'Comoros', 'en'),
(267, 89, 'Komoren', 'de'),
(268, 90, 'Конго', 'ru'),
(269, 90, 'Congo', 'en'),
(270, 90, 'Kongo', 'de'),
(271, 91, 'Конго, демократическая республика', 'ru'),
(272, 91, 'Congo, Democratic Republic', 'en'),
(273, 91, 'Kongo, Demokratische Republik', 'de'),
(274, 92, 'Коста-Рика', 'ru'),
(275, 92, 'Costa Rica', 'en'),
(276, 92, 'Costa Rica', 'de'),
(277, 93, 'Кот д`Ивуар', 'ru'),
(278, 93, 'Côte d`Ivoire', 'en'),
(279, 93, 'Elfenbeinküste', 'de'),
(280, 94, 'Куба', 'ru'),
(281, 94, 'Cuba', 'en'),
(282, 94, 'Kuba', 'de'),
(283, 95, 'Кувейт', 'ru'),
(284, 95, 'Kuwait', 'en'),
(285, 95, 'Kuwait', 'de'),
(289, 97, 'Кюрасао', 'ru'),
(290, 97, 'Curaçao', 'en'),
(291, 97, 'Niederländische Antillen', 'de'),
(292, 98, 'Лаос', 'ru'),
(293, 98, 'Laos', 'en'),
(294, 98, 'Laos', 'de'),
(295, 99, 'Латвия', 'ru'),
(296, 99, 'Latvia', 'en'),
(297, 99, 'Lettland', 'de'),
(298, 100, 'Лесото', 'ru'),
(299, 100, 'Lesotho', 'en'),
(300, 100, 'Lesotho', 'de'),
(301, 101, 'Либерия', 'ru'),
(302, 101, 'Liberia', 'en'),
(303, 101, 'Liberia', 'de'),
(304, 102, 'Ливан', 'ru'),
(305, 102, 'Lebanon', 'en'),
(306, 102, 'Libanon', 'de'),
(307, 103, 'Ливия', 'ru'),
(308, 103, 'Libya', 'en'),
(309, 103, 'Libyen', 'de'),
(310, 104, 'Литва', 'ru'),
(311, 104, 'Lithuania', 'en'),
(312, 104, 'Litauen', 'de'),
(313, 105, 'Лихтенштейн', 'ru'),
(314, 105, 'Liechtenstein', 'en'),
(315, 105, 'Liechtenstein', 'de'),
(316, 106, 'Люксембург', 'ru'),
(317, 106, 'Luxembourg', 'en'),
(318, 106, 'Luxemburg', 'de'),
(319, 107, 'Маврикий', 'ru'),
(320, 107, 'Mauritius', 'en'),
(321, 107, 'Mauritius', 'de'),
(322, 108, 'Мавритания', 'ru'),
(323, 108, 'Mauritania', 'en'),
(324, 108, 'Mauretanien', 'de'),
(325, 109, 'Мадагаскар', 'ru'),
(326, 109, 'Madagascar', 'en'),
(327, 109, 'Madagaskar', 'de'),
(328, 110, 'Макао', 'ru'),
(329, 110, 'Macau', 'en'),
(330, 110, 'Macao', 'de'),
(331, 111, 'Македония', 'ru'),
(332, 111, 'Macedonia', 'en'),
(333, 111, 'Mazedonien', 'de'),
(334, 112, 'Малави', 'ru'),
(335, 112, 'Malawi', 'en'),
(336, 112, 'Malawi', 'de'),
(337, 113, 'Малайзия', 'ru'),
(338, 113, 'Malaysia', 'en'),
(339, 113, 'Malaysia', 'de'),
(340, 114, 'Мали', 'ru'),
(341, 114, 'Mali', 'en'),
(342, 114, 'Mali', 'de'),
(343, 115, 'Мальдивы', 'ru'),
(344, 115, 'Maldives', 'en'),
(345, 115, 'Malediven', 'de'),
(346, 116, 'Мальта', 'ru'),
(347, 116, 'Malta', 'en'),
(348, 116, 'Malta', 'de'),
(349, 117, 'Марокко', 'ru'),
(350, 117, 'Morocco', 'en'),
(351, 117, 'Marokko', 'de'),
(352, 118, 'Мартиника', 'ru'),
(353, 118, 'Martinique', 'en'),
(354, 118, 'Martinique', 'de'),
(355, 119, 'Маршалловы Острова', 'ru'),
(356, 119, 'Marshall Islands', 'en'),
(357, 119, 'Marshallinseln', 'de'),
(358, 120, 'Мексика', 'ru'),
(359, 120, 'Mexico', 'en'),
(360, 120, 'Mexiko', 'de'),
(361, 121, 'Микронезия, федеративные штаты', 'ru'),
(362, 121, 'Micronesia', 'en'),
(363, 121, 'Mikronesien', 'de'),
(364, 122, 'Мозамбик', 'ru'),
(365, 122, 'Mozambique', 'en'),
(366, 122, 'Mosambik', 'de'),
(367, 123, 'Молдова', 'ru'),
(368, 123, 'Moldova', 'en'),
(369, 123, 'Moldavien', 'de'),
(370, 124, 'Монако', 'ru'),
(371, 124, 'Monaco', 'en'),
(372, 124, 'Monaco', 'de'),
(373, 125, 'Монголия', 'ru'),
(374, 125, 'Mongolia', 'en'),
(375, 125, 'Mongolei', 'de'),
(376, 126, 'Монтсеррат', 'ru'),
(377, 126, 'Montserrat', 'en'),
(378, 126, 'Montserrat', 'de'),
(379, 127, 'Мьянма', 'ru'),
(380, 127, 'Myanmar', 'en'),
(381, 127, 'Myanmar', 'de'),
(382, 128, 'Намибия', 'ru'),
(383, 128, 'Namibia', 'en'),
(384, 128, 'Namibia', 'de'),
(385, 129, 'Науру', 'ru'),
(386, 129, 'Nauru', 'en'),
(387, 129, 'Nauru', 'de'),
(388, 130, 'Непал', 'ru'),
(389, 130, 'Nepal', 'en'),
(390, 130, 'Nepal', 'de'),
(391, 131, 'Нигер', 'ru'),
(392, 131, 'Niger', 'en'),
(393, 131, 'Niger', 'de'),
(394, 132, 'Нигерия', 'ru'),
(395, 132, 'Nigeria', 'en'),
(396, 132, 'Nigeria', 'de'),
(397, 133, 'Нидерланды', 'ru'),
(398, 133, 'Netherlands', 'en'),
(399, 133, 'Niederlande', 'de'),
(400, 134, 'Никарагуа', 'ru'),
(401, 134, 'Nicaragua', 'en'),
(402, 134, 'Nicaragua', 'de'),
(403, 135, 'Ниуэ', 'ru'),
(404, 135, 'Niue', 'en'),
(405, 135, 'Niue', 'de'),
(406, 136, 'Новая Зеландия', 'ru'),
(407, 136, 'New Zealand', 'en'),
(408, 136, 'Neuseeland', 'de'),
(409, 137, 'Новая Каледония', 'ru'),
(410, 137, 'New Caledonia', 'en'),
(411, 137, 'Neukaledonien', 'de'),
(412, 138, 'Норвегия', 'ru'),
(413, 138, 'Norway', 'en'),
(414, 138, 'Norwegen', 'de'),
(415, 139, 'Объединенные Арабские Эмираты', 'ru'),
(416, 139, 'United Arab Emirates', 'en'),
(417, 139, 'Vereinigte Arabische Emirate', 'de'),
(418, 140, 'Оман', 'ru'),
(419, 140, 'Oman', 'en'),
(420, 140, 'Oman', 'de'),
(421, 141, 'Остров Мэн', 'ru'),
(422, 141, 'Isle of Man', 'en'),
(423, 141, 'Insel Man', 'de'),
(424, 142, 'Остров Норфолк', 'ru'),
(425, 142, 'Norfolk Island', 'en'),
(426, 142, 'Norfolkinsel', 'de'),
(427, 143, 'Острова Кайман', 'ru'),
(428, 143, 'Cayman Islands', 'en'),
(429, 143, 'Kaimaninseln', 'de'),
(430, 144, 'Острова Кука', 'ru'),
(431, 144, 'Cook Islands', 'en'),
(432, 144, 'Cook-Inseln', 'de'),
(433, 145, 'Острова Теркс и Кайкос', 'ru'),
(434, 145, 'Turks and Caicos Islands', 'en'),
(435, 145, 'Turks- und Caicos Inseln', 'de'),
(436, 146, 'Пакистан', 'ru'),
(437, 146, 'Pakistan', 'en'),
(438, 146, 'Pakistan', 'de'),
(439, 147, 'Палау', 'ru'),
(440, 147, 'Palau', 'en'),
(441, 147, 'Palau', 'de'),
(442, 148, 'Палестинская автономия', 'ru'),
(443, 148, 'Palestine', 'en'),
(444, 148, 'Palestina', 'de'),
(445, 149, 'Панама', 'ru'),
(446, 149, 'Panama', 'en'),
(447, 149, 'Panama', 'de'),
(448, 150, 'Папуа - Новая Гвинея', 'ru'),
(449, 150, 'Papua New Guinea', 'en'),
(450, 150, 'Papua-Neuguinea', 'de'),
(451, 151, 'Парагвай', 'ru'),
(452, 151, 'Paraguay', 'en'),
(453, 151, 'Paraguay', 'de'),
(454, 152, 'Перу', 'ru'),
(455, 152, 'Peru', 'en'),
(456, 152, 'Peru', 'de'),
(457, 153, 'Питкерн', 'ru'),
(458, 153, 'Pitcairn Islands', 'en'),
(459, 153, 'Pitcairn-Inseln', 'de'),
(460, 154, 'Польша', 'ru'),
(461, 154, 'Poland', 'en'),
(462, 154, 'Polen', 'de'),
(463, 155, 'Португалия', 'ru'),
(464, 155, 'Portugal', 'en'),
(465, 155, 'Portugal', 'de'),
(466, 156, 'Пуэрто-Рико', 'ru'),
(467, 156, 'Puerto Rico', 'en'),
(468, 156, 'Puerto Rico', 'de'),
(469, 157, 'Реюньон', 'ru'),
(470, 157, 'Réunion', 'en'),
(471, 157, 'Réunion', 'de'),
(475, 159, 'Руанда', 'ru'),
(476, 159, 'Rwanda', 'en'),
(477, 159, 'Ruanda', 'de'),
(478, 160, 'Румыния', 'ru'),
(479, 160, 'Romania', 'en'),
(480, 160, 'Rumänien', 'de'),
(481, 161, 'США', 'ru'),
(482, 161, 'USA', 'en'),
(483, 161, 'USA', 'de'),
(484, 162, 'Сальвадор', 'ru'),
(485, 162, 'El Salvador', 'en'),
(486, 162, 'El Salvador', 'de'),
(487, 163, 'Самоа', 'ru'),
(488, 163, 'Samoa', 'en'),
(489, 163, 'Samoa', 'de'),
(490, 164, 'Сан-Марино', 'ru'),
(491, 164, 'San Marino', 'en'),
(492, 164, 'San Marino', 'de'),
(493, 165, 'Сан-Томе и Принсипи', 'ru'),
(494, 165, 'São Tomé and Príncipe', 'en'),
(495, 165, 'São Tomé und Príncipe', 'de'),
(496, 166, 'Саудовская Аравия', 'ru'),
(497, 166, 'Saudi Arabia', 'en'),
(498, 166, 'Saudi Arabien', 'de'),
(499, 167, 'Святая Елена', 'ru'),
(500, 167, 'Saint Helena', 'en'),
(501, 167, 'St. Helena', 'de'),
(502, 168, 'Северная Корея', 'ru'),
(503, 168, 'North Korea', 'en'),
(504, 168, 'Nordkorea', 'de'),
(505, 169, 'Северные Марианские острова', 'ru'),
(506, 169, 'Northern Mariana Islands', 'en'),
(507, 169, 'Nördliche Marianen', 'de'),
(508, 170, 'Сейшелы', 'ru'),
(509, 170, 'Seychelles', 'en'),
(510, 170, 'Seychellen', 'de'),
(511, 171, 'Сенегал', 'ru'),
(512, 171, 'Senegal', 'en'),
(513, 171, 'Senegal', 'de'),
(514, 172, 'Сент-Винсент', 'ru'),
(515, 172, 'Saint Vincent and the Grenadines', 'en'),
(516, 172, 'St. Vincent und die Grenadinen', 'de'),
(517, 173, 'Сент-Китс и Невис', 'ru'),
(518, 173, 'Saint Kitts and Nevis', 'en'),
(519, 173, 'St. Kitts und Nevis', 'de'),
(520, 174, 'Сент-Люсия', 'ru'),
(521, 174, 'Saint Lucia', 'en'),
(522, 174, 'St. Lucia', 'de'),
(523, 175, 'Сент-Пьер и Микелон', 'ru'),
(524, 175, 'Saint Pierre and Miquelon', 'en'),
(525, 175, 'Saint-Pierre und Miquelon', 'de'),
(526, 176, 'Сербия', 'ru'),
(527, 176, 'Serbia', 'en'),
(528, 176, 'Serbien', 'de'),
(529, 177, 'Сингапур', 'ru'),
(530, 177, 'Singapore', 'en'),
(531, 177, 'Singapur', 'de'),
(532, 178, 'Сирийская Арабская Республика', 'ru'),
(533, 178, 'Syria', 'en'),
(534, 178, 'Syrien', 'de'),
(535, 179, 'Словакия', 'ru'),
(536, 179, 'Slovakia', 'en'),
(537, 179, 'Slowakei', 'de'),
(538, 180, 'Словения', 'ru'),
(539, 180, 'Slovenia', 'en'),
(540, 180, 'Slowenien', 'de'),
(541, 181, 'Соломоновы Острова', 'ru'),
(542, 181, 'Solomon Islands', 'en'),
(543, 181, 'Salomoninseln', 'de'),
(544, 182, 'Сомали', 'ru'),
(545, 182, 'Somalia', 'en'),
(546, 182, 'Somalia', 'de'),
(547, 183, 'Судан', 'ru'),
(548, 183, 'Sudan', 'en'),
(549, 183, 'Sudan', 'de'),
(550, 184, 'Суринам', 'ru'),
(551, 184, 'Suriname', 'en'),
(552, 184, 'Suriname', 'de'),
(553, 185, 'Сьерра-Леоне', 'ru'),
(554, 185, 'Sierra Leone', 'en'),
(555, 185, 'Sierra Leone', 'de'),
(556, 186, 'Таджикистан', 'ru'),
(557, 186, 'Tajikistan', 'en'),
(558, 186, 'Tadschikistan', 'de'),
(559, 187, 'Таиланд', 'ru'),
(560, 187, 'Thailand', 'en'),
(561, 187, 'Thailand', 'de'),
(562, 188, 'Тайвань', 'ru'),
(563, 188, 'Taiwan', 'en'),
(564, 188, 'Taiwan', 'de'),
(565, 189, 'Танзания', 'ru'),
(566, 189, 'Tanzania', 'en'),
(567, 189, 'Tansania', 'de'),
(568, 190, 'Того', 'ru'),
(569, 190, 'Togo', 'en'),
(570, 190, 'Togo', 'de'),
(571, 191, 'Токелау', 'ru'),
(572, 191, 'Tokelau', 'en'),
(573, 191, 'Tokelau', 'de'),
(574, 192, 'Тонга', 'ru'),
(575, 192, 'Tonga', 'en'),
(576, 192, 'Tonga', 'de'),
(577, 193, 'Тринидад и Тобаго', 'ru'),
(578, 193, 'Trinidad and Tobago', 'en'),
(579, 193, 'Trinidad und Tobago', 'de'),
(580, 194, 'Тувалу', 'ru'),
(581, 194, 'Tuvalu', 'en'),
(582, 194, 'Tuvalu', 'de'),
(583, 195, 'Тунис', 'ru'),
(584, 195, 'Tunisia', 'en'),
(585, 195, 'Tunesien', 'de'),
(586, 196, 'Туркменистан', 'ru'),
(587, 196, 'Turkmenistan', 'en'),
(588, 196, 'Turkmenistan', 'de'),
(589, 197, 'Турция', 'ru'),
(590, 197, 'Turkey', 'en'),
(591, 197, 'Türkei', 'de'),
(592, 198, 'Уганда', 'ru'),
(593, 198, 'Uganda', 'en'),
(594, 198, 'Uganda', 'de'),
(601, 201, 'Уоллис и Футуна', 'ru'),
(602, 201, 'Wallis and Futuna', 'en'),
(603, 201, 'Wallis und Futuna', 'de'),
(604, 202, 'Уругвай', 'ru'),
(605, 202, 'Uruguay', 'en'),
(606, 202, 'Uruguay', 'de'),
(607, 203, 'Фарерские острова', 'ru'),
(608, 203, 'Faroe Islands', 'en'),
(609, 203, 'Färöer', 'de'),
(610, 204, 'Фиджи', 'ru'),
(611, 204, 'Fiji', 'en'),
(612, 204, 'Fidschi', 'de'),
(613, 205, 'Филиппины', 'ru'),
(614, 205, 'Philippines', 'en'),
(615, 205, 'Philippinen', 'de'),
(616, 206, 'Финляндия', 'ru'),
(617, 206, 'Finland', 'en'),
(618, 206, 'Finnland', 'de'),
(619, 207, 'Фолклендские острова', 'ru'),
(620, 207, 'Falkland Islands', 'en'),
(621, 207, 'Falkland Inseln', 'de'),
(622, 208, 'Франция', 'ru'),
(623, 208, 'France', 'en'),
(624, 208, 'Frankreich', 'de'),
(625, 209, 'Французская Гвиана', 'ru'),
(626, 209, 'French Guiana', 'en'),
(627, 209, 'Französisch-Guayana', 'de'),
(628, 210, 'Французская Полинезия', 'ru'),
(629, 210, 'French Polynesia', 'en'),
(630, 210, 'Französisch Polynesien', 'de'),
(631, 211, 'Хорватия', 'ru'),
(632, 211, 'Croatia', 'en'),
(633, 211, 'Kroatien', 'de'),
(634, 212, 'Центрально-Африканская Республика', 'ru'),
(635, 212, 'Central African Republic', 'en'),
(636, 212, 'Zentralafrikanische Republik', 'de'),
(637, 213, 'Чад', 'ru'),
(638, 213, 'Chad', 'en'),
(639, 213, 'Tschad', 'de'),
(640, 214, 'Черногория', 'ru'),
(641, 214, 'Montenegro', 'en'),
(642, 214, 'Montenegro', 'de'),
(643, 215, 'Чехия', 'ru'),
(644, 215, 'Czech Republic', 'en'),
(645, 215, 'Tschechische Republik', 'de'),
(646, 216, 'Чили', 'ru'),
(647, 216, 'Chile', 'en'),
(648, 216, 'Chile', 'de'),
(649, 217, 'Швейцария', 'ru'),
(650, 217, 'Switzerland', 'en'),
(651, 217, 'Schweiz', 'de'),
(652, 218, 'Швеция', 'ru'),
(653, 218, 'Sweden', 'en'),
(654, 218, 'Schweden', 'de'),
(655, 219, 'Шпицберген и Ян Майен', 'ru'),
(656, 219, 'Svalbard and Jan Mayen', 'en'),
(657, 219, 'Svalbard und Jan Mayen', 'de'),
(658, 220, 'Шри-Ланка', 'ru'),
(659, 220, 'Sri Lanka', 'en'),
(660, 220, 'Sri Lanka', 'de'),
(661, 221, 'Эквадор', 'ru'),
(662, 221, 'Ecuador', 'en'),
(663, 221, 'Ecuador', 'de'),
(664, 222, 'Экваториальная Гвинея', 'ru'),
(665, 222, 'Equatorial Guinea', 'en'),
(666, 222, 'Äquatorialguinea', 'de'),
(667, 223, 'Эритрея', 'ru'),
(668, 223, 'Eritrea', 'en'),
(669, 223, 'Eritrea', 'de'),
(670, 224, 'Эстония', 'ru'),
(671, 224, 'Estonia', 'en'),
(672, 224, 'Estland', 'de'),
(673, 225, 'Эфиопия', 'ru'),
(674, 225, 'Ethiopia', 'en'),
(675, 225, 'Äthiopien', 'de'),
(676, 226, 'Южная Корея', 'ru'),
(677, 226, 'South Korea', 'en'),
(678, 226, 'Südkorea', 'de'),
(679, 227, 'Южно-Африканская Республика', 'ru'),
(680, 227, 'South Africa', 'en'),
(681, 227, 'Südafrika', 'de'),
(682, 228, 'Ямайка', 'ru'),
(683, 228, 'Jamaica', 'en'),
(684, 228, 'Jamaika', 'de'),
(685, 229, 'Япония', 'ru'),
(686, 229, 'Japan', 'en'),
(687, 229, 'Japan', 'de'),
(688, 230, 'Россия', 'ru'),
(689, 230, 'Россия', 'en'),
(690, 230, 'Россия', 'de'),
(691, 231, 'Украина', 'ru'),
(692, 231, 'Украина', 'en'),
(693, 231, 'Украина', 'de'),
(694, 232, 'Казахстан', 'ru'),
(695, 232, 'Казахстан', 'en'),
(696, 232, 'Казахстан', 'de'),
(697, 233, 'Азербайджан', 'ru'),
(698, 233, 'Азербайджан', 'en'),
(699, 233, 'Азербайджан', 'de'),
(700, 234, 'Беларусь', 'ru'),
(701, 234, 'Беларусь', 'en'),
(702, 234, 'Беларусь', 'de'),
(703, 235, 'Грузия', 'ru'),
(704, 235, 'Грузия', 'en'),
(705, 235, 'Грузия', 'de'),
(706, 236, 'Кыргызстан', 'ru'),
(707, 236, 'Кыргызстан', 'en'),
(708, 236, 'Кыргызстан', 'de'),
(709, 237, 'Узбекистан', 'ru'),
(710, 237, 'Узбекистан', 'en'),
(711, 237, 'Узбекистан', 'de');

-- --------------------------------------------------------

--
-- Table structure for table `odj_education`
--

CREATE TABLE IF NOT EXISTS `odj_education` (
  `id` int(11) NOT NULL AUTO_INCREMENT,
  `resume_id` int(11) DEFAULT NULL,
  `title` varchar(255) COLLATE utf8_unicode_ci NOT NULL,
  PRIMARY KEY (`id`),
  KEY `IDX_CAC4479BD262AF09` (`resume_id`)
) ENGINE=InnoDB  DEFAULT CHARSET=utf8 COLLATE=utf8_unicode_ci AUTO_INCREMENT=2 ;

--
-- Dumping data for table `odj_education`
--

INSERT INTO `odj_education` (`id`, `resume_id`, `title`) VALUES
(1, 1, 'МГУ, факультет шитья и рукоделья, магистр');

-- --------------------------------------------------------

--
-- Table structure for table `odj_experience`
--

CREATE TABLE IF NOT EXISTS `odj_experience` (
  `id` int(11) NOT NULL AUTO_INCREMENT,
  `resume_id` int(11) DEFAULT NULL,
  `title` varchar(255) COLLATE utf8_unicode_ci NOT NULL,
  PRIMARY KEY (`id`),
  KEY `IDX_A81F62ED262AF09` (`resume_id`)
) ENGINE=InnoDB DEFAULT CHARSET=utf8 COLLATE=utf8_unicode_ci AUTO_INCREMENT=1 ;

-- --------------------------------------------------------

--
-- Table structure for table `odj_favorite_company`
--

CREATE TABLE IF NOT EXISTS `odj_favorite_company` (
  `user_id` int(11) NOT NULL,
  `company_id` int(11) NOT NULL,
  PRIMARY KEY (`user_id`,`company_id`),
  KEY `IDX_5921A298A76ED395` (`user_id`),
  KEY `IDX_5921A298979B1AD6` (`company_id`)
) ENGINE=InnoDB DEFAULT CHARSET=utf8 COLLATE=utf8_unicode_ci;

--
-- Dumping data for table `odj_favorite_company`
--

INSERT INTO `odj_favorite_company` (`user_id`, `company_id`) VALUES
(2, 2),
(2, 3);

-- --------------------------------------------------------

--
-- Table structure for table `odj_favorite_resume`
--

CREATE TABLE IF NOT EXISTS `odj_favorite_resume` (
  `user_id` int(11) NOT NULL,
  `resume_id` int(11) NOT NULL,
  PRIMARY KEY (`resume_id`,`user_id`),
  KEY `IDX_92A5427FA76ED395` (`user_id`),
  KEY `IDX_92A5427FD262AF09` (`resume_id`)
) ENGINE=InnoDB DEFAULT CHARSET=utf8 COLLATE=utf8_unicode_ci;

-- --------------------------------------------------------

--
-- Table structure for table `odj_favorite_vacancy`
--

CREATE TABLE IF NOT EXISTS `odj_favorite_vacancy` (
  `user_id` int(11) NOT NULL,
  `vacancy_id` int(11) NOT NULL,
  PRIMARY KEY (`user_id`,`vacancy_id`),
  KEY `IDX_BFAAC76AA76ED395` (`user_id`),
  KEY `IDX_BFAAC76A433B78C4` (`vacancy_id`)
) ENGINE=InnoDB DEFAULT CHARSET=utf8 COLLATE=utf8_unicode_ci;

-- --------------------------------------------------------

--
-- Table structure for table `odj_feedback`
--

CREATE TABLE IF NOT EXISTS `odj_feedback` (
  `id` int(11) NOT NULL AUTO_INCREMENT,
  `first_name` varchar(100) COLLATE utf8_unicode_ci NOT NULL,
  `email` varchar(100) COLLATE utf8_unicode_ci NOT NULL,
  `message` longtext COLLATE utf8_unicode_ci NOT NULL,
  PRIMARY KEY (`id`)
) ENGINE=InnoDB DEFAULT CHARSET=utf8 COLLATE=utf8_unicode_ci AUTO_INCREMENT=1 ;

-- --------------------------------------------------------

--
-- Table structure for table `odj_image`
--

CREATE TABLE IF NOT EXISTS `odj_image` (
  `id` int(11) NOT NULL AUTO_INCREMENT,
  `file_name` varchar(255) COLLATE utf8_unicode_ci NOT NULL,
  `title` varchar(255) COLLATE utf8_unicode_ci DEFAULT NULL,
  `date` datetime NOT NULL,
  PRIMARY KEY (`id`)
) ENGINE=InnoDB  DEFAULT CHARSET=utf8 COLLATE=utf8_unicode_ci AUTO_INCREMENT=13 ;

--
-- Dumping data for table `odj_image`
--

INSERT INTO `odj_image` (`id`, `file_name`, `title`, `date`) VALUES
(4, 'e6eea820341afeb5ecaaf8409f8550fbad86712a.jpeg', NULL, '2015-06-17 10:16:12'),
(5, 'ef1926e52c322339553698052d22ce929e31c558.png', NULL, '2015-06-17 10:17:26'),
(6, 'da8cc7df82d93c69b6d7ebf11f14807dd39b3645.png', NULL, '2015-06-17 10:19:35'),
(11, 'c0cb50f6290898fc90e3382849c1b27bbdf3ebac.jpeg', NULL, '2015-07-21 10:06:34'),
(12, '507b9d4ab003e6ddddd3844825aa883defba9463.jpeg', NULL, '2015-08-15 15:24:32');

-- --------------------------------------------------------

--
-- Table structure for table `odj_language`
--

CREATE TABLE IF NOT EXISTS `odj_language` (
  `id` int(11) NOT NULL AUTO_INCREMENT,
  `title` varchar(150) COLLATE utf8_unicode_ci NOT NULL,
  PRIMARY KEY (`id`)
) ENGINE=InnoDB DEFAULT CHARSET=utf8 COLLATE=utf8_unicode_ci AUTO_INCREMENT=1 ;

-- --------------------------------------------------------

--
-- Table structure for table `odj_page`
--

CREATE TABLE IF NOT EXISTS `odj_page` (
  `id` int(11) NOT NULL AUTO_INCREMENT,
  `title` varchar(100) COLLATE utf8_unicode_ci NOT NULL,
  `content` longtext COLLATE utf8_unicode_ci NOT NULL,
  `slug` varchar(100) COLLATE utf8_unicode_ci NOT NULL,
  PRIMARY KEY (`id`)
) ENGINE=InnoDB DEFAULT CHARSET=utf8 COLLATE=utf8_unicode_ci AUTO_INCREMENT=1 ;

-- --------------------------------------------------------

--
-- Table structure for table `odj_response_vacancy`
--

CREATE TABLE IF NOT EXISTS `odj_response_vacancy` (
  `user_id` int(11) NOT NULL,
  `vacancy_id` int(11) NOT NULL,
  PRIMARY KEY (`user_id`,`vacancy_id`),
  KEY `IDX_49442F7AA76ED395` (`user_id`),
  KEY `IDX_49442F7A433B78C4` (`vacancy_id`)
) ENGINE=InnoDB DEFAULT CHARSET=utf8 COLLATE=utf8_unicode_ci;

--
-- Dumping data for table `odj_response_vacancy`
--

INSERT INTO `odj_response_vacancy` (`user_id`, `vacancy_id`) VALUES
(2, 3),
(2, 5);

-- --------------------------------------------------------

--
-- Table structure for table `odj_resume`
--

CREATE TABLE IF NOT EXISTS `odj_resume` (
  `id` int(11) NOT NULL AUTO_INCREMENT,
  `city_id` int(11) DEFAULT NULL,
  `user_id` int(11) DEFAULT NULL,
  `image_id` int(11) DEFAULT NULL,
  `branch_id` int(11) DEFAULT NULL,
  `first_name` varchar(50) COLLATE utf8_unicode_ci NOT NULL,
  `last_name` varchar(50) COLLATE utf8_unicode_ci NOT NULL,
  `middle_name` varchar(50) COLLATE utf8_unicode_ci NOT NULL,
  `birthdate` date DEFAULT NULL,
  `sex` varchar(6) COLLATE utf8_unicode_ci NOT NULL,
  `relocate` smallint(6) NOT NULL,
  `citizenship` smallint(6) NOT NULL,
  `work_permit` smallint(6) NOT NULL,
  `phone` varchar(20) COLLATE utf8_unicode_ci DEFAULT NULL,
  `alternative_phone` varchar(20) COLLATE utf8_unicode_ci DEFAULT NULL,
  `email` varchar(50) COLLATE utf8_unicode_ci DEFAULT NULL,
  `skype` varchar(50) COLLATE utf8_unicode_ci DEFAULT NULL,
  `preferred_communication` varchar(10) COLLATE utf8_unicode_ci DEFAULT NULL,
  `created` datetime NOT NULL,
  `vip` datetime DEFAULT NULL,
  `up` datetime DEFAULT NULL,
  `extra` longtext COLLATE utf8_unicode_ci,
  `term` smallint(6) DEFAULT NULL,
  `salary` int(11) DEFAULT NULL,
  `currency` varchar(3) COLLATE utf8_unicode_ci NOT NULL,
  `specialty` varchar(255) COLLATE utf8_unicode_ci NOT NULL,
  PRIMARY KEY (`id`),
  UNIQUE KEY `UNIQ_875CB30DA76ED395` (`user_id`),
  UNIQUE KEY `UNIQ_875CB30D3DA5256D` (`image_id`),
  UNIQUE KEY `UNIQ_875CB30DDCD6CC49` (`branch_id`),
  KEY `IDX_875CB30D8BAC62AF` (`city_id`)
) ENGINE=InnoDB  DEFAULT CHARSET=utf8 COLLATE=utf8_unicode_ci AUTO_INCREMENT=2 ;

--
-- Dumping data for table `odj_resume`
--

INSERT INTO `odj_resume` (`id`, `city_id`, `user_id`, `image_id`, `branch_id`, `first_name`, `last_name`, `middle_name`, `birthdate`, `sex`, `relocate`, `citizenship`, `work_permit`, `phone`, `alternative_phone`, `email`, `skype`, `preferred_communication`, `created`, `vip`, `up`, `extra`, `term`, `salary`, `currency`, `specialty`) VALUES
(1, 260, 2, 11, 1, 'Василий', 'Пупкин', 'Васильевич', '1990-01-01', 'male', 1, 1, 1, '0555555555', '0555555555', 'mail@mail.org', '0555555555', 'phone', '2015-05-25 15:12:35', NULL, NULL, 'qwerty', 12, 5000, 'rub', 'Мерчендайзер');

-- --------------------------------------------------------

--
-- Table structure for table `odj_specialization`
--

CREATE TABLE IF NOT EXISTS `odj_specialization` (
  `id` int(11) NOT NULL AUTO_INCREMENT,
  `parent_id` int(11) DEFAULT NULL,
  PRIMARY KEY (`id`),
  KEY `IDX_2EC3481D727ACA70` (`parent_id`)
) ENGINE=InnoDB  DEFAULT CHARSET=utf8 COLLATE=utf8_unicode_ci AUTO_INCREMENT=587 ;

--
-- Dumping data for table `odj_specialization`
--

INSERT INTO `odj_specialization` (`id`, `parent_id`) VALUES
(1, 1),
(2, 1),
(3, 1),
(4, 1),
(5, 1),
(6, 1),
(7, 1),
(8, 1),
(9, 1),
(10, 1),
(11, 1),
(12, 1),
(13, 1),
(14, 1),
(15, 1),
(16, 1),
(17, 1),
(18, 1),
(19, 1),
(20, 1),
(21, 1),
(22, 1),
(23, 1),
(24, 1),
(25, 1),
(26, 1),
(27, 1),
(28, 1),
(29, 1),
(30, 1),
(31, 1),
(32, 1),
(33, 1),
(34, 1),
(35, 1),
(36, 1),
(37, 2),
(38, 2),
(39, 2),
(40, 2),
(41, 2),
(42, 2),
(43, 2),
(44, 2),
(45, 2),
(46, 2),
(47, 2),
(48, 2),
(49, 2),
(50, 2),
(51, 2),
(52, 2),
(53, 2),
(54, 2),
(55, 2),
(56, 2),
(57, 2),
(58, 2),
(59, 2),
(60, 2),
(61, 2),
(62, 2),
(63, 2),
(64, 2),
(65, 3),
(66, 3),
(67, 3),
(68, 3),
(69, 3),
(70, 3),
(71, 3),
(72, 3),
(73, 3),
(74, 3),
(75, 3),
(76, 3),
(77, 3),
(78, 3),
(79, 3),
(80, 3),
(81, 3),
(82, 3),
(83, 3),
(84, 3),
(85, 3),
(86, 3),
(87, 3),
(88, 3),
(89, 3),
(90, 3),
(91, 3),
(92, 3),
(93, 3),
(94, 3),
(95, 3),
(96, 4),
(97, 4),
(98, 4),
(99, 4),
(100, 4),
(101, 4),
(102, 4),
(103, 4),
(104, 4),
(105, 4),
(106, 4),
(107, 4),
(108, 4),
(109, 4),
(110, 4),
(111, 4),
(112, 4),
(113, 4),
(114, 5),
(115, 5),
(116, 5),
(117, 5),
(118, 5),
(119, 5),
(120, 5),
(121, 5),
(122, 5),
(123, 5),
(124, 5),
(125, 5),
(126, 5),
(127, 5),
(128, 5),
(129, 5),
(130, 5),
(131, 5),
(132, 5),
(133, 5),
(134, 5),
(135, 5),
(136, 5),
(137, 5),
(138, 5),
(139, 5),
(140, 5),
(141, 5),
(142, 5),
(143, 5),
(144, 5),
(145, 5),
(146, 5),
(147, 5),
(148, 5),
(149, 5),
(150, 5),
(151, 5),
(152, 5),
(153, 5),
(154, 5),
(155, 5),
(156, 5),
(157, 5),
(158, 5),
(159, 5),
(160, 5),
(161, 5),
(162, 5),
(163, 5),
(164, 5),
(165, 5),
(166, 5),
(167, 5),
(168, 5),
(169, 6),
(170, 6),
(171, 6),
(172, 6),
(173, 6),
(174, 6),
(175, 6),
(176, 7),
(177, 7),
(178, 7),
(179, 7),
(180, 7),
(181, 7),
(182, 7),
(183, 7),
(184, 7),
(185, 7),
(186, 7),
(187, 8),
(188, 8),
(189, 8),
(190, 8),
(191, 8),
(192, 8),
(193, 8),
(194, 8),
(195, 8),
(196, 9),
(197, 9),
(198, 9),
(199, 9),
(200, 9),
(201, 9),
(202, 9),
(203, 9),
(204, 9),
(205, 9),
(206, 9),
(207, 9),
(208, 9),
(209, 9),
(210, 9),
(211, 9),
(212, 9),
(213, 9),
(214, 9),
(215, 9),
(216, 9),
(217, 9),
(218, 9),
(219, 10),
(220, 10),
(221, 10),
(222, 10),
(223, 10),
(224, 10),
(225, 10),
(226, 10),
(227, 10),
(228, 10),
(229, 11),
(230, 11),
(231, 11),
(232, 11),
(233, 11),
(234, 11),
(235, 11),
(236, 11),
(237, 11),
(238, 11),
(239, 11),
(240, 11),
(241, 11),
(242, 11),
(243, 12),
(244, 12),
(245, 12),
(246, 12),
(247, 12),
(248, 12),
(249, 12),
(250, 12),
(251, 12),
(252, 12),
(253, 12),
(254, 12),
(255, 12),
(256, 12),
(257, 12),
(258, 13),
(259, 13),
(260, 13),
(261, 13),
(262, 13),
(263, 13),
(264, 13),
(265, 13),
(266, 13),
(267, 13),
(268, 13),
(269, 13),
(270, 13),
(271, 13),
(272, 13),
(273, 13),
(274, 13),
(275, 13),
(276, 13),
(277, 13),
(278, 13),
(279, 14),
(280, 14),
(281, 14),
(282, 14),
(283, 14),
(284, 14),
(285, 14),
(286, 14),
(287, 14),
(288, 14),
(289, 14),
(290, 14),
(291, 15),
(292, 15),
(293, 15),
(294, 15),
(295, 15),
(296, 15),
(297, 15),
(298, 15),
(299, 16),
(300, 16),
(301, 16),
(302, 16),
(303, 16),
(304, 16),
(305, 16),
(306, 16),
(307, 16),
(308, 16),
(309, 16),
(310, 16),
(311, 16),
(312, 16),
(313, 16),
(314, 16),
(315, 16),
(316, 16),
(317, 16),
(318, 16),
(319, 16),
(320, 16),
(321, 16),
(322, 16),
(323, 16),
(324, 16),
(325, 16),
(326, 16),
(327, 16),
(328, 16),
(329, 16),
(330, 16),
(331, 16),
(332, 16),
(333, 16),
(334, 16),
(335, 16),
(336, 16),
(337, 16),
(338, 16),
(339, 16),
(340, 16),
(341, 16),
(342, 16),
(343, 16),
(344, 17),
(345, 17),
(346, 17),
(347, 17),
(348, 17),
(349, 17),
(350, 17),
(351, 17),
(352, 17),
(353, 17),
(354, 17),
(355, 17),
(356, 17),
(357, 17),
(358, 17),
(359, 17),
(360, 17),
(361, 17),
(362, 17),
(363, 17),
(364, 17),
(365, 17),
(366, 17),
(367, 17),
(368, 17),
(369, 17),
(370, 17),
(371, 17),
(372, 17),
(373, 17),
(374, 17),
(375, 17),
(376, 17),
(377, 17),
(378, 17),
(379, 17),
(380, 17),
(381, 17),
(382, 17),
(383, 17),
(384, 17),
(385, 17),
(386, 17),
(387, 17),
(388, 18),
(389, 18),
(390, 18),
(391, 18),
(392, 18),
(393, 18),
(394, 18),
(395, 18),
(396, 18),
(397, 18),
(398, 18),
(399, 18),
(400, 18),
(401, 18),
(402, 18),
(403, 18),
(404, 18),
(405, 19),
(406, 19),
(407, 19),
(408, 19),
(409, 19),
(410, 19),
(411, 19),
(412, 19),
(413, 19),
(414, 19),
(415, 19),
(416, 19),
(417, 19),
(418, 19),
(419, 19),
(420, 19),
(421, 19),
(422, 19),
(423, 19),
(424, 19),
(425, 19),
(426, 20),
(427, 20),
(428, 20),
(429, 20),
(430, 20),
(431, 20),
(432, 20),
(433, 20),
(434, 20),
(435, 20),
(436, 20),
(437, 20),
(438, 20),
(439, 20),
(440, 20),
(441, 20),
(442, 20),
(443, 20),
(444, 20),
(445, 21),
(446, 21),
(447, 21),
(448, 21),
(449, 21),
(450, 21),
(451, 21),
(452, 21),
(453, 21),
(454, 21),
(455, 21),
(456, 21),
(457, 21),
(458, 21),
(459, 21),
(460, 21),
(461, 21),
(462, 21),
(463, 21),
(464, 21),
(465, 21),
(466, 21),
(467, 22),
(468, 22),
(469, 22),
(470, 22),
(471, 22),
(472, 22),
(473, 22),
(474, 22),
(475, 22),
(476, 22),
(477, 22),
(478, 22),
(479, 22),
(480, 22),
(481, 22),
(482, 22),
(483, 22),
(484, 22),
(485, 22),
(486, 22),
(487, 22),
(488, 22),
(489, 22),
(490, 22),
(491, 22),
(492, 22),
(493, 22),
(494, 23),
(495, 23),
(496, 23),
(497, 23),
(498, 23),
(499, 23),
(500, 23),
(501, 24),
(502, 24),
(503, 24),
(504, 24),
(505, 24),
(506, 24),
(507, 25),
(508, 25),
(509, 25),
(510, 25),
(511, 25),
(512, 25),
(513, 25),
(514, 25),
(515, 25),
(516, 25),
(517, 25),
(518, 25),
(519, 25),
(520, 25),
(521, 25),
(522, 25),
(523, 25),
(524, 25),
(525, 26),
(526, 26),
(527, 26),
(528, 26),
(529, 26),
(530, 26),
(531, 26),
(532, 26),
(533, 26),
(534, 26),
(535, 26),
(536, 26),
(537, 26),
(538, 26),
(539, 26),
(540, 26),
(541, 26),
(542, 26),
(543, 27),
(544, 27),
(545, 27),
(546, 27),
(547, 27),
(548, 27),
(549, 27),
(550, 27),
(551, 28),
(552, 28),
(553, 28),
(554, 28),
(555, 28),
(556, 28),
(557, 28),
(558, 28),
(559, 28),
(560, 28),
(561, 28),
(562, 28),
(563, 28),
(564, 28),
(565, 28),
(566, 28),
(567, 28),
(568, 28),
(569, 28),
(570, 28),
(571, 28),
(572, 28),
(573, 28),
(574, 28),
(575, 28),
(576, 28),
(577, 28),
(578, 28),
(579, 28),
(580, 28),
(581, 28),
(582, 28),
(583, 28),
(584, 28),
(585, 28),
(586, 28);

-- --------------------------------------------------------

--
-- Table structure for table `odj_specialization_translation`
--

CREATE TABLE IF NOT EXISTS `odj_specialization_translation` (
  `id` int(11) NOT NULL AUTO_INCREMENT,
  `translatable_id` int(11) DEFAULT NULL,
  `title` varchar(120) COLLATE utf8_unicode_ci NOT NULL,
  `locale` varchar(255) COLLATE utf8_unicode_ci NOT NULL,
  PRIMARY KEY (`id`),
  UNIQUE KEY `odj_specialization_translation_unique_translation` (`translatable_id`,`locale`),
  KEY `IDX_CD530FBA2C2AC5D3` (`translatable_id`)
) ENGINE=InnoDB  DEFAULT CHARSET=utf8 COLLATE=utf8_unicode_ci AUTO_INCREMENT=587 ;

--
-- Dumping data for table `odj_specialization_translation`
--

INSERT INTO `odj_specialization_translation` (`id`, `translatable_id`, `title`, `locale`) VALUES
(1, 1, 'Управление проектами', 'ru'),
(2, 2, 'Тестирование', 'ru'),
(3, 3, 'Контент', 'ru'),
(4, 4, 'Стартапы', 'ru'),
(5, 5, 'Банковское ПО', 'ru'),
(6, 6, 'Компьютерная безопасность', 'ru'),
(7, 7, 'Системы управления предприятием (ERP)', 'ru'),
(8, 8, 'CRM системы', 'ru'),
(9, 9, 'Консалтинг, Аутсорсинг', 'ru'),
(10, 10, 'Оптимизация сайта (SEO)', 'ru'),
(11, 11, 'Администратор баз данных', 'ru'),
(12, 12, 'Маркетинг', 'ru'),
(13, 13, 'Начальный уровень, Мало опыта', 'ru'),
(14, 14, 'CTO, CIO, Директор по IT', 'ru'),
(15, 15, 'Развитие бизнеса', 'ru'),
(16, 16, 'Web мастер', 'ru'),
(17, 17, 'Web инженер', 'ru'),
(18, 18, 'Игровое ПО', 'ru'),
(19, 19, 'Мультимедиа', 'ru'),
(20, 20, 'Программирование, Разработка', 'ru'),
(21, 21, 'Телекоммуникации', 'ru'),
(22, 22, 'Аналитик', 'ru'),
(23, 23, 'Технический писатель', 'ru'),
(24, 24, 'Продажи', 'ru'),
(25, 25, 'Электронная коммерция', 'ru'),
(26, 26, 'Интернет', 'ru'),
(27, 27, 'Продюсер', 'ru'),
(28, 28, 'Инженер', 'ru'),
(29, 29, 'Передача данных и доступ в интернет', 'ru'),
(30, 30, 'Сотовые, Беспроводные технологии', 'ru'),
(31, 31, 'Системы автоматизированного проектирования', 'ru'),
(32, 32, 'Системный администратор', 'ru'),
(33, 33, 'Системная интеграция', 'ru'),
(34, 34, 'Поддержка, Helpdesk', 'ru'),
(35, 35, 'Сетевые технологии', 'ru'),
(36, 36, 'Арт-директор', 'ru'),
(37, 37, 'CIPA', 'ru'),
(38, 38, 'ACCA', 'ru'),
(39, 39, 'ТМЦ', 'ru'),
(40, 40, 'Первичная документация', 'ru'),
(41, 41, 'Бухгалтер-калькулятор', 'ru'),
(42, 42, 'Оффшоры', 'ru'),
(43, 43, 'Основные средства', 'ru'),
(44, 44, 'GAAP', 'ru'),
(45, 45, 'Руководство бухгалтерией', 'ru'),
(46, 46, 'Валютный контроль', 'ru'),
(47, 47, 'Бюджетирование и планирование', 'ru'),
(48, 48, 'Бухгалтер', 'ru'),
(49, 49, 'Экономист', 'ru'),
(50, 50, 'Кредитный контроль', 'ru'),
(51, 51, 'Начальный уровень, Мало опыта', 'ru'),
(52, 52, 'Расчет себестоимости', 'ru'),
(53, 53, 'Планово-экономическое управление', 'ru'),
(54, 54, 'Ценные бумаги', 'ru'),
(55, 55, 'Налоги', 'ru'),
(56, 56, 'Финансовый анализ', 'ru'),
(57, 57, 'МСФО, IFRS', 'ru'),
(58, 58, 'Казначейство', 'ru'),
(59, 59, 'Кассир, Инкассатор', 'ru'),
(60, 60, 'Финансовый менеджмент', 'ru'),
(61, 61, 'Финансовый контроль', 'ru'),
(62, 62, 'Аудит', 'ru'),
(63, 63, 'Учет счетов и платежей', 'ru'),
(64, 64, 'Учет заработной платы', 'ru'),
(65, 65, 'Управление проектами', 'ru'),
(66, 66, 'Рекламный агент', 'ru'),
(67, 67, 'Копирайтер', 'ru'),
(68, 68, 'Верстальщик', 'ru'),
(69, 69, 'Консультант', 'ru'),
(70, 70, 'Управление маркетингом', 'ru'),
(71, 71, 'Производство рекламы', 'ru'),
(72, 72, 'Начальный уровень/Мало опыта', 'ru'),
(73, 73, 'Below The Line (BTL)', 'ru'),
(74, 74, 'Ассистент', 'ru'),
(75, 75, 'Радио реклама', 'ru'),
(76, 76, 'Дизайнер', 'ru'),
(77, 77, 'Торговый маркетинг(Trade marketing)', 'ru'),
(78, 78, 'PR, Маркетинговые коммуникации', 'ru'),
(79, 79, 'Аналитик', 'ru'),
(80, 80, 'Телевизионная реклама', 'ru'),
(81, 81, 'Интернет-маркетинг', 'ru'),
(82, 82, 'Продвижение, Специальные мероприятия', 'ru'),
(83, 83, 'Наружная реклама', 'ru'),
(84, 84, 'Печатная реклама', 'ru'),
(85, 85, 'Бренд-менеджмент', 'ru'),
(86, 86, 'Планирование, Размещение рекламы', 'ru'),
(87, 87, 'Политический PR', 'ru'),
(88, 88, 'Арт директор', 'ru'),
(89, 89, 'Мерчендайзинг', 'ru'),
(90, 90, 'Менеджмент продукта (Product manager)', 'ru'),
(91, 91, 'Промоутер', 'ru'),
(92, 92, 'Проведение опросов, Интервьюер', 'ru'),
(93, 93, 'Менеджер по работе с клиентами', 'ru'),
(94, 94, 'Исследования рынка', 'ru'),
(95, 95, 'Таинственный покупатель', 'ru'),
(96, 96, 'Ресепшен', 'ru'),
(97, 97, 'Водитель', 'ru'),
(98, 98, 'Делопроизводство', 'ru'),
(99, 99, 'Ввод данных', 'ru'),
(100, 100, 'Последовательный перевод', 'ru'),
(101, 101, 'Секретарь', 'ru'),
(102, 102, 'Уборщица', 'ru'),
(103, 103, 'Персональный ассистент', 'ru'),
(104, 104, 'АХО', 'ru'),
(105, 105, 'Сотрудник call-центра', 'ru'),
(106, 106, 'Вечерний секретарь', 'ru'),
(107, 107, 'Письменный перевод', 'ru'),
(108, 108, 'Архивист', 'ru'),
(109, 109, 'Управляющий офисом(Оffice manager)', 'ru'),
(110, 110, 'Синхронный перевод', 'ru'),
(111, 111, 'Учет товарооборота', 'ru'),
(112, 112, 'Курьер', 'ru'),
(113, 113, 'Начальный уровень, Мало опыта', 'ru'),
(114, 114, 'Обменные пункты, Банкоматы', 'ru'),
(115, 115, 'Внутренние операции (Back Office)', 'ru'),
(116, 116, 'Риски: рыночные', 'ru'),
(117, 117, 'Автокредитование', 'ru'),
(118, 118, 'Валютный контроль', 'ru'),
(119, 119, 'ОПЕРУ', 'ru'),
(120, 120, 'Начальный уровень, Мало опыта', 'ru'),
(121, 121, 'Торговое финансирование', 'ru'),
(122, 122, 'Денежный рынок (money market)', 'ru'),
(123, 123, 'Акции, Ценные бумаги', 'ru'),
(124, 124, 'Налоги', 'ru'),
(125, 125, 'Бумаги с фиксированной доходностью (fixed Income)', 'ru'),
(126, 126, 'Бухгалтер', 'ru'),
(127, 127, 'Аудит, Внутренний контроль', 'ru'),
(128, 128, 'Аналитик', 'ru'),
(129, 129, 'Корпоративное финансирование', 'ru'),
(130, 130, 'Эмиссии', 'ru'),
(131, 131, 'Розничный бизнес', 'ru'),
(132, 132, 'Факторинг', 'ru'),
(133, 133, 'Руководство бухгалтерией', 'ru'),
(134, 134, 'Ипотека, Ипотечное кредитование', 'ru'),
(135, 135, 'Риски: лизинговые', 'ru'),
(136, 136, 'Бюджетирование', 'ru'),
(137, 137, 'Кредиты: розничные', 'ru'),
(138, 138, 'Лизинг', 'ru'),
(139, 139, 'Паевые фонды', 'ru'),
(140, 140, 'Прямые инвестиции', 'ru'),
(141, 141, 'Экономист', 'ru'),
(142, 142, 'Кредиты', 'ru'),
(143, 143, 'Forex', 'ru'),
(144, 144, 'Риски: прочие', 'ru'),
(145, 145, 'Корреспондентские, Международные отношения', 'ru'),
(146, 146, 'Риски: кредитные', 'ru'),
(147, 147, 'Оценка залога, Стоимости имущества', 'ru'),
(148, 148, 'Разработка новых продуктов, Маркетинг', 'ru'),
(149, 149, 'Методология, Банковские технологии', 'ru'),
(150, 150, 'Казначейство, Управление ликвидностью', 'ru'),
(151, 151, 'Расчеты', 'ru'),
(152, 152, 'Отчетность', 'ru'),
(153, 153, 'Привлечение клиентов', 'ru'),
(154, 154, 'Продажа финансовых продуктов', 'ru'),
(155, 155, 'Проектное финансирование', 'ru'),
(156, 156, 'Инвестиционная компания', 'ru'),
(157, 157, 'Private Banking', 'ru'),
(158, 158, 'Филиалы', 'ru'),
(159, 159, 'Трейдинг, Дилинг', 'ru'),
(160, 160, 'Кассовое обслуживание, инкассация', 'ru'),
(161, 161, 'Риски: финансовые', 'ru'),
(162, 162, 'Риски: операционные', 'ru'),
(163, 163, 'Пластиковые карты', 'ru'),
(164, 164, 'Коммерческий банк', 'ru'),
(165, 165, 'Финансовый мониторинг', 'ru'),
(166, 166, 'Работа с проблемными заемщиками', 'ru'),
(167, 167, 'Кредитование малого и среднего бизнеса', 'ru'),
(168, 168, 'Портфельные инвестиции', 'ru'),
(169, 169, 'Рекрутмент', 'ru'),
(170, 170, 'Тренинги', 'ru'),
(171, 171, 'Управление персоналом', 'ru'),
(172, 172, 'Начальный уровень, Мало опыта', 'ru'),
(173, 173, 'Компенсации и льготы', 'ru'),
(174, 174, 'Развитие персонала', 'ru'),
(175, 175, 'Учет кадров', 'ru'),
(176, 176, 'Продажа', 'ru'),
(177, 177, 'Автослесарь', 'ru'),
(178, 178, 'Тонировщик', 'ru'),
(179, 179, 'Начальный уровень /Мало опыта', 'ru'),
(180, 180, 'Автомойщик', 'ru'),
(181, 181, 'Автожестянщик', 'ru'),
(182, 182, 'Автозапчасти', 'ru'),
(183, 183, 'Производство', 'ru'),
(184, 184, 'Прокат, лизинг', 'ru'),
(185, 185, 'Шины, Диски', 'ru'),
(186, 186, 'Сервисное обслуживание', 'ru'),
(187, 187, 'Инкассатор', 'ru'),
(188, 188, 'Экономическая и информационная безопасность', 'ru'),
(189, 189, 'Пожарная безопасность', 'ru'),
(190, 190, 'Личная безопасность', 'ru'),
(191, 191, 'Руководитель СБ', 'ru'),
(192, 192, 'Охранник', 'ru'),
(193, 193, 'Имущественная безопасность', 'ru'),
(194, 194, 'Системы видеонаблюдения', 'ru'),
(195, 195, 'Взыскание задолженности, Коллекторская деятельность', 'ru'),
(196, 196, 'Консультирование', 'ru'),
(197, 197, 'Управление закупками', 'ru'),
(198, 198, 'Управление персоналом, Тренинги', 'ru'),
(199, 199, 'Управление малым бизнесом', 'ru'),
(200, 200, 'Туризм, Гостиницы, Рестораны', 'ru'),
(201, 201, 'Производство, Технология', 'ru'),
(202, 202, 'Транспорт, Логистика', 'ru'),
(203, 203, 'Добыча cырья', 'ru'),
(204, 204, 'Антикризисное управление', 'ru'),
(205, 205, 'Продажи', 'ru'),
(206, 206, 'Администрирование', 'ru'),
(207, 207, 'Строительство, Недвижимость', 'ru'),
(208, 208, 'Наука, Образование', 'ru'),
(209, 209, 'Инвестиции', 'ru'),
(210, 210, 'Медицина, Фармацевтика', 'ru'),
(211, 211, 'Спортивные клубы, Фитнес, Салоны красоты', 'ru'),
(212, 212, 'Страхование', 'ru'),
(213, 213, 'Финансы', 'ru'),
(214, 214, 'Коммерческий Банк', 'ru'),
(215, 215, 'Маркетинг, Реклама, PR', 'ru'),
(216, 216, 'Информационные технологии, Интернет, Мультимедиа', 'ru'),
(217, 217, 'Искусство, Развлечения, Масс-медиа', 'ru'),
(218, 218, 'Юриспруденция', 'ru'),
(219, 219, 'Маркшейдер', 'ru'),
(220, 220, 'Газ', 'ru'),
(221, 221, 'Нефть', 'ru'),
(222, 222, 'Управление предприятием', 'ru'),
(223, 223, 'Геологоразведка', 'ru'),
(224, 224, 'Руда', 'ru'),
(225, 225, 'Начальный уровень, Мало опыта', 'ru'),
(226, 226, 'Бурение', 'ru'),
(227, 227, 'Инженер', 'ru'),
(228, 228, 'Уголь', 'ru'),
(229, 229, 'Музыка', 'ru'),
(230, 230, 'Кино', 'ru'),
(231, 231, 'Телевидение', 'ru'),
(232, 232, 'Мода', 'ru'),
(233, 233, 'Издательская деятельность', 'ru'),
(234, 234, 'Фотография', 'ru'),
(235, 235, 'Казино и игорный бизнес', 'ru'),
(236, 236, 'Литературная, Редакторская деятельность', 'ru'),
(237, 237, 'Журналистика', 'ru'),
(238, 238, 'Прочее', 'ru'),
(239, 239, 'Начальный уровень, Мало опыта', 'ru'),
(240, 240, 'Радио', 'ru'),
(241, 241, 'Пресса', 'ru'),
(242, 242, 'Дизайн, графика, живопись', 'ru'),
(243, 243, 'Реинжиниринг, Аутсорсинг финансовой функции', 'ru'),
(244, 244, 'Реинжиниринг бизнес процессов', 'ru'),
(245, 245, 'Корпоративные финансы', 'ru'),
(246, 246, 'Управление проектами', 'ru'),
(247, 247, 'Управление практикой', 'ru'),
(248, 248, 'Организационное консультирование', 'ru'),
(249, 249, 'Стратегия', 'ru'),
(250, 250, 'Недвижимость', 'ru'),
(251, 251, 'Knowledge management', 'ru'),
(252, 252, 'Информационные технологии', 'ru'),
(253, 253, 'Internet, E-Commerce', 'ru'),
(254, 254, 'Управленческое консультирование', 'ru'),
(255, 255, 'Начальный уровень, Мало опыта', 'ru'),
(256, 256, 'Исследования рынка', 'ru'),
(257, 257, 'PR Consulting', 'ru'),
(258, 258, 'Врач-эксперт', 'ru'),
(259, 259, 'Ветеринария', 'ru'),
(260, 260, 'Клинические исследования', 'ru'),
(261, 261, 'Медицинский советник', 'ru'),
(262, 262, 'Лечащий врач', 'ru'),
(263, 263, 'Медицинский представитель', 'ru'),
(264, 264, 'Маркетинг', 'ru'),
(265, 265, 'Начальный уровень, Мало опыта', 'ru'),
(266, 266, 'Лаборант', 'ru'),
(267, 267, 'Оптика', 'ru'),
(268, 268, 'Провизор', 'ru'),
(269, 269, 'Младший и средний медперсонал', 'ru'),
(270, 270, 'Медицинское оборудование', 'ru'),
(271, 271, 'Лекарственные препараты', 'ru'),
(272, 272, 'Продажи', 'ru'),
(273, 273, 'Регистратура', 'ru'),
(274, 274, 'Дефектолог, Логопед', 'ru'),
(275, 275, 'Производство', 'ru'),
(276, 276, 'Фармацевт', 'ru'),
(277, 277, 'Сертификация', 'ru'),
(278, 278, 'Психология', 'ru'),
(279, 279, 'Экономика, Менеджмент', 'ru'),
(280, 280, 'Инженерные науки', 'ru'),
(281, 281, 'Химия', 'ru'),
(282, 282, 'Науки о Земле', 'ru'),
(283, 283, 'Физика', 'ru'),
(284, 284, 'Начальный уровень, Мало опыта', 'ru'),
(285, 285, 'Математика', 'ru'),
(286, 286, 'Биотехнологии', 'ru'),
(287, 287, 'Информатика, Информационные системы', 'ru'),
(288, 288, 'Языки', 'ru'),
(289, 289, 'Преподавание', 'ru'),
(290, 290, 'Гуманитарные науки', 'ru'),
(291, 291, 'НИИ', 'ru'),
(292, 292, 'Библиотекарь', 'ru'),
(293, 293, 'Общественные организации', 'ru'),
(294, 294, 'Благотворительность', 'ru'),
(295, 295, 'Атташе', 'ru'),
(296, 296, 'Архивариус', 'ru'),
(297, 297, 'Муниципалитет', 'ru'),
(298, 298, 'Правительство', 'ru'),
(299, 299, 'Управление продажами', 'ru'),
(300, 300, 'Оптовая торговля', 'ru'),
(301, 301, 'Бытовая техника', 'ru'),
(302, 302, 'Сантехника', 'ru'),
(303, 303, 'Дилерские сети', 'ru'),
(304, 304, 'Начальный уровень, Мало опыта', 'ru'),
(305, 305, 'Дистрибуция', 'ru'),
(306, 306, 'Торговля биржевыми товарами', 'ru'),
(307, 307, 'Торговый представитель', 'ru'),
(308, 308, 'FMCG, Товары народного потребления', 'ru'),
(309, 309, 'ГСМ, нефть, бензин', 'ru'),
(310, 310, 'Товары для бизнеса', 'ru'),
(311, 311, 'Алкоголь', 'ru'),
(312, 312, 'Решения по автоматизации процессов', 'ru'),
(313, 313, 'Финансовые услуги', 'ru'),
(314, 314, 'Многоуровневый маркетинг', 'ru'),
(315, 315, 'Автомобили, Запчасти', 'ru'),
(316, 316, 'Продавец в магазине', 'ru'),
(317, 317, 'Медицина, Фармацевтика', 'ru'),
(318, 318, 'Станки, тяжелое оборудование', 'ru'),
(319, 319, 'Металлопрокат', 'ru'),
(320, 320, 'Менеджер по работе с клиентами', 'ru'),
(321, 321, 'Телекоммуникации, Сетевые решения', 'ru'),
(322, 322, 'Сертификация', 'ru'),
(323, 323, 'Розничная торговля', 'ru'),
(324, 324, 'Электротехническое оборудование, Светотехника', 'ru'),
(325, 325, 'Торговые сети', 'ru'),
(326, 326, 'Компьютерные программы', 'ru'),
(327, 327, 'Продажи по телефону, Телемаркетинг', 'ru'),
(328, 328, 'Химическая продукция', 'ru'),
(329, 329, 'Компьютерная техника', 'ru'),
(330, 330, 'Прямые продажи', 'ru'),
(331, 331, 'Сельское хозяйство', 'ru'),
(332, 332, 'Строительные материалы', 'ru'),
(333, 333, 'Электроника, фото, видео', 'ru'),
(334, 334, 'Франчайзинг', 'ru'),
(335, 335, 'Текстиль, Одежда, Обувь', 'ru'),
(336, 336, 'Цветные металлы', 'ru'),
(337, 337, 'Продукты питания', 'ru'),
(338, 338, 'Тендеры', 'ru'),
(339, 339, 'Услуги для населения', 'ru'),
(340, 340, 'Системы безопасности', 'ru'),
(341, 341, 'Услуги для бизнеса', 'ru'),
(342, 342, 'Мебель', 'ru'),
(343, 343, 'Клининговые услуги', 'ru'),
(344, 344, 'Главный инженер', 'ru'),
(345, 345, 'Главный агроном', 'ru'),
(346, 346, 'Управление цехом', 'ru'),
(347, 347, 'Нефтепереработка', 'ru'),
(348, 348, 'Охрана труда', 'ru'),
(349, 349, 'Метролог', 'ru'),
(350, 350, 'Закупки и снабжение', 'ru'),
(351, 351, 'Начальный уровень, Мало опыта', 'ru'),
(352, 352, 'Технолог, Производство сахара', 'ru'),
(353, 353, 'Технолог, Производство и переработка зерновых', 'ru'),
(354, 354, 'Технолог', 'ru'),
(355, 355, 'Технолог, Мясо- и птицепереработка', 'ru'),
(356, 356, 'Табачная промышленность', 'ru'),
(357, 357, 'Автомобильная промышленность', 'ru'),
(358, 358, 'Стройматериалы', 'ru'),
(359, 359, 'Авиационная промышленность', 'ru'),
(360, 360, 'Мебельное производство', 'ru'),
(361, 361, 'Машиностроение', 'ru'),
(362, 362, 'Металлургия', 'ru'),
(363, 363, 'Контроль качества', 'ru'),
(364, 364, 'Сертификация', 'ru'),
(365, 365, 'Руководство предприятием', 'ru'),
(366, 366, 'Сельхозпроизводство', 'ru'),
(367, 367, 'Судостроение', 'ru'),
(368, 368, 'Радиоэлектронная промышленность', 'ru'),
(369, 369, 'Легкая промышленность', 'ru'),
(370, 370, 'Деревообработка, Лесная промышленность', 'ru'),
(371, 371, 'Инженер, Мясо- и птицепереработка', 'ru'),
(372, 372, 'Инженер, Производство сахара', 'ru'),
(373, 373, 'Инженер, Производство и переработка зерновых', 'ru'),
(374, 374, 'Энергетик производства', 'ru'),
(375, 375, 'Электроэнергетика', 'ru'),
(376, 376, 'Зоотехник', 'ru'),
(377, 377, 'Химическая промышленность', 'ru'),
(378, 378, 'Эколог', 'ru'),
(379, 379, 'Главный механик', 'ru'),
(380, 380, 'Конструктор', 'ru'),
(381, 381, 'Инженер', 'ru'),
(382, 382, 'Ювелирная промышленность', 'ru'),
(383, 383, 'Фармацевтическая промышленность', 'ru'),
(384, 384, 'Управление проектами', 'ru'),
(385, 385, 'Пищевая промышленность', 'ru'),
(386, 386, 'Полиграфия', 'ru'),
(387, 387, 'Атомная энергетика', 'ru'),
(388, 388, 'Эксперт-оценщик', 'ru'),
(389, 389, 'Агент', 'ru'),
(390, 390, 'Начальный уровень, Мало опыта', 'ru'),
(391, 391, 'Урегулирование убытков', 'ru'),
(392, 392, 'Руководитель направления', 'ru'),
(393, 393, 'Комплексное страхование юридических лиц', 'ru'),
(394, 394, 'Автострахование', 'ru'),
(395, 395, 'Комплексное страхование физических лиц', 'ru'),
(396, 396, 'Страхование ответственности', 'ru'),
(397, 397, 'Страхование жизни', 'ru'),
(398, 398, 'Страхование недвижимости', 'ru'),
(399, 399, 'Страхование бизнеса', 'ru'),
(400, 400, 'Актуарий', 'ru'),
(401, 401, 'Перестрахование', 'ru'),
(402, 402, 'Андеррайтер', 'ru'),
(403, 403, 'Врач-эксперт', 'ru'),
(404, 404, 'Медицинское страхование', 'ru'),
(405, 405, 'Прораб', 'ru'),
(406, 406, 'Гостиницы, Магазины', 'ru'),
(407, 407, 'Оценка', 'ru'),
(408, 408, 'Землеустройство', 'ru'),
(409, 409, 'Водоснабжение и канализация', 'ru'),
(410, 410, 'Отопление, вентиляция и кондиционирование', 'ru'),
(411, 411, 'Управление проектами', 'ru'),
(412, 412, 'Нежилые помещения', 'ru'),
(413, 413, 'Эксплуатация', 'ru'),
(414, 414, 'Рабочие строительных специальностей', 'ru'),
(415, 415, 'Геодезия и картография', 'ru'),
(416, 416, 'Девелопер', 'ru'),
(417, 417, 'Жилье', 'ru'),
(418, 418, 'Дизайн/Оформление', 'ru'),
(419, 419, 'Начальный уровень/Мало опыта', 'ru'),
(420, 420, 'Инженер', 'ru'),
(421, 421, 'Агент', 'ru'),
(422, 422, 'Строительство', 'ru'),
(423, 423, 'Проектирование, Архитектура', 'ru'),
(424, 424, 'Тендеры', 'ru'),
(425, 425, 'ЖКХ', 'ru'),
(426, 426, 'Бизнес-авиация', 'ru'),
(427, 427, 'ВЭД', 'ru'),
(428, 428, 'Гражданская авиация', 'ru'),
(429, 429, 'Начальный уровень, Мало опыта', 'ru'),
(430, 430, 'Закупки, Снабжение', 'ru'),
(431, 431, 'Железнодорожные перевозки', 'ru'),
(432, 432, 'Трубопроводы', 'ru'),
(433, 433, 'Логистика', 'ru'),
(434, 434, 'Контейнерные перевозки', 'ru'),
(435, 435, 'Водитель', 'ru'),
(436, 436, 'Диспетчер', 'ru'),
(437, 437, 'Экспедитор', 'ru'),
(438, 438, 'Морские/Речные перевозки', 'ru'),
(439, 439, 'Таможенное оформление', 'ru'),
(440, 440, 'Рабочий склада', 'ru'),
(441, 441, 'Автоперевозки', 'ru'),
(442, 442, 'Кладовщик', 'ru'),
(443, 443, 'Авиаперевозки', 'ru'),
(444, 444, 'Складское хозяйство', 'ru'),
(445, 445, 'Управление ресторанами, Барами', 'ru'),
(446, 446, 'Официант, Бармен', 'ru'),
(447, 447, 'Гид, Экскурсовод', 'ru'),
(448, 448, 'Оформление виз', 'ru'),
(449, 449, 'Анимация', 'ru'),
(450, 450, 'Организация туристических продуктов', 'ru'),
(451, 451, 'Управление туристическим бизнесом', 'ru'),
(452, 452, 'Управление гостиницами', 'ru'),
(453, 453, 'Организация встреч, Конференций', 'ru'),
(454, 454, 'Начальный уровень, Мало опыта', 'ru'),
(455, 455, 'Размещение, Обслуживание гостей', 'ru'),
(456, 456, 'Швейцар', 'ru'),
(457, 457, 'Хостес', 'ru'),
(458, 458, 'Продажа туристических услуг', 'ru'),
(459, 459, 'Шеф-повар', 'ru'),
(460, 460, 'Авиабилеты', 'ru'),
(461, 461, 'Повар', 'ru'),
(462, 462, 'Бронирование', 'ru'),
(463, 463, 'Персонал кухни', 'ru'),
(464, 464, 'Банкеты', 'ru'),
(465, 465, 'Сомелье', 'ru'),
(466, 466, 'Кейтеринг', 'ru'),
(467, 467, 'Недропользование', 'ru'),
(468, 468, 'Недвижимость', 'ru'),
(469, 469, 'Корпоративное право', 'ru'),
(470, 470, 'Семейное право', 'ru'),
(471, 471, 'Антимонопольное право', 'ru'),
(472, 472, 'Трудовое право', 'ru'),
(473, 473, 'Авторское право', 'ru'),
(474, 474, 'Уголовное право', 'ru'),
(475, 475, 'Законотворчество', 'ru'),
(476, 476, 'Compliance', 'ru'),
(477, 477, 'Взыскание задолженности, Коллекторская деятельность', 'ru'),
(478, 478, 'Земельное право', 'ru'),
(479, 479, 'Регистрация юридических лиц', 'ru'),
(480, 480, 'Начальный уровень, Мало опыта', 'ru'),
(481, 481, 'Договорное право', 'ru'),
(482, 482, 'Морское право', 'ru'),
(483, 483, 'Интеллектуальная собственность', 'ru'),
(484, 484, 'Юрисконсульт', 'ru'),
(485, 485, 'Международное право', 'ru'),
(486, 486, 'Адвокат', 'ru'),
(487, 487, 'Страховое право', 'ru'),
(488, 488, 'Налоговое право', 'ru'),
(489, 489, 'Ценные бумаги, Рынки капитала', 'ru'),
(490, 490, 'Банковское право', 'ru'),
(491, 491, 'Слияния и поглощения', 'ru'),
(492, 492, 'Помощник', 'ru'),
(493, 493, 'Арбитраж', 'ru'),
(494, 494, 'Ногтевой сервис', 'ru'),
(495, 495, 'Тренерский состав', 'ru'),
(496, 496, 'Косметология', 'ru'),
(497, 497, 'Администрация', 'ru'),
(498, 498, 'Продажи', 'ru'),
(499, 499, 'Парикмахер', 'ru'),
(500, 500, 'Массажист', 'ru'),
(501, 501, 'Сервисный инженер', 'ru'),
(502, 502, 'Руководитель сервисного центра', 'ru'),
(503, 503, 'Менеджер по сервису - сетевые и телекоммуникационные технологии', 'ru'),
(504, 504, 'Менеджер по сервису - промышленное оборудование', 'ru'),
(505, 505, 'Менеджер по сервису - транспорт', 'ru'),
(506, 506, 'Инсталляция и настройка оборудования', 'ru'),
(507, 507, 'Управление закупками', 'ru'),
(508, 508, 'Станки, Тяжелое оборудование', 'ru'),
(509, 509, 'Сертификация', 'ru'),
(510, 510, 'Автомобили, Запчасти', 'ru'),
(511, 511, 'Алкоголь', 'ru'),
(512, 512, 'Строительные материалы', 'ru'),
(513, 513, 'ГСМ, нефть, бензин', 'ru'),
(514, 514, 'Компьютерная техника', 'ru'),
(515, 515, 'Металлопрокат', 'ru'),
(516, 516, 'Тендеры', 'ru'),
(517, 517, 'Начальный уровень, Мало опыта', 'ru'),
(518, 518, 'Продукты питания', 'ru'),
(519, 519, 'Фармацевтика', 'ru'),
(520, 520, 'Электроника, фото, видео', 'ru'),
(521, 521, 'Товары для бизнеса', 'ru'),
(522, 522, 'FMCG, Товары народного потребления', 'ru'),
(523, 523, 'Электротехническое оборудование/светотехника', 'ru'),
(524, 524, 'Химическая продукция', 'ru'),
(525, 525, 'Административный персонал', 'ru'),
(526, 526, 'Продажи', 'ru'),
(527, 527, 'Автомобильный бизнес', 'ru'),
(528, 528, 'Консультирование', 'ru'),
(529, 529, 'Управление персоналом', 'ru'),
(530, 530, 'Наука, Образование', 'ru'),
(531, 531, 'Строительство, Архитектура', 'ru'),
(532, 532, 'Медицина, Фармацевтика', 'ru'),
(533, 533, 'Страхование', 'ru'),
(534, 534, 'Производство, Технологии', 'ru'),
(535, 535, 'Туризм, Гостиницы, Рестораны', 'ru'),
(536, 536, 'Финансы, Банки, Инвестиции', 'ru'),
(537, 537, 'Транспорт, Логистика', 'ru'),
(538, 538, 'Маркетинг, Реклама, PR', 'ru'),
(539, 539, 'Добыча сырья', 'ru'),
(540, 540, 'Юристы', 'ru'),
(541, 541, 'Информационные технологии, Интернет, Мультимедиа', 'ru'),
(542, 542, 'Искусство, Развлечения, Масс-медиа', 'ru'),
(543, 543, 'Сиделка', 'ru'),
(544, 544, 'Садовник', 'ru'),
(545, 545, 'Повар', 'ru'),
(546, 546, 'домработницадомработник, Горничная', 'ru'),
(547, 547, 'Персональный водитель', 'ru'),
(548, 548, 'Помощник по хозяйству, Управляющий', 'ru'),
(549, 549, 'Воспитатель, Гувернантка, Няня', 'ru'),
(550, 550, 'Репетитор', 'ru'),
(551, 551, 'Другое', 'ru'),
(552, 552, 'Гардеробщик', 'ru'),
(553, 553, 'Дворник, Уборщик', 'ru'),
(554, 554, 'Дорожные рабочие', 'ru'),
(555, 555, 'Жестянщик', 'ru'),
(556, 556, 'Заправщик картриджей', 'ru'),
(557, 557, 'Комплектовщик, Укладчик-упаковщик', 'ru'),
(558, 558, 'Краснодеревщик', 'ru'),
(559, 559, 'Кузнец', 'ru'),
(560, 560, 'Лифтер', 'ru'),
(561, 561, 'Машинист производства', 'ru'),
(562, 562, 'Машинист сцены', 'ru'),
(563, 563, 'Машинист экскаватора', 'ru'),
(564, 564, 'Механик', 'ru'),
(565, 565, 'Оператор станков', 'ru'),
(566, 566, 'Пастух, Чабан', 'ru'),
(567, 567, 'Наладчик', 'ru'),
(568, 568, 'Шлифовщик', 'ru'),
(569, 569, 'Сантехник', 'ru'),
(570, 570, 'Разнорабочий', 'ru'),
(571, 571, 'Перемотчик', 'ru'),
(572, 572, 'Ювелир', 'ru'),
(573, 573, 'Электромонтер, Кабельщик', 'ru'),
(574, 574, 'Штукатур', 'ru'),
(575, 575, 'Грузчик', 'ru'),
(576, 576, 'Сборщик', 'ru'),
(577, 577, 'Швея', 'ru'),
(578, 578, 'Электрик', 'ru'),
(579, 579, 'Монтажник', 'ru'),
(580, 580, 'Сварщик', 'ru'),
(581, 581, 'Проводник', 'ru'),
(582, 582, 'Столяр', 'ru'),
(583, 583, 'Фасовщик', 'ru'),
(584, 584, 'Токарь, Фрезеровщик', 'ru'),
(585, 585, 'Слесарь', 'ru'),
(586, 586, 'Маляр', 'ru');

-- --------------------------------------------------------

--
-- Table structure for table `odj_user`
--

CREATE TABLE IF NOT EXISTS `odj_user` (
  `id` int(11) NOT NULL AUTO_INCREMENT,
  `company_id` int(11) DEFAULT NULL,
  `image_id` int(11) DEFAULT NULL,
  `username` varchar(255) COLLATE utf8_unicode_ci NOT NULL,
  `username_canonical` varchar(255) COLLATE utf8_unicode_ci NOT NULL,
  `email` varchar(255) COLLATE utf8_unicode_ci NOT NULL,
  `email_canonical` varchar(255) COLLATE utf8_unicode_ci NOT NULL,
  `enabled` tinyint(1) NOT NULL,
  `salt` varchar(255) COLLATE utf8_unicode_ci NOT NULL,
  `password` varchar(255) COLLATE utf8_unicode_ci NOT NULL,
  `last_login` datetime DEFAULT NULL,
  `locked` tinyint(1) NOT NULL,
  `expired` tinyint(1) NOT NULL,
  `expires_at` datetime DEFAULT NULL,
  `confirmation_token` varchar(255) COLLATE utf8_unicode_ci DEFAULT NULL,
  `password_requested_at` datetime DEFAULT NULL,
  `roles` longtext COLLATE utf8_unicode_ci NOT NULL COMMENT '(DC2Type:array)',
  `credentials_expired` tinyint(1) NOT NULL,
  `credentials_expire_at` datetime DEFAULT NULL,
  `first_name` varchar(50) COLLATE utf8_unicode_ci DEFAULT NULL,
  `last_name` varchar(50) COLLATE utf8_unicode_ci DEFAULT NULL,
  `get_news_by_email` tinyint(1) NOT NULL,
  `type` varchar(10) COLLATE utf8_unicode_ci DEFAULT NULL,
  `birthdate` date DEFAULT NULL,
  `balance` int(11) NOT NULL,
  `social_id` varchar(20) COLLATE utf8_unicode_ci DEFAULT NULL,
  PRIMARY KEY (`id`),
  UNIQUE KEY `UNIQ_ACEB78FB92FC23A8` (`username_canonical`),
  UNIQUE KEY `UNIQ_ACEB78FBA0D96FBF` (`email_canonical`),
  UNIQUE KEY `UNIQ_ACEB78FB979B1AD6` (`company_id`),
  UNIQUE KEY `UNIQ_ACEB78FB3DA5256D` (`image_id`)
) ENGINE=InnoDB  DEFAULT CHARSET=utf8 COLLATE=utf8_unicode_ci AUTO_INCREMENT=12 ;

--
-- Dumping data for table `odj_user`
--

INSERT INTO `odj_user` (`id`, `company_id`, `image_id`, `username`, `username_canonical`, `email`, `email_canonical`, `enabled`, `salt`, `password`, `last_login`, `locked`, `expired`, `expires_at`, `confirmation_token`, `password_requested_at`, `roles`, `credentials_expired`, `credentials_expire_at`, `first_name`, `last_name`, `get_news_by_email`, `type`, `birthdate`, `balance`, `social_id`) VALUES
(1, 2, NULL, 'mail@google.com', 'mail@google.com', 'mail@google.com', 'mail@google.com', 1, '6cwtsz7m4kwskow4o4gsscocgscgw4g', 'b4i/GmdD3rk/BdRGn3mDu+Yl/BWnoAj9mZfn3BXuuXf3lNyKL81VeeGE71XaoD30xaxVg/c/pBZG/+WLItPirA==', '2015-08-15 15:12:13', 0, 0, NULL, 'PydzqPi0Jkryn0EyWw07SmehoaXW0Xa8Dsc4apmCiHs', NULL, 'a:0:{}', 0, NULL, 'employer', 'employer', 1, 'employer', '1990-03-21', 14000, NULL),
(2, NULL, NULL, 'mail@mail.com', 'mail@mail.com', 'mail@mail.com', 'mail@mail.com', 1, 'p6ucs1gvu2sk8cs0808s08oc4g0kc44', '1m0dPdzvdriUfILIxhb+rqRzrgrJbllttYYyFRF3L9rtuOGaBzvFpfFQBoORZuI4/0qSCd7potjLvizMYYLhDg==', '2015-08-15 15:11:53', 0, 0, NULL, '0t2TvXtMrpg8kd12a-8Vgy4cs7JTFLsJD3A-fpopeW4', '2015-08-04 11:26:07', 'a:0:{}', 0, NULL, 'employee', 'employee', 0, 'employee', NULL, 20000, NULL),
(5, NULL, NULL, 'a.sarybaev@yandex.com', 'a.sarybaev@yandex.com', 'a.sarybaev@yandex.com', 'a.sarybaev@yandex.com', 1, '11s4b14ktfaoo4004kksok8ssg008gc', 'KyJUjj1rysetKXLjJvlnRhDAiMGeVkOJ4NXAsteTqvORAtlBvoolOXjD7Kl+SqjPb6jYa2GGI0DdtL/iKR/k+w==', '2015-08-13 14:10:07', 0, 0, NULL, NULL, NULL, 'a:0:{}', 0, NULL, 'Ахмад', 'Сарыбаев', 0, 'employer', NULL, 0, NULL),
(11, NULL, NULL, 'sarybaev.a@inbox.ru', 'sarybaev.a@inbox.ru', 'sarybaev.a@inbox.ru', 'sarybaev.a@inbox.ru', 1, '8s022tn41zwgswgsg4oswsc084gcw4o', 'F9LHxydyBjyQ6HqNSZYjKf5YAd6riw6atp3A0LM28igMb7/QKfP2L7NAgWi2zYRvBsbqmTNq4cbos8wpiLg4jg==', '2015-08-16 22:36:08', 0, 0, NULL, NULL, NULL, 'a:0:{}', 0, NULL, '2', '2', 0, 'employee', NULL, 0, NULL);

-- --------------------------------------------------------

--
-- Table structure for table `odj_vacancy`
--

CREATE TABLE IF NOT EXISTS `odj_vacancy` (
  `id` int(11) NOT NULL AUTO_INCREMENT,
  `company_id` int(11) DEFAULT NULL,
  `country_id` int(11) DEFAULT NULL,
  `city_id` int(11) DEFAULT NULL,
  `branch_id` int(11) DEFAULT NULL,
  `specialization_id` int(11) DEFAULT NULL,
  `title` varchar(200) COLLATE utf8_unicode_ci NOT NULL,
  `employment` smallint(6) NOT NULL,
  `work_experience` smallint(6) NOT NULL,
  `education` smallint(6) NOT NULL,
  `duty` longtext COLLATE utf8_unicode_ci NOT NULL,
  `skill` longtext COLLATE utf8_unicode_ci NOT NULL,
  `salary_per_month` int(11) NOT NULL,
  `salary_per_day` int(11) NOT NULL,
  `currency` varchar(3) COLLATE utf8_unicode_ci NOT NULL,
  `created` datetime NOT NULL,
  `up` datetime DEFAULT NULL,
  `vip` datetime DEFAULT NULL,
  `urgent` datetime DEFAULT NULL,
  `views` int(11) DEFAULT NULL,
  `extra` longtext COLLATE utf8_unicode_ci,
  `term` smallint(6) DEFAULT NULL,
  `responses` smallint(6) NOT NULL,
  PRIMARY KEY (`id`),
  KEY `IDX_1B42E8B979B1AD6` (`company_id`),
  KEY `IDX_1B42E8BF92F3E70` (`country_id`),
  KEY `IDX_1B42E8B8BAC62AF` (`city_id`),
  KEY `IDX_1B42E8BDCD6CC49` (`branch_id`),
  KEY `IDX_1B42E8BFA846217` (`specialization_id`)
) ENGINE=InnoDB  DEFAULT CHARSET=utf8 COLLATE=utf8_unicode_ci AUTO_INCREMENT=6 ;

--
-- Dumping data for table `odj_vacancy`
--

INSERT INTO `odj_vacancy` (`id`, `company_id`, `country_id`, `city_id`, `branch_id`, `specialization_id`, `title`, `employment`, `work_experience`, `education`, `duty`, `skill`, `salary_per_month`, `salary_per_day`, `currency`, `created`, `up`, `vip`, `urgent`, `views`, `extra`, `term`, `responses`) VALUES
(3, 2, 230, 2964, 2, 2, 'Менеджер по персоналу', 1, 3, 4, 'Подбор среднего и высшего звена, линейного персонала Проведение и анализ собеседований Согласование сроков прохождения собеседований Адаптация и мотивация персонала Работа со СМИ Мониторинг рынка труда Ведение отчетности по набору персонала Частичное КДП Участие..', 'Уверенный пользователь ПК; Знание различных технологий поиска и оценки персонала; Активность, высокая работоспособность, ответственность Опыт работы в подборе от 1 года', 5000, 500, 'rub', '2015-05-13 13:46:11', '2015-07-23 00:00:00', NULL, '2015-10-21 00:00:00', 80, 'Уверенный пользователь ПК; Знание различных технологий поиска и оценки персонала; Активность, высокая работоспособность, ответственность Опыт работы в подборе от 1 года', 0, 0),
(5, 2, 230, 2964, 8, 191, 'Дизайнер', 1, 4, 2, 'Разработка концепции, креативный дизайн, верстка рекламных материалов (каталоги, буклеты, проспекты и т.д.) дизайн рекламно-сувенирной продукции; цветокоррекция; разработка баннеров; обработка фото для рекламы; поддержание фирменного стиля; prepress; web-дизайн', 'Опыт работы в сегменте Luxury или в глянцевых журналах от 3 лет; знание ПК, графических программных пакетов Adobe (Protoshop, InDesign, Illustrator), Acrobat Reader, Corel Drew; знание академических основ композиции; опыт регулярного дизайна и верстки брошюр', 1000, 100, 'usd', '2015-05-13 13:50:16', '2015-06-08 00:00:00', '2015-06-02 00:00:00', '2015-08-29 00:00:00', 145, 'Уверенный пользователь ПК; Знание различных технологий поиска и оценки персонала; Активность, высокая работоспособность, ответственность Опыт работы в подборе от 1 года', 0, 0);

--
-- Constraints for dumped tables
--

--
-- Constraints for table `obj_resume_language`
--
ALTER TABLE `obj_resume_language`
  ADD CONSTRAINT `FK_BA9119E082F1BAF4` FOREIGN KEY (`language_id`) REFERENCES `odj_language` (`id`) ON DELETE CASCADE,
  ADD CONSTRAINT `FK_BA9119E0D262AF09` FOREIGN KEY (`resume_id`) REFERENCES `odj_resume` (`id`) ON DELETE CASCADE;

--
-- Constraints for table `odj_branch_translation`
--
ALTER TABLE `odj_branch_translation`
  ADD CONSTRAINT `FK_7DC84B212C2AC5D3` FOREIGN KEY (`translatable_id`) REFERENCES `odj_branch` (`id`) ON DELETE CASCADE;

--
-- Constraints for table `odj_city`
--
ALTER TABLE `odj_city`
  ADD CONSTRAINT `FK_C23AC86F92F3E70` FOREIGN KEY (`country_id`) REFERENCES `odj_country` (`id`);

--
-- Constraints for table `odj_city_translation`
--
ALTER TABLE `odj_city_translation`
  ADD CONSTRAINT `FK_DC175ED92C2AC5D3` FOREIGN KEY (`translatable_id`) REFERENCES `odj_city` (`id`) ON DELETE CASCADE;

--
-- Constraints for table `odj_company`
--
ALTER TABLE `odj_company`
  ADD CONSTRAINT `FK_E73F4B793DA5256D` FOREIGN KEY (`image_id`) REFERENCES `odj_image` (`id`) ON DELETE SET NULL,
  ADD CONSTRAINT `FK_E73F4B798BAC62AF` FOREIGN KEY (`city_id`) REFERENCES `odj_city` (`id`);

--
-- Constraints for table `odj_country_translation`
--
ALTER TABLE `odj_country_translation`
  ADD CONSTRAINT `FK_6DB7759B2C2AC5D3` FOREIGN KEY (`translatable_id`) REFERENCES `odj_country` (`id`) ON DELETE CASCADE;

--
-- Constraints for table `odj_education`
--
ALTER TABLE `odj_education`
  ADD CONSTRAINT `FK_CAC4479BD262AF09` FOREIGN KEY (`resume_id`) REFERENCES `odj_resume` (`id`);

--
-- Constraints for table `odj_experience`
--
ALTER TABLE `odj_experience`
  ADD CONSTRAINT `FK_A81F62ED262AF09` FOREIGN KEY (`resume_id`) REFERENCES `odj_resume` (`id`);

--
-- Constraints for table `odj_favorite_company`
--
ALTER TABLE `odj_favorite_company`
  ADD CONSTRAINT `FK_5921A298979B1AD6` FOREIGN KEY (`company_id`) REFERENCES `odj_company` (`id`),
  ADD CONSTRAINT `FK_5921A298A76ED395` FOREIGN KEY (`user_id`) REFERENCES `odj_user` (`id`);

--
-- Constraints for table `odj_favorite_resume`
--
ALTER TABLE `odj_favorite_resume`
  ADD CONSTRAINT `FK_92A5427FA76ED395` FOREIGN KEY (`user_id`) REFERENCES `odj_user` (`id`) ON DELETE CASCADE,
  ADD CONSTRAINT `FK_92A5427FD262AF09` FOREIGN KEY (`resume_id`) REFERENCES `odj_resume` (`id`) ON DELETE CASCADE;

--
-- Constraints for table `odj_favorite_vacancy`
--
ALTER TABLE `odj_favorite_vacancy`
  ADD CONSTRAINT `FK_BFAAC76A433B78C4` FOREIGN KEY (`vacancy_id`) REFERENCES `odj_vacancy` (`id`) ON DELETE CASCADE,
  ADD CONSTRAINT `FK_BFAAC76AA76ED395` FOREIGN KEY (`user_id`) REFERENCES `odj_user` (`id`) ON DELETE CASCADE;

--
-- Constraints for table `odj_response_vacancy`
--
ALTER TABLE `odj_response_vacancy`
  ADD CONSTRAINT `FK_49442F7A433B78C4` FOREIGN KEY (`vacancy_id`) REFERENCES `odj_vacancy` (`id`) ON DELETE CASCADE,
  ADD CONSTRAINT `FK_49442F7AA76ED395` FOREIGN KEY (`user_id`) REFERENCES `odj_user` (`id`) ON DELETE CASCADE;

--
-- Constraints for table `odj_resume`
--
ALTER TABLE `odj_resume`
  ADD CONSTRAINT `FK_875CB30D3DA5256D` FOREIGN KEY (`image_id`) REFERENCES `odj_image` (`id`) ON DELETE SET NULL,
  ADD CONSTRAINT `FK_875CB30D8BAC62AF` FOREIGN KEY (`city_id`) REFERENCES `odj_city` (`id`),
  ADD CONSTRAINT `FK_875CB30DA76ED395` FOREIGN KEY (`user_id`) REFERENCES `odj_user` (`id`),
  ADD CONSTRAINT `FK_875CB30DDCD6CC49` FOREIGN KEY (`branch_id`) REFERENCES `odj_branch` (`id`) ON DELETE SET NULL;

--
-- Constraints for table `odj_specialization`
--
ALTER TABLE `odj_specialization`
  ADD CONSTRAINT `FK_2EC3481D727ACA70` FOREIGN KEY (`parent_id`) REFERENCES `odj_branch` (`id`);

--
-- Constraints for table `odj_specialization_translation`
--
ALTER TABLE `odj_specialization_translation`
  ADD CONSTRAINT `FK_CD530FBA2C2AC5D3` FOREIGN KEY (`translatable_id`) REFERENCES `odj_specialization` (`id`) ON DELETE CASCADE;

--
-- Constraints for table `odj_user`
--
ALTER TABLE `odj_user`
  ADD CONSTRAINT `FK_ACEB78FB3DA5256D` FOREIGN KEY (`image_id`) REFERENCES `odj_image` (`id`) ON DELETE SET NULL,
  ADD CONSTRAINT `FK_ACEB78FB979B1AD6` FOREIGN KEY (`company_id`) REFERENCES `odj_company` (`id`);

--
-- Constraints for table `odj_vacancy`
--
ALTER TABLE `odj_vacancy`
  ADD CONSTRAINT `FK_1B42E8B8BAC62AF` FOREIGN KEY (`city_id`) REFERENCES `odj_city` (`id`),
  ADD CONSTRAINT `FK_1B42E8B979B1AD6` FOREIGN KEY (`company_id`) REFERENCES `odj_company` (`id`),
  ADD CONSTRAINT `FK_1B42E8BDCD6CC49` FOREIGN KEY (`branch_id`) REFERENCES `odj_branch` (`id`),
  ADD CONSTRAINT `FK_1B42E8BF92F3E70` FOREIGN KEY (`country_id`) REFERENCES `odj_country` (`id`),
  ADD CONSTRAINT `FK_1B42E8BFA846217` FOREIGN KEY (`specialization_id`) REFERENCES `odj_specialization` (`id`);

/*!40101 SET CHARACTER_SET_CLIENT=@OLD_CHARACTER_SET_CLIENT */;
/*!40101 SET CHARACTER_SET_RESULTS=@OLD_CHARACTER_SET_RESULTS */;
/*!40101 SET COLLATION_CONNECTION=@OLD_COLLATION_CONNECTION */;
